Terminal AS/ID	Terminal AS/label	Terminal AS/user_label	CL Name	References/ID	References/DOI
UBERON:0008198	nail plate	Nail plate	Keratinocyte (Onychocyte)	PMID: 15327543. ; PMID: 15327543. ; PMID: 15327543. ; PMID: 15327543.	DOI: 10.1111/j.1365-2133.2004.06108.x ; DOI: 10.1111/j.1365-2133.2004.06108.x ; DOI: 10.1111/j.1365-2133.2004.06108.x ; DOI: 10.1111/j.1365-2133.2004.06108.x
UBERON:0002067	dermis	Dermis	perineurial cells	PMID: 3434224. ; PMID: 3434224. ; PMID: 12692193.	DOI: 10.1007/BF00687077 ; DOI: 10.1007/BF00687077 ; DOI: 10.1097/01.MP.0000062654.83617.B7
UBERON:0002072	hypodermis	Subcutaneous	Perineural cell	PMID: 3434224. ; PMID: 3434224. ; PMID: 12692193.	DOI: 10.1007/BF00687077 ; DOI: 10.1007/BF00687077 ; DOI: 10.1097/01.MP.0000062654.83617.B7
