row_number	s	slabel	user_slabel	o	olabel	user_olabel	deltaIC
456	CL:0001035	bone cell	bone cell	UBERON:1200046	fossa for lacrimal sac of lacrimal bone	fossa for lacrimal sac of lacrimal bone	46.005487944655
374	CL:0001035	bone cell	bone cell	UBERON:1200170	perpendicular plate of ethmoid bone	perpendicular plate of ethmoid bone	46.005487944655
770	CL:0001035	bone cell	bone cell	UBERON:1200241	superior articular facet of seventh cervical vertebra	superior articular facet of seventh cervical vertebra	46.005487944655
393	CL:0001035	bone cell	bone cell	UBERON:1200108	inferior nuchal line of squamous part of occipital bone	inferior nuchal line of squamous part of occipital bone	46.005487944655
394	CL:0001035	bone cell	bone cell	UBERON:1200116	internal occipital protuberance of squamous part of occipital bone	internal occipital protuberance of squamous part of occipital bone	46.005487944655
775	CL:0001035	bone cell	bone cell	UBERON:1200287	vertebra prominens of seventh cervical vertebra	vertebra prominens of seventh cervical vertebra	46.005487944655
776	CL:0001035	bone cell	bone cell	UBERON:1200302	vertebral arch of seventh cervical vertebra	vertebral arch of seventh cervical vertebra	46.005487944655
198	CL:0001035	bone cell	bone cell	UBERON:1200068	head of second distal phalanx of foot	head of second distal phalanx of foot	46.005487944655
547	CL:0001035	bone cell	bone cell	UBERON:1200220	sternal end of twelfth rib	sternal end of twelfth rib	46.005487944655
397	CL:0001035	bone cell	bone cell	UBERON:1200254	superior nuchal line of squamous part of occipital bone	superior nuchal line of squamous part of occipital bone	46.005487944655
545	CL:0001035	bone cell	bone cell	UBERON:1200041	facet of twelfth rib	facet of twelfth rib	46.005487944655
544	CL:0001035	bone cell	bone cell	UBERON:1200029	costal groove of twelfth rib	costal groove of twelfth rib	46.005487944655
786	CL:0001035	bone cell	bone cell	UBERON:1200130	mammillary process of first lumbar vertebra	mammillary process of first lumbar vertebra	46.005487944655
193	CL:0001035	bone cell	bone cell	UBERON:1200018	base of first distal phalanx of foot	base of first distal phalanx of foot	46.005487944655
399	CL:0001035	bone cell	bone cell	UBERON:1200052	granula foveaolae of parietal bone	granula foveaolae of parietal bone	46.005487944655
789	CL:0001035	bone cell	bone cell	UBERON:1200232	superior articular facet of first lumbar vertebra	superior articular facet of first lumbar vertebra	46.005487944655
400	CL:0001035	bone cell	bone cell	UBERON:1200056	groove for middle meningeal a. of parietal bone	groove for middle meningeal a. of parietal bone	46.005487944655
190	CL:0001035	bone cell	bone cell	UBERON:1200055	groove for fibularis longus tendon of cuboid	groove for fibularis longus tendon of cuboid	46.005487944655
401	CL:0001035	bone cell	bone cell	UBERON:1200063	groove for superior sagittal sinus of parietal bone	groove for superior sagittal sinus of parietal bone	46.005487944655
188	CL:0001035	bone cell	bone cell	UBERON:1200262	sustentaculum tali of calcaneus	sustentaculum tali of calcaneus	46.005487944655
793	CL:0001035	bone cell	bone cell	UBERON:1200293	vertebral arch of first lumbar vertebra	vertebral arch of first lumbar vertebra	46.005487944655
391	CL:0001035	bone cell	bone cell	UBERON:1200065	groove for transverse sinus of squamous part of occipital bone	groove for transverse sinus of squamous part of occipital bone	46.005487944655
764	CL:0001035	bone cell	bone cell	UBERON:1200095	inferior articular facet of seventh cervical vertebra	inferior articular facet of seventh cervical vertebra	46.005487944655
556	CL:0001035	bone cell	bone cell	UBERON:1200154	non-articular facet of tubercle of second rib	non-articular facet of tubercle of second rib	46.005487944655
740	CL:0001035	bone cell	bone cell	UBERON:1200228	superior articular facet of fifth cervical vertebra	superior articular facet of fifth cervical vertebra	46.005487944655
725	CL:0001035	bone cell	bone cell	UBERON:1200234	superior articular facet of fourth cervical vertebra	superior articular facet of fourth cervical vertebra	46.005487944655
376	CL:0001035	bone cell	bone cell	UBERON:0005920	superior nasal concha	superior nasal concha of ethmoid bone	46.005487944655
730	CL:0001035	bone cell	bone cell	UBERON:1200295	vertebral arch of fourth cervical vertebra	vertebral arch of fourth cervical vertebra	46.005487944655
378	CL:0001035	bone cell	bone cell	UBERON:1200047	frontal crest of frontal bone	frontal crest of frontal bone	46.005487944655
734	CL:0001035	bone cell	bone cell	UBERON:1200086	inferior articular facet of fifth cervical vertebra	inferior articular facet of fifth cervical vertebra	46.005487944655
570	CL:0001035	bone cell	bone cell	UBERON:1200219	sternal end of third rib	sternal end of third rib	46.005487944655
569	CL:0001035	bone cell	bone cell	UBERON:1200158	non-articular facet of tubercle of third rib	non-articular facet of tubercle of third rib	46.005487944655
380	CL:0001035	bone cell	bone cell	UBERON:1200048	glabella of frontal bone	glabella of frontal bone	46.005487944655
381	CL:0001035	bone cell	bone cell	UBERON:1200062	groove for superior sagittal sinus of frontal bone	groove for superior sagittal sinus of frontal bone	46.005487944655
389	CL:0001035	bone cell	bone cell	UBERON:0013469	external occipital protuberance	external occipital protuberance of squamous part of occipital bone	46.005487944655
382	CL:0001035	bone cell	bone cell	UBERON:1200120	lacrimal fossa of frontal bone	lacrimal fossa of frontal bone	46.005487944655
745	CL:0001035	bone cell	bone cell	UBERON:1200290	vertebral arch of fifth cervical vertebra	vertebral arch of fifth cervical vertebra	46.005487944655
384	CL:0001035	bone cell	bone cell	UBERON:1200225	supercilary arch of frontal bone	supercilary arch of frontal bone	46.005487944655
749	CL:0001035	bone cell	bone cell	UBERON:1200097	inferior articular facet of sixth cervical vertebra	inferior articular facet of sixth cervical vertebra	46.005487944655
386	CL:0001035	bone cell	bone cell	UBERON:1200260	supraorbital notch or foramen of frontal bone	supraorbital notch or foramen of frontal bone	46.005487944655
755	CL:0001035	bone cell	bone cell	UBERON:1200243	superior articular facet of sixth cervical vertebra	superior articular facet of sixth cervical vertebra	46.005487944655
557	CL:0001035	bone cell	bone cell	UBERON:1200215	sternal end of second rib	sternal end of second rib	46.005487944655
760	CL:0001035	bone cell	bone cell	UBERON:1200304	vertebral arch of sixth cervical vertebra	vertebral arch of sixth cervical vertebra	46.005487944655
541	CL:0001035	bone cell	bone cell	UBERON:1200210	sternal end of eleventh rib	sternal end of eleventh rib	46.005487944655
539	CL:0001035	bone cell	bone cell	UBERON:1200038	facet of eleventh rib	facet of eleventh rib	46.005487944655
185	CL:0001035	bone cell	bone cell	UBERON:1200141	medial process of tuberosity of calcaneus	medial process of tuberosity of calcaneus	46.005487944655
850	CL:0001035	bone cell	bone cell	UBERON:1200129	mammillary process of fifth lumbar vertebra	mammillary process of fifth lumbar vertebra	46.005487944655
157	CL:0001035	bone cell	bone cell	UBERON:1200005	acromial process of scapula	acromial process of scapula	46.005487944655
818	CL:0001035	bone cell	bone cell	UBERON:1200133	mammillary process of third lumbar vertebra	mammillary process of third lumbar vertebra	46.005487944655
821	CL:0001035	bone cell	bone cell	UBERON:1200247	superior articular facet of third lumbar vertebra	superior articular facet of third lumbar vertebra	46.005487944655
825	CL:0001035	bone cell	bone cell	UBERON:1200308	vertebral arch of third lumbar vertebra	vertebral arch of third lumbar vertebra	46.005487944655
144	CL:0001035	bone cell	bone cell	UBERON:1200197	scaphoid tubercle of scaphoid	scaphoid tubercle of scaphoid	46.005487944655
834	CL:0001035	bone cell	bone cell	UBERON:1200131	mammillary process of fourth lumbar vertebra	mammillary process of fourth lumbar vertebra	46.005487944655
837	CL:0001035	bone cell	bone cell	UBERON:1200235	superior articular facet of fourth lumbar vertebra	superior articular facet of fourth lumbar vertebra	46.005487944655
841	CL:0001035	bone cell	bone cell	UBERON:1200296	vertebral arch of fourth lumbar vertebra	vertebral arch of fourth lumbar vertebra	46.005487944655
853	CL:0001035	bone cell	bone cell	UBERON:1200229	superior articular facet of fifth lumbar vertebra	superior articular facet of fifth lumbar vertebra	46.005487944655
163	CL:0001035	bone cell	bone cell	UBERON:1200112	infraspinous fossa of scapula	infraspinous fossa of scapula	46.005487944655
857	CL:0001035	bone cell	bone cell	UBERON:1200291	vertebral arch of fifth lumbar vertebra	vertebral arch of fifth lumbar vertebra	46.005487944655
862	CL:0001035	bone cell	bone cell	UBERON:1200006	alae of sacrum	alae of sacrum	46.005487944655
126	CL:0001035	bone cell	bone cell	UBERON:1200202	shaft of first proximal phalanx of hand	shaft of first proximal phalanx of hand	46.005487944655
863	CL:0001035	bone cell	bone cell	UBERON:1200011	anterior sacral foramina of sacrum	anterior sacral foramina of sacrum	46.005487944655
865	CL:0001035	bone cell	bone cell	UBERON:1200114	intermediate sacral crest of sacrum	intermediate sacral crest of sacrum	46.005487944655
866	CL:0001035	bone cell	bone cell	UBERON:1200125	lateral sacral crest of sacrum	lateral sacral crest of sacrum	46.005487944655
124	CL:0001035	bone cell	bone cell	UBERON:1200021	base of first proximal phalanx of hand	base of first proximal phalanx of hand	46.005487944655
867	CL:0001035	bone cell	bone cell	UBERON:1200127	linea terminalis of sacrum	linea terminalis of sacrum	46.005487944655
162	CL:0001035	bone cell	bone cell	UBERON:1200110	infraglenoid tubercle of scapula	infraglenoid tubercle of scapula	46.005487944655
166	CL:0001035	bone cell	bone cell	UBERON:0018667	neck of scapula	scapular neck of scapula	46.005487944655
184	CL:0001035	bone cell	bone cell	UBERON:1200123	lateral process of tuberosity of calcaneus	lateral process of tuberosity of calcaneus	46.005487944655
178	CL:0001035	bone cell	bone cell	UBERON:1200015	articular surface for cuboid bone of calcaneus	articular surface for cuboid bone of calcaneus	46.005487944655
404	CL:0001035	bone cell	bone cell	UBERON:0013463	temporal fossa	temporal fossa of parietal bone	46.005487944655
183	CL:0001035	bone cell	bone cell	UBERON:1200064	groove for tendon of flexor hallucis longus muscle of calcaneus	groove for tendon of flexor hallucis longus muscle of calcaneus	46.005487944655
182	CL:0001035	bone cell	bone cell	UBERON:1200044	fibular trochlea of calcaneus	fibular trochlea of calcaneus	46.005487944655
802	CL:0001035	bone cell	bone cell	UBERON:1200132	mammillary process of second lumbar vertebra	mammillary process of second lumbar vertebra	46.005487944655
595	CL:0001035	bone cell	bone cell	UBERON:1200150	non-articular facet of tubercle of fifth rib	non-articular facet of tubercle of fifth rib	46.005487944655
534	CL:0001035	bone cell	bone cell	UBERON:1200218	sternal end of tenth rib	sternal end of tenth rib	46.005487944655
179	CL:0001035	bone cell	bone cell	UBERON:1200022	body of calcaneus	body of calcaneus	46.005487944655
406	CL:0001035	bone cell	bone cell	UBERON:1200009	anterior clinoid process of sphenoid bone	anterior clinoid process of sphenoid bone	46.005487944655
805	CL:0001035	bone cell	bone cell	UBERON:1200239	superior articular facet of second lumbar vertebra	superior articular facet of second lumbar vertebra	46.005487944655
167	CL:0001035	bone cell	bone cell	UBERON:1200198	scapular notch of scapula	scapular notch of scapula	46.005487944655
533	CL:0001035	bone cell	bone cell	UBERON:1200157	non-articular facet of tubercle of tenth rib	non-articular facet of tubercle of tenth rib	46.005487944655
407	CL:0001035	bone cell	bone cell	UBERON:1200024	body of sphenoid bone	body of sphenoid bone	46.005487944655
809	CL:0001035	bone cell	bone cell	UBERON:1200300	vertebral arch of second lumbar vertebra	vertebral arch of second lumbar vertebra	46.005487944655
408	CL:0001035	bone cell	bone cell	UBERON:1200033	dorsum sellae of sphenoid bone	dorsum sellae of sphenoid bone	46.005487944655
173	CL:0001035	bone cell	bone cell	UBERON:1200261	supraspinous fossa of scapula	supraspinous fossa of scapula	46.005487944655
170	CL:0001035	bone cell	bone cell	UBERON:0007176	superior angle of scapula	superior angle of scapula	46.005487944655
169	CL:0001035	bone cell	bone cell	UBERON:4200038	subscapular fossa	subscapular fossa of scapula	46.005487944655
168	CL:0001035	bone cell	bone cell	UBERON:1200199	scapular spine of scapula	scapular spine of scapula	46.005487944655
375	CL:0001035	bone cell	bone cell	UBERON:0018654	posterior ethmoidal foramen	posterior ethmoidal foramen of ethmoid bone	46.005487944655
373	CL:0001035	bone cell	bone cell	UBERON:1200164	olfactory foramina of ethmoid bone	olfactory foramina of ethmoid bone	46.005487944655
869	CL:0001035	bone cell	bone cell	UBERON:1200175	posterior sacral foramina of sacrum	posterior sacral foramina of sacrum	46.005487944655
719	CL:0001035	bone cell	bone cell	UBERON:1200090	inferior articular facet of fourth cervical vertebra	inferior articular facet of fourth cervical vertebra	46.005487944655
596	CL:0001035	bone cell	bone cell	UBERON:1200211	sternal end of fifth rib	sternal end of fifth rib	46.005487944655
321	CL:0001035	bone cell	bone cell	UBERON:7500062	tibial tuberosity	tibial tuberosity of tibia	46.005487944655
320	CL:0001035	bone cell	bone cell	UBERON:1200264	tibial plateau of tibia	tibial plateau of tibia	46.005487944655
319	CL:0001035	bone cell	bone cell	UBERON:1200205	soleal line of tibia	soleal line of tibia	46.005487944655
317	CL:0001035	bone cell	bone cell	UBERON:1200140	medial malleolus of tibia	medial malleolus of tibia	46.005487944655
316	CL:0001035	bone cell	bone cell	UBERON:0009990	medial condyle of tibia	medial condyle of tibia	46.005487944655
314	CL:0001035	bone cell	bone cell	UBERON:1200117	interosseus border of tibia	interosseus border of tibia	46.005487944655
312	CL:0001035	bone cell	bone cell	UBERON:1200043	fibular notch of tibia	fibular notch of tibia	46.005487944655
311	CL:0001035	bone cell	bone cell	UBERON:1200042	fibular facet of tibia	fibular facet of tibia	46.005487944655
310	CL:0001035	bone cell	bone cell	UBERON:1200013	anterolateral tubercle of tibia	anterolateral tubercle of tibia	46.005487944655
306	CL:0001035	bone cell	bone cell	UBERON:0018673	neck of fibula	neck of fibula	46.005487944655
298	CL:0001035	bone cell	bone cell	UBERON:1200167	pectinal line of femur	pectinal line of femur	46.005487944655
295	CL:0001035	bone cell	bone cell	UBERON:0009987	medial epicondyle of femur	medial epicondyle of femur	46.005487944655
287	CL:0001035	bone cell	bone cell	UBERON:1200113	intercondylar notch of femur	intercondylar notch of femur	46.005487944655
283	CL:0001035	bone cell	bone cell	UBERON:1200051	gluteal tuberosity of femur	gluteal tuberosity of femur	46.005487944655
608	CL:0001035	bone cell	bone cell	UBERON:1200156	non-articular facet of tubercle of sixth rib	non-articular facet of tubercle of sixth rib	46.005487944655
609	CL:0001035	bone cell	bone cell	UBERON:1200217	sternal end of sixth rib	sternal end of sixth rib	46.005487944655
621	CL:0001035	bone cell	bone cell	UBERON:1200155	non-articular facet of tubercle of seventh rib	non-articular facet of tubercle of seventh rib	46.005487944655
622	CL:0001035	bone cell	bone cell	UBERON:1200216	sternal end of seventh rib	sternal end of seventh rib	46.005487944655
327	CL:0001035	bone cell	bone cell	UBERON:1200010	anterior gluteal line of ilium of os coxa	anterior gluteal line of ilium of os coxa	46.005487944655
328	CL:0001035	bone cell	bone cell	UBERON:0013709	anterior inferior iliac spine	anterior inferior iliac spine of ilium of os coxa	46.005487944655
329	CL:0001035	bone cell	bone cell	UBERON:0013708	anterior superior iliac spine	anterior superior iliac spine of ilium of os coxa	46.005487944655
348	CL:0001035	bone cell	bone cell	UBERON:1200160	obturator groove of pubis of os coxa	obturator groove of pubis of os coxa	46.005487944655
356	CL:0001035	bone cell	bone cell	UBERON:1200185	pubic tubercle of pubis of os coxa	pubic tubercle of pubis of os coxa	46.005487944655
360	CL:0001035	bone cell	bone cell	UBERON:1200076	hyoid region bone	hyoid region bone	46.005487944655
354	CL:0001035	bone cell	bone cell	UBERON:1200183	pubic crest of pubis of os coxa	pubic crest of pubis of os coxa	46.005487944655
353	CL:0001035	bone cell	bone cell	UBERON:1200182	pubic body of pubis of os coxa	pubic body of pubis of os coxa	46.005487944655
352	CL:0001035	bone cell	bone cell	UBERON:0013710	posterior superior iliac spine	posterior superior iliac spine of ilium of os coxa	46.005487944655
351	CL:0001035	bone cell	bone cell	UBERON:0013711	posterior inferior iliac spine	posterior inferior iliac spine of ilium of os coxa	46.005487944655
350	CL:0001035	bone cell	bone cell	UBERON:1200174	posterior gluteal line of ilium of os coxa	posterior gluteal line of ilium of os coxa	46.005487944655
349	CL:0001035	bone cell	bone cell	UBERON:1200166	pecten pubis of pubis of os coxa	pecten pubis of pubis of os coxa	46.005487944655
346	CL:0001035	bone cell	bone cell	UBERON:1200128	lunate surface of os coxa	lunate surface of os coxa	46.005487944655
330	CL:0001035	bone cell	bone cell	UBERON:1200014	arcuate line of ilium of os coxa	arcuate line of ilium of os coxa	46.005487944655
345	CL:0001035	bone cell	bone cell	UBERON:0014436	lesser sciatic notch	lesser sciatic notch of ischium of os coxa	46.005487944655
344	CL:0001035	bone cell	bone cell	UBERON:0014440	ischiopubic ramus	ischiopubic ramus of os coxa	46.005487944655
340	CL:0001035	bone cell	bone cell	UBERON:1200118	ischial body of ischium of os coxa	ischial body of ischium of os coxa	46.005487944655
338	CL:0001035	bone cell	bone cell	UBERON:1200082	iliopubic ramus of os coxa	iliopubic ramus of os coxa	46.005487944655
337	CL:0001035	bone cell	bone cell	UBERON:1200081	iliac tuberosity of ilium of os coxa	iliac tuberosity of ilium of os coxa	46.005487944655
336	CL:0001035	bone cell	bone cell	UBERON:1200080	iliac tubercle of ilium of os coxa	iliac tubercle of ilium of os coxa	46.005487944655
332	CL:0001035	bone cell	bone cell	UBERON:1200050	gluteal surface of ilium of os coxa	gluteal surface of ilium of os coxa	46.005487944655
331	CL:0001035	bone cell	bone cell	UBERON:1200017	auricular surface of ilium of os coxa	auricular surface of ilium of os coxa	46.005487944655
634	CL:0001035	bone cell	bone cell	UBERON:1200149	non-articular facet of tubercle of eighth rib	non-articular facet of tubercle of eighth rib	46.005487944655
635	CL:0001035	bone cell	bone cell	UBERON:1200209	sternal end of eighth rib	sternal end of eighth rib	46.005487944655
647	CL:0001035	bone cell	bone cell	UBERON:1200153	non-articular facet of tubercle of ninth rib	non-articular facet of tubercle of ninth rib	46.005487944655
704	CL:0001035	bone cell	bone cell	UBERON:1200100	inferior articular facet of third cervical vertebra	inferior articular facet of third cervical vertebra	46.005487944655
691	CL:0001035	bone cell	bone cell	UBERON:1200122	lamina of second cervical vertebra	lamina of second cervical vertebra	46.005487944655
693	CL:0001035	bone cell	bone cell	UBERON:1200169	pedicle of second cervical vertebra	pedicle of second cervical vertebra	46.005487944655
694	CL:0001035	bone cell	bone cell	UBERON:1200207	spinous process of second cervical vertebra	spinous process of second cervical vertebra	46.005487944655
695	CL:0001035	bone cell	bone cell	UBERON:1200238	superior articular facet of second cervical vertebra	superior articular facet of second cervical vertebra	46.005487944655
696	CL:0001035	bone cell	bone cell	UBERON:1200251	superior articular process of second cervical vertebra	superior articular process of second cervical vertebra	46.005487944655
238	CL:0001035	bone cell	bone cell	UBERON:1200070	head of second middle phalanx of foot	head of second middle phalanx of foot	46.005487944655
697	CL:0001035	bone cell	bone cell	UBERON:1200256	superior vertebral notch of second cervical vertebra	superior vertebral notch of second cervical vertebra	46.005487944655
700	CL:0001035	bone cell	bone cell	UBERON:1200299	vertebral arch of second cervical vertebra	vertebral arch of second cervical vertebra	46.005487944655
367	CL:0001035	bone cell	bone cell	UBERON:0018653	anterior ethmoidal foramen	anterior ethmoidal foramen of ethmoid bone	46.005487944655
688	CL:0001035	bone cell	bone cell	UBERON:1200093	inferior articular facet of second cervical vertebra	inferior articular facet of second cervical vertebra	46.005487944655
583	CL:0001035	bone cell	bone cell	UBERON:1200213	sternal end of fourth rib	sternal end of fourth rib	46.005487944655
582	CL:0001035	bone cell	bone cell	UBERON:1200152	non-articular facet of tubercle of fourth rib	non-articular facet of tubercle of fourth rib	46.005487944655
369	CL:0001035	bone cell	bone cell	UBERON:1200031	crista galla of ethmoid bone	crista galla of ethmoid bone	46.005487944655
710	CL:0001035	bone cell	bone cell	UBERON:1200246	superior articular facet of third cervical vertebra	superior articular facet of third cervical vertebra	46.005487944655
370	CL:0001035	bone cell	bone cell	UBERON:1200034	ethmoidal air cells of ethmoid bone	ethmoidal air cells of ethmoid bone	46.005487944655
371	CL:0001035	bone cell	bone cell	UBERON:1200035	ethmoidal bulla of ethmoid bone	ethmoidal bulla of ethmoid bone	46.005487944655
715	CL:0001035	bone cell	bone cell	UBERON:1200307	vertebral arch of third cervical vertebra	vertebral arch of third cervical vertebra	46.005487944655
372	CL:0001035	bone cell	bone cell	UBERON:0005921	middle nasal concha	middle nasal concha of ethmoid bone	46.005487944655
689	CL:0001035	bone cell	bone cell	UBERON:1200104	inferior articular process of second cervical vertebra	inferior articular process of second cervical vertebra	46.005487944655
687	CL:0001035	bone cell	bone cell	UBERON:1200023	body of second cervical vertebra	body of second cervical vertebra	46.005487944655
648	CL:0001035	bone cell	bone cell	UBERON:1200214	sternal end of ninth rib	sternal end of ninth rib	46.005487944655
670	CL:0001035	bone cell	bone cell	UBERON:1200066	groove for vertebral artery of first cervical vertebra	groove for vertebral artery of first cervical vertebra	46.005487944655
651	CL:0001035	bone cell	bone cell	UBERON:1200221	sternal region bone	sternal region bone	46.005487944655
255	CL:0001035	bone cell	bone cell	UBERON:1200020	base of first proximal phalanx of foot	base of first proximal phalanx of foot	46.005487944655
654	CL:0001035	bone cell	bone cell	UBERON:1200030	costal notches of sternum	costal notches of sternum	46.005487944655
657	CL:0001035	bone cell	bone cell	UBERON:1200208	sternal angle of sternum	sternal angle of sternum	46.005487944655
659	CL:0001035	bone cell	bone cell	UBERON:1200278	transverse ridges of sternum	transverse ridges of sternum	46.005487944655
664	CL:0001035	bone cell	bone cell	UBERON:1200026	coccygeal cornu of coccyx	coccygeal cornu of coccyx	46.005487944655
668	CL:0001035	bone cell	bone cell	UBERON:1200008	anterior arch of first cervical vertebra	anterior arch of first cervical vertebra	46.005487944655
669	CL:0001035	bone cell	bone cell	UBERON:1200012	anterior tubercle of first cervical vertebra	anterior tubercle of first cervical vertebra	46.005487944655
671	CL:0001035	bone cell	bone cell	UBERON:1200088	inferior articular facet of first cervical vertebra	inferior articular facet of first cervical vertebra	46.005487944655
681	CL:0001035	bone cell	bone cell	UBERON:1200255	superior vertebral notch of first cervical vertebra	superior vertebral notch of first cervical vertebra	46.005487944655
672	CL:0001035	bone cell	bone cell	UBERON:1200103	inferior articular process of first cervical vertebra	inferior articular process of first cervical vertebra	46.005487944655
673	CL:0001035	bone cell	bone cell	UBERON:1200109	inferior vertebral notch of first cervical vertebra	inferior vertebral notch of first cervical vertebra	46.005487944655
674	CL:0001035	bone cell	bone cell	UBERON:1200121	lamina of first cervical vertebra	lamina of first cervical vertebra	46.005487944655
675	CL:0001035	bone cell	bone cell	UBERON:1200168	pedicle of first cervical vertebra	pedicle of first cervical vertebra	46.005487944655
676	CL:0001035	bone cell	bone cell	UBERON:1200172	posterior arch of first cervical vertebra	posterior arch of first cervical vertebra	46.005487944655
678	CL:0001035	bone cell	bone cell	UBERON:1200206	spinous process of first cervical vertebra	spinous process of first cervical vertebra	46.005487944655
679	CL:0001035	bone cell	bone cell	UBERON:1200231	superior articular facet of first cervical vertebra	superior articular facet of first cervical vertebra	46.005487944655
680	CL:0001035	bone cell	bone cell	UBERON:1200250	superior articular process of first cervical vertebra	superior articular process of first cervical vertebra	46.005487944655
868	CL:0001035	bone cell	bone cell	UBERON:1200143	median sacral crest of sacrum	median sacral crest of sacrum	46.005487944655
180	CL:0001035	bone cell	bone cell	UBERON:1200025	calcaneal sulcus of calcaneus	calcaneal sulcus of calcaneus	46.005487944655
64	CL:0001035	bone cell	bone cell	UBERON:1200282	tuberosity of first distal phalanx of hand	tuberosity of first distal phalanx of hand	46.005487944655
51	CL:0001035	bone cell	bone cell	UBERON:1200257	supinator fossa of ulna	supinator fossa of ulna	46.005487944655
426	CL:0001035	bone cell	bone cell	UBERON:0005480	superior orbital fissure	superior orbital fissure of sphenoid bone	46.005487944655
517	CL:0001035	bone cell	bone cell	UBERON:1200060	groove for subclavian artery of first rib	groove for subclavian artery of first rib	46.005487944655
925	CL:0001035	bone cell	bone cell	UBERON:1200252	superior costal facet of eleventh thoracic vertebra	superior costal facet of eleventh thoracic vertebra	46.005487944655
419	CL:0001035	bone cell	bone cell	UBERON:1200173	posterior clinoid process of sphenoid bone	posterior clinoid process of sphenoid bone	46.005487944655
438	CL:0001035	bone cell	bone cell	UBERON:1200138	mastoid foramen of mastoid part of temporal bone	mastoid foramen of mastoid part of temporal bone	46.005487944655
927	CL:0001035	bone cell	bone cell	UBERON:1200266	transverse costal facet of eleventh thoracic vertebra	transverse costal facet of eleventh thoracic vertebra	46.005487944655
516	CL:0001035	bone cell	bone cell	UBERON:1200039	facet of first rib	facet of first rib	46.005487944655
499	CL:0001035	bone cell	bone cell	UBERON:7500084	lesser palatine foramen	lesser palatine foramen of palatine bone	46.005487944655
52	CL:0001035	bone cell	bone cell	UBERON:0008449	trochlear notch	trochlear notch of ulna	46.005487944655
929	CL:0001035	bone cell	bone cell	UBERON:1200289	vertebral arch of eleventh thoracic vertebra	vertebral arch of eleventh thoracic vertebra	46.005487944655
420	CL:0001035	bone cell	bone cell	UBERON:0018373	vidian canal	pterygoid canal of sphenoid bone	46.005487944655
515	CL:0001035	bone cell	bone cell	UBERON:1200028	costal groove of first rib	costal groove of first rib	46.005487944655
53	CL:0001035	bone cell	bone cell	UBERON:4200184	ulnar tuberosity	ulnar tuberosity of ulna	46.005487944655
497	CL:0001035	bone cell	bone cell	UBERON:7500083	greater palatine foramen	greater palatine foramen of palatine bone	46.005487944655
923	CL:0001035	bone cell	bone cell	UBERON:1200227	superior articular facet of eleventh thoracic vertebra	superior articular facet of eleventh thoracic vertebra	46.005487944655
1027	CL:0001035	bone cell	bone cell	UBERON:1200273	transverse costal facet of sixth thoracic vertebra	transverse costal facet of sixth thoracic vertebra	46.005487944655
492	CL:0001035	bone cell	bone cell	UBERON:1200147	nasolacrimal canal of maxilla	nasolacrimal canal of maxilla	46.005487944655
518	CL:0001035	bone cell	bone cell	UBERON:1200061	groove for subclavian vein of first rib	groove for subclavian vein of first rib	46.005487944655
417	CL:0001035	bone cell	bone cell	UBERON:1200142	medial pterygoid plate of sphenoid bone	medial pterygoid plate of sphenoid bone	46.005487944655
521	CL:0001035	bone cell	bone cell	UBERON:1200151	non-articular facet of tubercle of first rib	non-articular facet of tubercle of first rib	46.005487944655
416	CL:0001035	bone cell	bone cell	UBERON:1200126	lesser wings of sphenoid bone	lesser wings of sphenoid bone	46.005487944655
918	CL:0001035	bone cell	bone cell	UBERON:1200105	inferior costal facet of eleventh thoracic vertebra	inferior costal facet of eleventh thoracic vertebra	46.005487944655
522	CL:0001035	bone cell	bone cell	UBERON:1200196	scalene tubercle of first rib	scalene tubercle of first rib	46.005487944655
916	CL:0001035	bone cell	bone cell	UBERON:1200085	inferior articular facet of eleventh thoracic vertebra	inferior articular facet of eleventh thoracic vertebra	46.005487944655
523	CL:0001035	bone cell	bone cell	UBERON:1200212	sternal end of first rib	sternal end of first rib	46.005487944655
476	CL:0001035	bone cell	bone cell	UBERON:1200223	sublingual fossa of mandible	sublingual fossa of mandible	46.005487944655
1061	CL:0001035	bone cell	bone cell	UBERON:1200265	transverse costal facet of eighth thoracic vertebra	transverse costal facet of eighth thoracic vertebra	46.005487944655
414	CL:0001035	bone cell	bone cell	UBERON:0006667	pituitary fossa	hypophyseal fossa of sphenoid bone	46.005487944655
108	CL:0001035	bone cell	bone cell	UBERON:1200071	head of second middle phalanx of hand	head of second middle phalanx of hand	46.005487944655
1029	CL:0001035	bone cell	bone cell	UBERON:1200305	vertebral arch of sixth thoracic vertebra	vertebral arch of sixth thoracic vertebra	46.005487944655
912	CL:0001035	bone cell	bone cell	UBERON:1200306	vertebral arch of tenth thoracic vertebra	vertebral arch of tenth thoracic vertebra	46.005487944655
1023	CL:0001035	bone cell	bone cell	UBERON:1200244	superior articular facet of sixth thoracic vertebra	superior articular facet of sixth thoracic vertebra	46.005487944655
934	CL:0001035	bone cell	bone cell	UBERON:1200102	inferior articular facet of twelfth thoracic vertebra	inferior articular facet of twelfth thoracic vertebra	46.005487944655
982	CL:0001035	bone cell	bone cell	UBERON:1200091	inferior articular facet of fourth thoracic vertebra	inferior articular facet of fourth thoracic vertebra	46.005487944655
993	CL:0001035	bone cell	bone cell	UBERON:1200269	transverse costal facet of fourth thoracic vertebra	transverse costal facet of fourth thoracic vertebra	46.005487944655
948	CL:0001035	bone cell	bone cell	UBERON:1200094	inferior articular facet of second thoracic vertebra	inferior articular facet of second thoracic vertebra	46.005487944655
955	CL:0001035	bone cell	bone cell	UBERON:1200240	superior articular facet of second thoracic vertebra	superior articular facet of second thoracic vertebra	46.005487944655
473	CL:0001035	bone cell	bone cell	UBERON:1200146	mylohyoid line of mandible	mylohyoid line of mandible	46.005487944655
999	CL:0001035	bone cell	bone cell	UBERON:1200087	inferior articular facet of fifth thoracic vertebra	inferior articular facet of fifth thoracic vertebra	46.005487944655
995	CL:0001035	bone cell	bone cell	UBERON:1200297	vertebral arch of fourth thoracic vertebra	vertebral arch of fourth thoracic vertebra	46.005487944655
959	CL:0001035	bone cell	bone cell	UBERON:1200271	transverse costal facet of second thoracic vertebra	transverse costal facet of second thoracic vertebra	46.005487944655
961	CL:0001035	bone cell	bone cell	UBERON:1200301	vertebral arch of second thoracic vertebra	vertebral arch of second thoracic vertebra	46.005487944655
435	CL:0001035	bone cell	bone cell	UBERON:1200115	internal auditory meatus of petrous part of temporal bone	internal auditory meatus of petrous part of temporal bone	46.005487944655
472	CL:0001035	bone cell	bone cell	UBERON:1200145	mylohyoid groove of mandible	mylohyoid groove of mandible	46.005487944655
965	CL:0001035	bone cell	bone cell	UBERON:1200101	inferior articular facet of third thoracic vertebra	inferior articular facet of third thoracic vertebra	46.005487944655
972	CL:0001035	bone cell	bone cell	UBERON:1200248	superior articular facet of third thoracic vertebra	superior articular facet of third thoracic vertebra	46.005487944655
976	CL:0001035	bone cell	bone cell	UBERON:1200275	transverse costal facet of third thoracic vertebra	transverse costal facet of third thoracic vertebra	46.005487944655
978	CL:0001035	bone cell	bone cell	UBERON:1200309	vertebral arch of third thoracic vertebra	vertebral arch of third thoracic vertebra	46.005487944655
1057	CL:0001035	bone cell	bone cell	UBERON:1200226	superior articular facet of eighth thoracic vertebra	superior articular facet of eighth thoracic vertebra	46.005487944655
84	CL:0001035	bone cell	bone cell	UBERON:1200281	tuberosity of fifth distal phalanx of hand	tuberosity of fifth distal phalanx of hand	46.005487944655
439	CL:0001035	bone cell	bone cell	UBERON:1200139	mastoid notch of mastoid part of temporal bone	mastoid notch of mastoid part of temporal bone	46.005487944655
1006	CL:0001035	bone cell	bone cell	UBERON:1200230	superior articular facet of fifth thoracic vertebra	superior articular facet of fifth thoracic vertebra	46.005487944655
1010	CL:0001035	bone cell	bone cell	UBERON:1200267	transverse costal facet of fifth thoracic vertebra	transverse costal facet of fifth thoracic vertebra	46.005487944655
944	CL:0001035	bone cell	bone cell	UBERON:1200310	vertebral arch of twelfth thoracic vertebra	vertebral arch of twelfth thoracic vertebra	46.005487944655
1012	CL:0001035	bone cell	bone cell	UBERON:1200292	vertebral arch of fifth thoracic vertebra	vertebral arch of fifth thoracic vertebra	46.005487944655
421	CL:0001035	bone cell	bone cell	UBERON:1200179	pterygoid fossa of sphenoid bone	pterygoid fossa of sphenoid bone	46.005487944655
1016	CL:0001035	bone cell	bone cell	UBERON:1200098	inferior articular facet of sixth thoracic vertebra	inferior articular facet of sixth thoracic vertebra	46.005487944655
471	CL:0001035	bone cell	bone cell	UBERON:1200144	mental protuberance of mandible	mental protuberance of mandible	46.005487944655
441	CL:0001035	bone cell	bone cell	UBERON:1200171	petrotympanic fissure of squamous part of temporal bone	petrotympanic fissure of squamous part of temporal bone	46.005487944655
508	CL:0001035	bone cell	bone cell	UBERON:1200339	zygomaticofacial foramen of zygomatic bone	zygomaticofacial foramen of zygomatic bone	46.005487944655
422	CL:0001035	bone cell	bone cell	UBERON:1200181	pterygoid hamulus of sphenoid bone	pterygoid hamulus of sphenoid bone	46.005487944655
940	CL:0001035	bone cell	bone cell	UBERON:1200249	superior articular facet of twelfth thoracic vertebra	superior articular facet of twelfth thoracic vertebra	46.005487944655
870	CL:0001035	bone cell	bone cell	UBERON:1200189	sacral apex of sacrum	sacral apex of sacrum	46.005487944655
474	CL:0001035	bone cell	bone cell	UBERON:1200180	pterygoid fovea of mandible	pterygoid fovea of mandible	46.005487944655
79	CL:0001035	bone cell	bone cell	UBERON:1200283	tuberosity of fourth distal phalanx of hand	tuberosity of fourth distal phalanx of hand	46.005487944655
503	CL:0001035	bone cell	bone cell	UBERON:1200057	groove for nasopalatine nerve of vomer	groove for nasopalatine nerve of vomer	46.005487944655
74	CL:0001035	bone cell	bone cell	UBERON:1200285	tuberosity of third distal phalanx of hand	tuberosity of third distal phalanx of hand	46.005487944655
48	CL:0001035	bone cell	bone cell	UBERON:1200204	shaft of ulna of ulna	shaft of ulna of ulna	46.005487944655
530	CL:0001035	bone cell	bone cell	UBERON:1200040	facet of tenth rib	facet of tenth rib	46.005487944655
464	CL:0001035	bone cell	bone cell	UBERON:1200134	mandibular angle of mandible	mandibular angle of mandible	46.005487944655
462	CL:0001035	bone cell	bone cell	UBERON:1200107	inferior mental spine of mandible	inferior mental spine of mandible	46.005487944655
434	CL:0001035	bone cell	bone cell	UBERON:1200075	hiatus and groove of petrous part of temporal bone for lesser petrosal nerve	hiatus and groove of petrous part of temporal bone for lesser petrosal nerve	46.005487944655
1074	CL:0001035	bone cell	bone cell	UBERON:1200237	superior articular facet of ninth thoracic vertebra	superior articular facet of ninth thoracic vertebra	46.005487944655
25	CL:0001035	bone cell	bone cell	UBERON:0011188	lesser tubercle of humerus	lesser tubercle of humerus	46.005487944655
447	CL:0001035	bone cell	bone cell	UBERON:1200286	tympanic caniliculus of petrous part of temporal bone	tympanic caniliculus of petrous part of temporal bone	46.005487944655
1044	CL:0001035	bone cell	bone cell	UBERON:1200272	transverse costal facet of seventh thoracic vertebra	transverse costal facet of seventh thoracic vertebra	46.005487944655
409	CL:0001035	bone cell	bone cell	UBERON:0018651	foramen lacerum	foramen lacerum of sphenoid bone	46.005487944655
895	CL:0001035	bone cell	bone cell	UBERON:1200294	vertebral arch of first thoracic vertebra	vertebral arch of first thoracic vertebra	46.005487944655
63	CL:0001035	bone cell	bone cell	UBERON:1200201	shaft of first distal phalanx of hand	shaft of first distal phalanx of hand	46.005487944655
29	CL:0001035	bone cell	bone cell	UBERON:1200186	radial fossa of humerus	radial fossa of humerus	46.005487944655
30	CL:0001035	bone cell	bone cell	UBERON:1200187	radial groove of humerus	radial groove of humerus	46.005487944655
899	CL:0001035	bone cell	bone cell	UBERON:1200099	inferior articular facet of tenth thoracic vertebra	inferior articular facet of tenth thoracic vertebra	46.005487944655
433	CL:0001035	bone cell	bone cell	UBERON:1200074	hiatus and groove of petrous part of temporal bone for greater petrosal nerve	hiatus and groove of petrous part of temporal bone for greater petrosal nerve	46.005487944655
67	CL:0001035	bone cell	bone cell	UBERON:1200069	head of second distal phalanx of hand	head of second distal phalanx of hand	46.005487944655
448	CL:0001035	bone cell	bone cell	UBERON:1200338	zygomatic process of squamous part of temporal bone	zygomatic process of squamous part of temporal bone	46.005487944655
461	CL:0001035	bone cell	bone cell	UBERON:1200032	digastric fossa of mandible	digastric fossa of mandible	46.005487944655
446	CL:0001035	bone cell	bone cell	UBERON:1200279	trigeminal impression of petrous part of temporal bone	trigeminal impression of petrous part of temporal bone	46.005487944655
882	CL:0001035	bone cell	bone cell	UBERON:1200089	inferior articular facet of first thoracic vertebra	inferior articular facet of first thoracic vertebra	46.005487944655
871	CL:0001035	bone cell	bone cell	UBERON:1200190	sacral canal of sacrum	sacral canal of sacrum	46.005487944655
872	CL:0001035	bone cell	bone cell	UBERON:1200191	sacral cornu of sacrum	sacral cornu of sacrum	46.005487944655
873	CL:0001035	bone cell	bone cell	UBERON:1200192	sacral hiatus of sacrum	sacral hiatus of sacrum	46.005487944655
874	CL:0001035	bone cell	bone cell	UBERON:1200193	sacral promontory of sacrum	sacral promontory of sacrum	46.005487944655
875	CL:0001035	bone cell	bone cell	UBERON:1200194	sacral spine of sacrum	sacral spine of sacrum	46.005487944655
876	CL:0001035	bone cell	bone cell	UBERON:1200195	sacral tuberosity of sacrum	sacral tuberosity of sacrum	46.005487944655
458	CL:0001035	bone cell	bone cell	UBERON:1200007	alveolar border of mandible	alveolar border of mandible	46.005487944655
1078	CL:0001035	bone cell	bone cell	UBERON:1200270	transverse costal facet of ninth thoracic vertebra	transverse costal facet of ninth thoracic vertebra	46.005487944655
1080	CL:0001035	bone cell	bone cell	UBERON:1200298	vertebral arch of ninth thoracic vertebra	vertebral arch of ninth thoracic vertebra	46.005487944655
889	CL:0001035	bone cell	bone cell	UBERON:1200233	superior articular facet of first thoracic vertebra	superior articular facet of first thoracic vertebra	46.005487944655
1046	CL:0001035	bone cell	bone cell	UBERON:1200303	vertebral arch of seventh thoracic vertebra	vertebral arch of seventh thoracic vertebra	46.005487944655
18	CL:0001035	bone cell	bone cell	UBERON:1200027	coronoid fossa of humerus	coronoid fossa of humerus	46.005487944655
459	CL:0001035	bone cell	bone cell	UBERON:0011309	body of mandible	body of mandible	46.005487944655
893	CL:0001035	bone cell	bone cell	UBERON:1200268	transverse costal facet of first thoracic vertebra	transverse costal facet of first thoracic vertebra	46.005487944655
910	CL:0001035	bone cell	bone cell	UBERON:1200274	transverse costal facet of tenth thoracic vertebra	transverse costal facet of tenth thoracic vertebra	46.005487944655
989	CL:0001035	bone cell	bone cell	UBERON:1200236	superior articular facet of fourth thoracic vertebra	superior articular facet of fourth thoracic vertebra	46.005487944655
478	CL:0001035	bone cell	bone cell	UBERON:1200253	superior mental spine of mandible	superior mental spine of mandible	46.005487944655
1040	CL:0001035	bone cell	bone cell	UBERON:1200242	superior articular facet of seventh thoracic vertebra	superior articular facet of seventh thoracic vertebra	46.005487944655
486	CL:0001035	bone cell	bone cell	UBERON:2001811	infraorbital sensory canal	infraorbital canal of maxilla	46.005487944655
1050	CL:0001035	bone cell	bone cell	UBERON:1200084	inferior articular facet of eighth thoracic vertebra	inferior articular facet of eighth thoracic vertebra	46.005487944655
61	CL:0001035	bone cell	bone cell	UBERON:1200019	base of first distal phalanx of hand	base of first distal phalanx of hand	46.005487944655
44	CL:0001035	bone cell	bone cell	UBERON:1200073	head of ulna of ulna	head of ulna of ulna	46.005487944655
469	CL:0001035	bone cell	bone cell	UBERON:1200137	mandibular notch of mandible	mandibular notch of mandible	46.005487944655
1063	CL:0001035	bone cell	bone cell	UBERON:1200288	vertebral arch of eighth thoracic vertebra	vertebral arch of eighth thoracic vertebra	46.005487944655
1033	CL:0001035	bone cell	bone cell	UBERON:1200096	inferior articular facet of seventh thoracic vertebra	inferior articular facet of seventh thoracic vertebra	46.005487944655
477	CL:0001035	bone cell	bone cell	UBERON:1200224	submandibular fossa of mandible	submandibular fossa of mandible	46.005487944655
112	CL:0001035	bone cell	bone cell	UBERON:1200072	head of third middle phalanx of hand	head of third middle phalanx of hand	46.005487944655
906	CL:0001035	bone cell	bone cell	UBERON:1200245	superior articular facet of tenth thoracic vertebra	superior articular facet of tenth thoracic vertebra	46.005487944655
437	CL:0001035	bone cell	bone cell	UBERON:1200136	mandibular fossa of squamous part of temporal bone	mandibular fossa of squamous part of temporal bone	46.005487944655
442	CL:0001035	bone cell	bone cell	UBERON:1200177	postglenoid tubercle of squamous part of temporal bone	postglenoid tubercle of squamous part of temporal bone	46.005487944655
412	CL:0001035	bone cell	bone cell	UBERON:0016492	foramen spinosum of sphenoid bone	foramen spinosum of sphenoid bone	46.005487944655
428	CL:0001035	bone cell	bone cell	UBERON:1200016	articular tubercle of squamous part of temporal bone	articular tubercle of squamous part of temporal bone	46.005487944655
413	CL:0001035	bone cell	bone cell	UBERON:1200054	greater wings of sphenoid bone	greater wings of sphenoid bone	46.005487944655
468	CL:0001035	bone cell	bone cell	UBERON:0004659	mandible neck	mandibular neck of mandible	46.005487944655
430	CL:0001035	bone cell	bone cell	UBERON:1200036	external auditory meatus of squamous part of temporal bone	external auditory meatus of squamous part of temporal bone	46.005487944655
444	CL:0001035	bone cell	bone cell	UBERON:1200222	stylomastoid foramen of petrous part of temporal bone	stylomastoid foramen of petrous part of temporal bone	46.005487944655
410	CL:0001035	bone cell	bone cell	UBERON:1200045	foramen ovale of sphenoid bone	foramen ovale of sphenoid bone	46.005487944655
445	CL:0001035	bone cell	bone cell	UBERON:1200259	supramastoid crest of squamous part of temporal bone	supramastoid crest of squamous part of temporal bone	46.005487944655
35	CL:0001035	bone cell	bone cell	UBERON:1200067	head of radius of radius	head of radius of radius	46.005487944655
467	CL:0001035	bone cell	bone cell	UBERON:1200135	mandibular foramen of mandible	mandibular foramen of mandible	46.005487944655
37	CL:0001035	bone cell	bone cell	UBERON:1200148	neck of radius of radius	neck of radius of radius	46.005487944655
484	CL:0001035	bone cell	bone cell	UBERON:1200053	greater palatine canal of maxilla	greater palatine canal of maxilla	46.005487944655
901	CL:0001035	bone cell	bone cell	UBERON:1200106	inferior costal facet of tenth thoracic vertebra	inferior costal facet of tenth thoracic vertebra	46.005487944655
69	CL:0001035	bone cell	bone cell	UBERON:1200284	tuberosity of second distal phalanx of hand	tuberosity of second distal phalanx of hand	46.005487944655
431	CL:0001035	bone cell	bone cell	UBERON:1200058	groove for posterior deep temporal artery of squamous part of temporal bone	groove for posterior deep temporal artery of squamous part of temporal bone	46.005487944655
38	CL:0001035	bone cell	bone cell	UBERON:1200188	radial tuberosity of radius	radial tuberosity of radius	46.005487944655
39	CL:0001035	bone cell	bone cell	UBERON:1200203	shaft of radius of radius	shaft of radius of radius	46.005487944655
1067	CL:0001035	bone cell	bone cell	UBERON:1200092	inferior articular facet of ninth thoracic vertebra	inferior articular facet of ninth thoracic vertebra	46.005487944655
485	CL:0001035	bone cell	bone cell	UBERON:0012315	incisive foramen	incisive foramen of maxilla	41.449007223872954
507	CL:0001035	bone cell	bone cell	UBERON:0004654	temporal process of zygomatic bone	temporal process of zygomatic bone	41.449007223872954
505	CL:0001035	bone cell	bone cell	UBERON:0012110	frontal process of zygomatic bone	frontal process of zygomatic bone	41.449007223872954
488	CL:0001035	bone cell	bone cell	UBERON:0018409	infra-orbital groove of maxilla	infraorbital groove of maxilla	41.449007223872954
357	CL:0001035	bone cell	bone cell	UBERON:0014438	superior pubic ramus	superior pubic ramus of pubis of os coxa	41.449007223872954
17	CL:0001035	bone cell	bone cell	UBERON:0010853	capitulum of humerus	capitulum of humerus	41.449007223872954
172	CL:0001035	bone cell	bone cell	UBERON:0010760	supraglenoid tubercle	supraglenoid tubercle of scapula	41.449007223872954
343	CL:0001035	bone cell	bone cell	UBERON:0034983	ischial tuberosity	ischial tuberosity of ischium of os coxa	41.449007223872954
28	CL:0001035	bone cell	bone cell	UBERON:0012130	olecranon fossa	olecranon fossa of humerus	41.449007223872954
290	CL:0001035	bone cell	bone cell	UBERON:0009986	lateral epicondyle of femur	lateral epicondyle of femur	41.449007223872954
33	CL:0001035	bone cell	bone cell	UBERON:0000144	trochlea of humerus	trochlea of humerus	41.449007223872954
315	CL:0001035	bone cell	bone cell	UBERON:0009991	lateral condyle of tibia	lateral condyle of tibia	41.449007223872954
152	CL:0001035	bone cell	bone cell	UBERON:0006805	sternal end of clavicle	sternal end of clavicle	41.449007223872954
637	CL:0001035	bone cell	bone cell	UBERON:0010757	rib 8	rib 8	38.783636866956556
586	CL:0001035	bone cell	bone cell	UBERON:0004605	rib 5	rib 5	38.783636866956556
606	CL:0001035	bone cell	bone cell	UBERON:0004606	rib 6	rib 6	38.783636866956556
294	CL:0001035	bone cell	bone cell	UBERON:0009984	medial condyle of femur	medial condyle of femur	38.783636866956556
587	CL:0001035	bone cell	bone cell	UBERON:0004605	rib 5	rib 5	38.783636866956556
289	CL:0001035	bone cell	bone cell	UBERON:0009985	lateral condyle of femur	lateral condyle of femur	38.783636866956556
470	CL:0001035	bone cell	bone cell	UBERON:0006812	mental foramen	mental foramen of mandible	38.783636866956556
604	CL:0001035	bone cell	bone cell	UBERON:0004606	rib 6	rib 6	38.783636866956556
588	CL:0001035	bone cell	bone cell	UBERON:0004605	rib 5	rib 5	38.783636866956556
607	CL:0001035	bone cell	bone cell	UBERON:0004606	rib 6	rib 6	38.783636866956556
610	CL:0001035	bone cell	bone cell	UBERON:0004606	rib 6	rib 6	38.783636866956556
611	CL:0001035	bone cell	bone cell	UBERON:0004606	rib 6	rib 6	38.783636866956556
605	CL:0001035	bone cell	bone cell	UBERON:0004606	rib 6	rib 6	38.783636866956556
601	CL:0001035	bone cell	bone cell	UBERON:0004606	rib 6	rib 6	38.783636866956556
603	CL:0001035	bone cell	bone cell	UBERON:0004606	rib 6	rib 6	38.783636866956556
602	CL:0001035	bone cell	bone cell	UBERON:0004606	rib 6	rib 6	38.783636866956556
638	CL:0001035	bone cell	bone cell	UBERON:0004608	rib 9	rib 9	38.783636866956556
600	CL:0001035	bone cell	bone cell	UBERON:0004606	rib 6	rib 6	38.783636866956556
43	CL:0001035	bone cell	bone cell	UBERON:0010994	coronoid process of ulna	coronoid process of ulna	38.783636866956556
599	CL:0001035	bone cell	bone cell	UBERON:0004606	rib 6	rib 6	38.783636866956556
598	CL:0001035	bone cell	bone cell	UBERON:0004605	rib 5	rib 5	38.783636866956556
597	CL:0001035	bone cell	bone cell	UBERON:0004605	rib 5	rib 5	38.783636866956556
325	CL:0001035	bone cell	bone cell	UBERON:0014446	acetabular notch	acetabular notch of os coxa	38.783636866956556
465	CL:0001035	bone cell	bone cell	UBERON:0006673	mandibular canal	mandibular canal of mandible	38.783636866956556
594	CL:0001035	bone cell	bone cell	UBERON:0004605	rib 5	rib 5	38.783636866956556
335	CL:0001035	bone cell	bone cell	UBERON:0011015	iliac fossa	iliac fossa of ilium of os coxa	38.783636866956556
347	CL:0001035	bone cell	bone cell	UBERON:0006803	obturator foramen	obturator foramen of os coxa	38.783636866956556
589	CL:0001035	bone cell	bone cell	UBERON:0004605	rib 5	rib 5	38.783636866956556
277	CL:0001035	bone cell	bone cell	UBERON:0015180	neck of talus	neck of talus	38.783636866956556
590	CL:0001035	bone cell	bone cell	UBERON:0004605	rib 5	rib 5	38.783636866956556
632	CL:0001035	bone cell	bone cell	UBERON:0010757	rib 8	rib 8	38.783636866956556
629	CL:0001035	bone cell	bone cell	UBERON:0010757	rib 8	rib 8	38.783636866956556
630	CL:0001035	bone cell	bone cell	UBERON:0010757	rib 8	rib 8	38.783636866956556
631	CL:0001035	bone cell	bone cell	UBERON:0010757	rib 8	rib 8	38.783636866956556
646	CL:0001035	bone cell	bone cell	UBERON:0004608	rib 9	rib 9	38.783636866956556
645	CL:0001035	bone cell	bone cell	UBERON:0004608	rib 9	rib 9	38.783636866956556
644	CL:0001035	bone cell	bone cell	UBERON:0004608	rib 9	rib 9	38.783636866956556
643	CL:0001035	bone cell	bone cell	UBERON:0004608	rib 9	rib 9	38.783636866956556
627	CL:0001035	bone cell	bone cell	UBERON:0010757	rib 8	rib 8	38.783636866956556
633	CL:0001035	bone cell	bone cell	UBERON:0010757	rib 8	rib 8	38.783636866956556
642	CL:0001035	bone cell	bone cell	UBERON:0004608	rib 9	rib 9	38.783636866956556
641	CL:0001035	bone cell	bone cell	UBERON:0004608	rib 9	rib 9	38.783636866956556
640	CL:0001035	bone cell	bone cell	UBERON:0004608	rib 9	rib 9	38.783636866956556
639	CL:0001035	bone cell	bone cell	UBERON:0004608	rib 9	rib 9	38.783636866956556
636	CL:0001035	bone cell	bone cell	UBERON:0010757	rib 8	rib 8	38.783636866956556
628	CL:0001035	bone cell	bone cell	UBERON:0010757	rib 8	rib 8	38.783636866956556
626	CL:0001035	bone cell	bone cell	UBERON:0010757	rib 8	rib 8	38.783636866956556
613	CL:0001035	bone cell	bone cell	UBERON:0004607	rib 7	rib 7	38.783636866956556
592	CL:0001035	bone cell	bone cell	UBERON:0004605	rib 5	rib 5	38.783636866956556
614	CL:0001035	bone cell	bone cell	UBERON:0004607	rib 7	rib 7	38.783636866956556
615	CL:0001035	bone cell	bone cell	UBERON:0004607	rib 7	rib 7	38.783636866956556
616	CL:0001035	bone cell	bone cell	UBERON:0004607	rib 7	rib 7	38.783636866956556
617	CL:0001035	bone cell	bone cell	UBERON:0004607	rib 7	rib 7	38.783636866956556
591	CL:0001035	bone cell	bone cell	UBERON:0004605	rib 5	rib 5	38.783636866956556
618	CL:0001035	bone cell	bone cell	UBERON:0004607	rib 7	rib 7	38.783636866956556
593	CL:0001035	bone cell	bone cell	UBERON:0004605	rib 5	rib 5	38.783636866956556
649	CL:0001035	bone cell	bone cell	UBERON:0004608	rib 9	rib 9	38.783636866956556
619	CL:0001035	bone cell	bone cell	UBERON:0004607	rib 7	rib 7	38.783636866956556
620	CL:0001035	bone cell	bone cell	UBERON:0004607	rib 7	rib 7	38.783636866956556
650	CL:0001035	bone cell	bone cell	UBERON:0004608	rib 9	rib 9	38.783636866956556
623	CL:0001035	bone cell	bone cell	UBERON:0004607	rib 7	rib 7	38.783636866956556
624	CL:0001035	bone cell	bone cell	UBERON:0004607	rib 7	rib 7	38.783636866956556
625	CL:0001035	bone cell	bone cell	UBERON:0010757	rib 8	rib 8	38.783636866956556
612	CL:0001035	bone cell	bone cell	UBERON:0004607	rib 7	rib 7	38.783636866956556
122	CL:0001035	bone cell	bone cell	UBERON:0001429	pisiform	pisiform	38.783636866956556
482	CL:0001035	bone cell	bone cell	UBERON:0035139	anterior nasal spine of maxilla	anterior nasal spine of maxilla	38.783636866956556
572	CL:0001035	bone cell	bone cell	UBERON:0004603	rib 3	rib 3	38.783636866956556
568	CL:0001035	bone cell	bone cell	UBERON:0004603	rib 3	rib 3	38.783636866956556
567	CL:0001035	bone cell	bone cell	UBERON:0004603	rib 3	rib 3	38.783636866956556
566	CL:0001035	bone cell	bone cell	UBERON:0004603	rib 3	rib 3	38.783636866956556
565	CL:0001035	bone cell	bone cell	UBERON:0004603	rib 3	rib 3	38.783636866956556
564	CL:0001035	bone cell	bone cell	UBERON:0004603	rib 3	rib 3	38.783636866956556
214	CL:0001035	bone cell	bone cell	UBERON:0001454	distal tarsal bone 3	distal tarsal bone 3	38.783636866956556
212	CL:0001035	bone cell	bone cell	UBERON:0001452	distal tarsal bone 1	distal tarsal bone 1	38.783636866956556
563	CL:0001035	bone cell	bone cell	UBERON:0004603	rib 3	rib 3	38.783636866956556
562	CL:0001035	bone cell	bone cell	UBERON:0004603	rib 3	rib 3	38.783636866956556
561	CL:0001035	bone cell	bone cell	UBERON:0004603	rib 3	rib 3	38.783636866956556
560	CL:0001035	bone cell	bone cell	UBERON:0004603	rib 3	rib 3	38.783636866956556
387	CL:0001035	bone cell	bone cell	UBERON:0012109	zygomatic process of frontal bone	zygomatic process of frontal bone	38.783636866956556
540	CL:0001035	bone cell	bone cell	UBERON:0004610	rib 11	rib 11	38.783636866956556
538	CL:0001035	bone cell	bone cell	UBERON:0004610	rib 11	rib 11	38.783636866956556
537	CL:0001035	bone cell	bone cell	UBERON:0004610	rib 11	rib 11	38.783636866956556
536	CL:0001035	bone cell	bone cell	UBERON:0004610	rib 11	rib 11	38.783636866956556
165	CL:0001035	bone cell	bone cell	UBERON:0007174	medial border of scapula	medial border of scapula	38.783636866956556
161	CL:0001035	bone cell	bone cell	UBERON:0007175	inferior angle of scapula	inferior angle of scapula	38.783636866956556
411	CL:0001035	bone cell	bone cell	UBERON:0005446	foramen rotundum	foramen rotundum of sphenoid bone	38.783636866956556
571	CL:0001035	bone cell	bone cell	UBERON:0004603	rib 3	rib 3	38.783636866956556
454	CL:0001035	bone cell	bone cell	UBERON:0005922	inferior nasal concha	inferior nasal concha	38.783636866956556
578	CL:0001035	bone cell	bone cell	UBERON:0004604	rib 4	rib 4	38.783636866956556
579	CL:0001035	bone cell	bone cell	UBERON:0004604	rib 4	rib 4	38.783636866956556
574	CL:0001035	bone cell	bone cell	UBERON:0004604	rib 4	rib 4	38.783636866956556
575	CL:0001035	bone cell	bone cell	UBERON:0004604	rib 4	rib 4	38.783636866956556
576	CL:0001035	bone cell	bone cell	UBERON:0004604	rib 4	rib 4	38.783636866956556
573	CL:0001035	bone cell	bone cell	UBERON:0004604	rib 4	rib 4	38.783636866956556
577	CL:0001035	bone cell	bone cell	UBERON:0004604	rib 4	rib 4	38.783636866956556
487	CL:0001035	bone cell	bone cell	UBERON:0018407	infra-orbital foramen of maxilla	infraorbital foramen of maxilla	38.783636866956556
585	CL:0001035	bone cell	bone cell	UBERON:0004604	rib 4	rib 4	38.783636866956556
584	CL:0001035	bone cell	bone cell	UBERON:0004604	rib 4	rib 4	38.783636866956556
580	CL:0001035	bone cell	bone cell	UBERON:0004604	rib 4	rib 4	38.783636866956556
581	CL:0001035	bone cell	bone cell	UBERON:0004604	rib 4	rib 4	38.783636866956556
535	CL:0001035	bone cell	bone cell	UBERON:0004609	rib 10	rib 10	36.89252650309089
526	CL:0001035	bone cell	bone cell	UBERON:0004609	rib 10	rib 10	36.89252650309089
525	CL:0001035	bone cell	bone cell	UBERON:0004609	rib 10	rib 10	36.89252650309089
933	CL:0001035	bone cell	bone cell	UBERON:0004636	thoracic vertebra 12	thoracic vertebra 12	36.89252650309089
935	CL:0001035	bone cell	bone cell	UBERON:0004636	thoracic vertebra 12	thoracic vertebra 12	36.89252650309089
936	CL:0001035	bone cell	bone cell	UBERON:0004636	thoracic vertebra 12	thoracic vertebra 12	36.89252650309089
937	CL:0001035	bone cell	bone cell	UBERON:0004636	thoracic vertebra 12	thoracic vertebra 12	36.89252650309089
181	CL:0001035	bone cell	bone cell	UBERON:7500094	tubercle of calcaneus	calcaneal tuberosity of calcaneus	36.89252650309089
527	CL:0001035	bone cell	bone cell	UBERON:0004609	rib 10	rib 10	36.89252650309089
532	CL:0001035	bone cell	bone cell	UBERON:0004609	rib 10	rib 10	36.89252650309089
531	CL:0001035	bone cell	bone cell	UBERON:0004609	rib 10	rib 10	36.89252650309089
939	CL:0001035	bone cell	bone cell	UBERON:0004636	thoracic vertebra 12	thoracic vertebra 12	36.89252650309089
429	CL:0001035	bone cell	bone cell	UBERON:0006668	carotid canal	carotid canal of petrous part of temporal bone	36.89252650309089
528	CL:0001035	bone cell	bone cell	UBERON:0004609	rib 10	rib 10	36.89252650309089
436	CL:0001035	bone cell	bone cell	UBERON:0005456	jugular foramen	jugular foramen of petrous part of temporal bone	36.89252650309089
529	CL:0001035	bone cell	bone cell	UBERON:0004609	rib 10	rib 10	36.89252650309089
324	CL:0001035	bone cell	bone cell	UBERON:0014445	acetabular fossa	acetabular fossa of os coxa	36.89252650309089
341	CL:0001035	bone cell	bone cell	UBERON:0014441	ischial ramus	ischial ramus of ischium of os coxa	36.89252650309089
342	CL:0001035	bone cell	bone cell	UBERON:0009000	ischial spine	ischial spine of ischium of os coxa	36.89252650309089
938	CL:0001035	bone cell	bone cell	UBERON:0004636	thoracic vertebra 12	thoracic vertebra 12	36.89252650309089
932	CL:0001035	bone cell	bone cell	UBERON:0004636	thoracic vertebra 12	thoracic vertebra 12	36.89252650309089
213	CL:0001035	bone cell	bone cell	UBERON:0001453	distal tarsal bone 2	distal tarsal bone 2	36.89252650309089
945	CL:0001035	bone cell	bone cell	UBERON:0004636	thoracic vertebra 12	thoracic vertebra 12	36.89252650309089
942	CL:0001035	bone cell	bone cell	UBERON:0004636	thoracic vertebra 12	thoracic vertebra 12	36.89252650309089
941	CL:0001035	bone cell	bone cell	UBERON:0004636	thoracic vertebra 12	thoracic vertebra 12	36.89252650309089
395	CL:0001035	bone cell	bone cell	UBERON:0005456	jugular foramen	jugular foramen of basilar part of occipital bone	36.89252650309089
946	CL:0001035	bone cell	bone cell	UBERON:0004636	thoracic vertebra 12	thoracic vertebra 12	36.89252650309089
943	CL:0001035	bone cell	bone cell	UBERON:0004636	thoracic vertebra 12	thoracic vertebra 12	36.89252650309089
305	CL:0001035	bone cell	bone cell	UBERON:0012291	lateral malleolus of fibula	lateral malleolus of fibula	35.425667345258546
559	CL:0001035	bone cell	bone cell	UBERON:0004602	rib 2	rib 2	35.425667345258546
835	CL:0001035	bone cell	bone cell	UBERON:0004620	lumbar vertebra 4	lumbar vertebra 4	35.425667345258546
836	CL:0001035	bone cell	bone cell	UBERON:0004620	lumbar vertebra 4	lumbar vertebra 4	35.425667345258546
838	CL:0001035	bone cell	bone cell	UBERON:0004620	lumbar vertebra 4	lumbar vertebra 4	35.425667345258546
833	CL:0001035	bone cell	bone cell	UBERON:0004620	lumbar vertebra 4	lumbar vertebra 4	35.425667345258546
555	CL:0001035	bone cell	bone cell	UBERON:0004602	rib 2	rib 2	35.425667345258546
839	CL:0001035	bone cell	bone cell	UBERON:0004620	lumbar vertebra 4	lumbar vertebra 4	35.425667345258546
658	CL:0001035	bone cell	bone cell	UBERON:0006820	body of sternum	sternal body of sternum	35.425667345258546
840	CL:0001035	bone cell	bone cell	UBERON:0004620	lumbar vertebra 4	lumbar vertebra 4	35.425667345258546
339	CL:0001035	bone cell	bone cell	UBERON:0014439	inferior pubic ramus	inferior pubic ramus of pubis of os coxa	35.425667345258546
843	CL:0001035	bone cell	bone cell	UBERON:0004620	lumbar vertebra 4	lumbar vertebra 4	35.425667345258546
558	CL:0001035	bone cell	bone cell	UBERON:0004602	rib 2	rib 2	35.425667345258546
553	CL:0001035	bone cell	bone cell	UBERON:0004602	rib 2	rib 2	35.425667345258546
828	CL:0001035	bone cell	bone cell	UBERON:0004620	lumbar vertebra 4	lumbar vertebra 4	35.425667345258546
554	CL:0001035	bone cell	bone cell	UBERON:0004602	rib 2	rib 2	35.425667345258546
829	CL:0001035	bone cell	bone cell	UBERON:0004620	lumbar vertebra 4	lumbar vertebra 4	35.425667345258546
552	CL:0001035	bone cell	bone cell	UBERON:0004602	rib 2	rib 2	35.425667345258546
551	CL:0001035	bone cell	bone cell	UBERON:0004602	rib 2	rib 2	35.425667345258546
550	CL:0001035	bone cell	bone cell	UBERON:0004602	rib 2	rib 2	35.425667345258546
830	CL:0001035	bone cell	bone cell	UBERON:0004620	lumbar vertebra 4	lumbar vertebra 4	35.425667345258546
189	CL:0001035	bone cell	bone cell	UBERON:0001455	cuboid bone	cuboid bone	35.425667345258546
831	CL:0001035	bone cell	bone cell	UBERON:0004620	lumbar vertebra 4	lumbar vertebra 4	35.425667345258546
191	CL:0001035	bone cell	bone cell	UBERON:0001455	cuboid bone	cuboid bone	35.425667345258546
549	CL:0001035	bone cell	bone cell	UBERON:0004602	rib 2	rib 2	35.425667345258546
832	CL:0001035	bone cell	bone cell	UBERON:0004620	lumbar vertebra 4	lumbar vertebra 4	35.425667345258546
548	CL:0001035	bone cell	bone cell	UBERON:0004602	rib 2	rib 2	35.425667345258546
842	CL:0001035	bone cell	bone cell	UBERON:0004620	lumbar vertebra 4	lumbar vertebra 4	35.425667345258546
363	CL:0001035	bone cell	bone cell	UBERON:0003997	hyoid bone greater horn	greater cornu of hyoid bone	34.227156146174494
546	CL:0001035	bone cell	bone cell	UBERON:0004611	rib 12	rib 12	34.227156146174494
58	CL:0001035	bone cell	bone cell	UBERON:0001433	distal carpal bone 4	distal carpal bone 4	34.227156146174494
844	CL:0001035	bone cell	bone cell	UBERON:0004621	lumbar vertebra 5	lumbar vertebra 5	34.227156146174494
845	CL:0001035	bone cell	bone cell	UBERON:0004621	lumbar vertebra 5	lumbar vertebra 5	34.227156146174494
846	CL:0001035	bone cell	bone cell	UBERON:0004621	lumbar vertebra 5	lumbar vertebra 5	34.227156146174494
847	CL:0001035	bone cell	bone cell	UBERON:0004621	lumbar vertebra 5	lumbar vertebra 5	34.227156146174494
848	CL:0001035	bone cell	bone cell	UBERON:0004621	lumbar vertebra 5	lumbar vertebra 5	34.227156146174494
849	CL:0001035	bone cell	bone cell	UBERON:0004621	lumbar vertebra 5	lumbar vertebra 5	34.227156146174494
851	CL:0001035	bone cell	bone cell	UBERON:0004621	lumbar vertebra 5	lumbar vertebra 5	34.227156146174494
854	CL:0001035	bone cell	bone cell	UBERON:0004621	lumbar vertebra 5	lumbar vertebra 5	34.227156146174494
855	CL:0001035	bone cell	bone cell	UBERON:0004621	lumbar vertebra 5	lumbar vertebra 5	34.227156146174494
856	CL:0001035	bone cell	bone cell	UBERON:0004621	lumbar vertebra 5	lumbar vertebra 5	34.227156146174494
858	CL:0001035	bone cell	bone cell	UBERON:0004621	lumbar vertebra 5	lumbar vertebra 5	34.227156146174494
859	CL:0001035	bone cell	bone cell	UBERON:0004621	lumbar vertebra 5	lumbar vertebra 5	34.227156146174494
852	CL:0001035	bone cell	bone cell	UBERON:0004621	lumbar vertebra 5	lumbar vertebra 5	34.227156146174494
57	CL:0001035	bone cell	bone cell	UBERON:0001432	distal carpal bone 3	distal carpal bone 3	34.227156146174494
543	CL:0001035	bone cell	bone cell	UBERON:0004611	rib 12	rib 12	34.227156146174494
145	CL:0001035	bone cell	bone cell	UBERON:0002445	ulnare	ulnare	34.227156146174494
542	CL:0001035	bone cell	bone cell	UBERON:0004611	rib 12	rib 12	34.227156146174494
483	CL:0001035	bone cell	bone cell	UBERON:0013767	frontal process of maxilla	frontal process of maxilla	34.227156146174494
364	CL:0001035	bone cell	bone cell	UBERON:0003998	hyoid bone lesser horn	lesser cornu of hyoid bone	34.227156146174494
164	CL:0001035	bone cell	bone cell	UBERON:0007173	lateral border of scapula	lateral border of scapula	34.227156146174494
59	CL:0001035	bone cell	bone cell	UBERON:0001433	distal carpal bone 4	distal carpal bone 4	34.227156146174494
159	CL:0001035	bone cell	bone cell	UBERON:0006633	coracoid process of scapula	coracoid process of scapula	34.227156146174494
333	CL:0001035	bone cell	bone cell	UBERON:0014411	greater sciatic notch	greater sciatic notch of ilium of os coxa	33.21382936590693
814	CL:0001035	bone cell	bone cell	UBERON:0004619	lumbar vertebra 3	lumbar vertebra 3	33.21382936590693
392	CL:0001035	bone cell	bone cell	UBERON:0006682	hypoglossal canal	hypoglossal canal of basilar part of occipital bone	33.21382936590693
812	CL:0001035	bone cell	bone cell	UBERON:0004619	lumbar vertebra 3	lumbar vertebra 3	33.21382936590693
813	CL:0001035	bone cell	bone cell	UBERON:0004619	lumbar vertebra 3	lumbar vertebra 3	33.21382936590693
815	CL:0001035	bone cell	bone cell	UBERON:0004619	lumbar vertebra 3	lumbar vertebra 3	33.21382936590693
827	CL:0001035	bone cell	bone cell	UBERON:0004619	lumbar vertebra 3	lumbar vertebra 3	33.21382936590693
816	CL:0001035	bone cell	bone cell	UBERON:0004619	lumbar vertebra 3	lumbar vertebra 3	33.21382936590693
817	CL:0001035	bone cell	bone cell	UBERON:0004619	lumbar vertebra 3	lumbar vertebra 3	33.21382936590693
494	CL:0001035	bone cell	bone cell	UBERON:0016477	zygomatic process of maxilla	zygomatic process of maxilla	33.21382936590693
819	CL:0001035	bone cell	bone cell	UBERON:0004619	lumbar vertebra 3	lumbar vertebra 3	33.21382936590693
820	CL:0001035	bone cell	bone cell	UBERON:0004619	lumbar vertebra 3	lumbar vertebra 3	33.21382936590693
823	CL:0001035	bone cell	bone cell	UBERON:0004619	lumbar vertebra 3	lumbar vertebra 3	33.21382936590693
824	CL:0001035	bone cell	bone cell	UBERON:0004619	lumbar vertebra 3	lumbar vertebra 3	33.21382936590693
826	CL:0001035	bone cell	bone cell	UBERON:0004619	lumbar vertebra 3	lumbar vertebra 3	33.21382936590693
822	CL:0001035	bone cell	bone cell	UBERON:0004619	lumbar vertebra 3	lumbar vertebra 3	33.21382936590693
1082	CL:0001035	bone cell	bone cell	UBERON:0004633	thoracic vertebra 9	thoracic vertebra 9	32.33604578230886
355	CL:0001035	bone cell	bone cell	UBERON:0003699	pubic symphysis	pubic symphysis of pubis of os coxa	32.33604578230886
752	CL:0001035	bone cell	bone cell	UBERON:0004615	mammalian cervical vertebra 6	cervical vertebra 6	32.33604578230886
761	CL:0001035	bone cell	bone cell	UBERON:0004615	mammalian cervical vertebra 6	cervical vertebra 6	32.33604578230886
759	CL:0001035	bone cell	bone cell	UBERON:0004615	mammalian cervical vertebra 6	cervical vertebra 6	32.33604578230886
758	CL:0001035	bone cell	bone cell	UBERON:0004615	mammalian cervical vertebra 6	cervical vertebra 6	32.33604578230886
757	CL:0001035	bone cell	bone cell	UBERON:0004615	mammalian cervical vertebra 6	cervical vertebra 6	32.33604578230886
756	CL:0001035	bone cell	bone cell	UBERON:0004615	mammalian cervical vertebra 6	cervical vertebra 6	32.33604578230886
754	CL:0001035	bone cell	bone cell	UBERON:0004615	mammalian cervical vertebra 6	cervical vertebra 6	32.33604578230886
753	CL:0001035	bone cell	bone cell	UBERON:0004615	mammalian cervical vertebra 6	cervical vertebra 6	32.33604578230886
751	CL:0001035	bone cell	bone cell	UBERON:0004615	mammalian cervical vertebra 6	cervical vertebra 6	32.33604578230886
905	CL:0001035	bone cell	bone cell	UBERON:0004634	thoracic vertebra 10	thoracic vertebra 10	32.33604578230886
750	CL:0001035	bone cell	bone cell	UBERON:0004615	mammalian cervical vertebra 6	cervical vertebra 6	32.33604578230886
748	CL:0001035	bone cell	bone cell	UBERON:0004615	mammalian cervical vertebra 6	cervical vertebra 6	32.33604578230886
907	CL:0001035	bone cell	bone cell	UBERON:0004634	thoracic vertebra 10	thoracic vertebra 10	32.33604578230886
908	CL:0001035	bone cell	bone cell	UBERON:0004634	thoracic vertebra 10	thoracic vertebra 10	32.33604578230886
909	CL:0001035	bone cell	bone cell	UBERON:0004634	thoracic vertebra 10	thoracic vertebra 10	32.33604578230886
913	CL:0001035	bone cell	bone cell	UBERON:0004634	thoracic vertebra 10	thoracic vertebra 10	32.33604578230886
914	CL:0001035	bone cell	bone cell	UBERON:0004634	thoracic vertebra 10	thoracic vertebra 10	32.33604578230886
762	CL:0001035	bone cell	bone cell	UBERON:0004615	mammalian cervical vertebra 6	cervical vertebra 6	32.33604578230886
904	CL:0001035	bone cell	bone cell	UBERON:0004634	thoracic vertebra 10	thoracic vertebra 10	32.33604578230886
917	CL:0001035	bone cell	bone cell	UBERON:0004635	thoracic vertebra 11	thoracic vertebra 11	32.33604578230886
785	CL:0001035	bone cell	bone cell	UBERON:0004617	lumbar vertebra 1	lumbar vertebra 1	32.33604578230886
795	CL:0001035	bone cell	bone cell	UBERON:0004617	lumbar vertebra 1	lumbar vertebra 1	32.33604578230886
794	CL:0001035	bone cell	bone cell	UBERON:0004617	lumbar vertebra 1	lumbar vertebra 1	32.33604578230886
792	CL:0001035	bone cell	bone cell	UBERON:0004617	lumbar vertebra 1	lumbar vertebra 1	32.33604578230886
791	CL:0001035	bone cell	bone cell	UBERON:0004617	lumbar vertebra 1	lumbar vertebra 1	32.33604578230886
790	CL:0001035	bone cell	bone cell	UBERON:0004617	lumbar vertebra 1	lumbar vertebra 1	32.33604578230886
788	CL:0001035	bone cell	bone cell	UBERON:0004617	lumbar vertebra 1	lumbar vertebra 1	32.33604578230886
787	CL:0001035	bone cell	bone cell	UBERON:0004617	lumbar vertebra 1	lumbar vertebra 1	32.33604578230886
784	CL:0001035	bone cell	bone cell	UBERON:0004617	lumbar vertebra 1	lumbar vertebra 1	32.33604578230886
903	CL:0001035	bone cell	bone cell	UBERON:0004634	thoracic vertebra 10	thoracic vertebra 10	32.33604578230886
783	CL:0001035	bone cell	bone cell	UBERON:0004617	lumbar vertebra 1	lumbar vertebra 1	32.33604578230886
782	CL:0001035	bone cell	bone cell	UBERON:0004617	lumbar vertebra 1	lumbar vertebra 1	32.33604578230886
781	CL:0001035	bone cell	bone cell	UBERON:0004617	lumbar vertebra 1	lumbar vertebra 1	32.33604578230886
780	CL:0001035	bone cell	bone cell	UBERON:0004617	lumbar vertebra 1	lumbar vertebra 1	32.33604578230886
898	CL:0001035	bone cell	bone cell	UBERON:0004634	thoracic vertebra 10	thoracic vertebra 10	32.33604578230886
900	CL:0001035	bone cell	bone cell	UBERON:0004634	thoracic vertebra 10	thoracic vertebra 10	32.33604578230886
902	CL:0001035	bone cell	bone cell	UBERON:0004634	thoracic vertebra 10	thoracic vertebra 10	32.33604578230886
915	CL:0001035	bone cell	bone cell	UBERON:0004635	thoracic vertebra 11	thoracic vertebra 11	32.33604578230886
911	CL:0001035	bone cell	bone cell	UBERON:0004634	thoracic vertebra 10	thoracic vertebra 10	32.33604578230886
919	CL:0001035	bone cell	bone cell	UBERON:0004635	thoracic vertebra 11	thoracic vertebra 11	32.33604578230886
1077	CL:0001035	bone cell	bone cell	UBERON:0004633	thoracic vertebra 9	thoracic vertebra 9	32.33604578230886
1066	CL:0001035	bone cell	bone cell	UBERON:0004633	thoracic vertebra 9	thoracic vertebra 9	32.33604578230886
920	CL:0001035	bone cell	bone cell	UBERON:0004635	thoracic vertebra 11	thoracic vertebra 11	32.33604578230886
1068	CL:0001035	bone cell	bone cell	UBERON:0004633	thoracic vertebra 9	thoracic vertebra 9	32.33604578230886
1069	CL:0001035	bone cell	bone cell	UBERON:0004633	thoracic vertebra 9	thoracic vertebra 9	32.33604578230886
1070	CL:0001035	bone cell	bone cell	UBERON:0004633	thoracic vertebra 9	thoracic vertebra 9	32.33604578230886
1071	CL:0001035	bone cell	bone cell	UBERON:0004633	thoracic vertebra 9	thoracic vertebra 9	32.33604578230886
56	CL:0001035	bone cell	bone cell	UBERON:0001431	distal carpal bone 2	distal carpal bone 2	32.33604578230886
1072	CL:0001035	bone cell	bone cell	UBERON:0004633	thoracic vertebra 9	thoracic vertebra 9	32.33604578230886
1073	CL:0001035	bone cell	bone cell	UBERON:0004633	thoracic vertebra 9	thoracic vertebra 9	32.33604578230886
1075	CL:0001035	bone cell	bone cell	UBERON:0004633	thoracic vertebra 9	thoracic vertebra 9	32.33604578230886
1076	CL:0001035	bone cell	bone cell	UBERON:0004633	thoracic vertebra 9	thoracic vertebra 9	32.33604578230886
1079	CL:0001035	bone cell	bone cell	UBERON:0004633	thoracic vertebra 9	thoracic vertebra 9	32.33604578230886
1081	CL:0001035	bone cell	bone cell	UBERON:0004633	thoracic vertebra 9	thoracic vertebra 9	32.33604578230886
931	CL:0001035	bone cell	bone cell	UBERON:0004635	thoracic vertebra 11	thoracic vertebra 11	32.33604578230886
930	CL:0001035	bone cell	bone cell	UBERON:0004635	thoracic vertebra 11	thoracic vertebra 11	32.33604578230886
928	CL:0001035	bone cell	bone cell	UBERON:0004635	thoracic vertebra 11	thoracic vertebra 11	32.33604578230886
926	CL:0001035	bone cell	bone cell	UBERON:0004635	thoracic vertebra 11	thoracic vertebra 11	32.33604578230886
924	CL:0001035	bone cell	bone cell	UBERON:0004635	thoracic vertebra 11	thoracic vertebra 11	32.33604578230886
922	CL:0001035	bone cell	bone cell	UBERON:0004635	thoracic vertebra 11	thoracic vertebra 11	32.33604578230886
921	CL:0001035	bone cell	bone cell	UBERON:0004635	thoracic vertebra 11	thoracic vertebra 11	32.33604578230886
807	CL:0001035	bone cell	bone cell	UBERON:0004618	lumbar vertebra 2	lumbar vertebra 2	31.561785789258096
803	CL:0001035	bone cell	bone cell	UBERON:0004618	lumbar vertebra 2	lumbar vertebra 2	31.561785789258096
801	CL:0001035	bone cell	bone cell	UBERON:0004618	lumbar vertebra 2	lumbar vertebra 2	31.561785789258096
1065	CL:0001035	bone cell	bone cell	UBERON:0011050	thoracic vertebra 8	thoracic vertebra 8	31.561785789258096
804	CL:0001035	bone cell	bone cell	UBERON:0004618	lumbar vertebra 2	lumbar vertebra 2	31.561785789258096
806	CL:0001035	bone cell	bone cell	UBERON:0004618	lumbar vertebra 2	lumbar vertebra 2	31.561785789258096
1062	CL:0001035	bone cell	bone cell	UBERON:0011050	thoracic vertebra 8	thoracic vertebra 8	31.561785789258096
808	CL:0001035	bone cell	bone cell	UBERON:0004618	lumbar vertebra 2	lumbar vertebra 2	31.561785789258096
810	CL:0001035	bone cell	bone cell	UBERON:0004618	lumbar vertebra 2	lumbar vertebra 2	31.561785789258096
799	CL:0001035	bone cell	bone cell	UBERON:0004618	lumbar vertebra 2	lumbar vertebra 2	31.561785789258096
418	CL:0001035	bone cell	bone cell	UBERON:0005745	optic foramen	optic canal of sphenoid bone	31.561785789258096
1049	CL:0001035	bone cell	bone cell	UBERON:0011050	thoracic vertebra 8	thoracic vertebra 8	31.561785789258096
1051	CL:0001035	bone cell	bone cell	UBERON:0011050	thoracic vertebra 8	thoracic vertebra 8	31.561785789258096
1052	CL:0001035	bone cell	bone cell	UBERON:0011050	thoracic vertebra 8	thoracic vertebra 8	31.561785789258096
1053	CL:0001035	bone cell	bone cell	UBERON:0011050	thoracic vertebra 8	thoracic vertebra 8	31.561785789258096
1054	CL:0001035	bone cell	bone cell	UBERON:0011050	thoracic vertebra 8	thoracic vertebra 8	31.561785789258096
1055	CL:0001035	bone cell	bone cell	UBERON:0011050	thoracic vertebra 8	thoracic vertebra 8	31.561785789258096
1056	CL:0001035	bone cell	bone cell	UBERON:0011050	thoracic vertebra 8	thoracic vertebra 8	31.561785789258096
55	CL:0001035	bone cell	bone cell	UBERON:0001430	distal carpal bone 1	distal carpal bone 1	31.561785789258096
1058	CL:0001035	bone cell	bone cell	UBERON:0011050	thoracic vertebra 8	thoracic vertebra 8	31.561785789258096
1059	CL:0001035	bone cell	bone cell	UBERON:0011050	thoracic vertebra 8	thoracic vertebra 8	31.561785789258096
1060	CL:0001035	bone cell	bone cell	UBERON:0011050	thoracic vertebra 8	thoracic vertebra 8	31.561785789258096
1064	CL:0001035	bone cell	bone cell	UBERON:0011050	thoracic vertebra 8	thoracic vertebra 8	31.561785789258096
811	CL:0001035	bone cell	bone cell	UBERON:0004618	lumbar vertebra 2	lumbar vertebra 2	31.561785789258096
334	CL:0001035	bone cell	bone cell	UBERON:0014437	iliac crest	iliac crest of ilium of os coxa	31.561785789258096
800	CL:0001035	bone cell	bone cell	UBERON:0004618	lumbar vertebra 2	lumbar vertebra 2	31.561785789258096
798	CL:0001035	bone cell	bone cell	UBERON:0004618	lumbar vertebra 2	lumbar vertebra 2	31.561785789258096
747	CL:0001035	bone cell	bone cell	UBERON:0004614	mammalian cervical vertebra 5	cervical vertebra 5	31.561785789258096
733	CL:0001035	bone cell	bone cell	UBERON:0004614	mammalian cervical vertebra 5	cervical vertebra 5	31.561785789258096
735	CL:0001035	bone cell	bone cell	UBERON:0004614	mammalian cervical vertebra 5	cervical vertebra 5	31.561785789258096
736	CL:0001035	bone cell	bone cell	UBERON:0004614	mammalian cervical vertebra 5	cervical vertebra 5	31.561785789258096
737	CL:0001035	bone cell	bone cell	UBERON:0004614	mammalian cervical vertebra 5	cervical vertebra 5	31.561785789258096
797	CL:0001035	bone cell	bone cell	UBERON:0004618	lumbar vertebra 2	lumbar vertebra 2	31.561785789258096
739	CL:0001035	bone cell	bone cell	UBERON:0004614	mammalian cervical vertebra 5	cervical vertebra 5	31.561785789258096
741	CL:0001035	bone cell	bone cell	UBERON:0004614	mammalian cervical vertebra 5	cervical vertebra 5	31.561785789258096
742	CL:0001035	bone cell	bone cell	UBERON:0004614	mammalian cervical vertebra 5	cervical vertebra 5	31.561785789258096
743	CL:0001035	bone cell	bone cell	UBERON:0004614	mammalian cervical vertebra 5	cervical vertebra 5	31.561785789258096
744	CL:0001035	bone cell	bone cell	UBERON:0004614	mammalian cervical vertebra 5	cervical vertebra 5	31.561785789258096
746	CL:0001035	bone cell	bone cell	UBERON:0004614	mammalian cervical vertebra 5	cervical vertebra 5	31.561785789258096
738	CL:0001035	bone cell	bone cell	UBERON:0004614	mammalian cervical vertebra 5	cervical vertebra 5	31.561785789258096
656	CL:0001035	bone cell	bone cell	UBERON:0002205	manubrium of sternum	manubrium of sternum	31.561785789258096
796	CL:0001035	bone cell	bone cell	UBERON:0004618	lumbar vertebra 2	lumbar vertebra 2	31.561785789258096
653	UBERON:0000975	sternum	sternum	UBERON:1200221	sternal region bone	sternal region bone	30.89913479536321
660	UBERON:0000975	sternum	sternum	UBERON:1200221	sternal region bone	sternal region bone	30.89913479536321
659	UBERON:0000975	sternum	sternum	UBERON:1200221	sternal region bone	sternal region bone	30.89913479536321
658	UBERON:0000975	sternum	sternum	UBERON:1200221	sternal region bone	sternal region bone	30.89913479536321
657	UBERON:0000975	sternum	sternum	UBERON:1200221	sternal region bone	sternal region bone	30.89913479536321
656	UBERON:0000975	sternum	sternum	UBERON:1200221	sternal region bone	sternal region bone	30.89913479536321
655	UBERON:0000975	sternum	sternum	UBERON:1200221	sternal region bone	sternal region bone	30.89913479536321
654	UBERON:0000975	sternum	sternum	UBERON:1200221	sternal region bone	sternal region bone	30.89913479536321
652	UBERON:0000975	sternum	sternum	UBERON:1200221	sternal region bone	sternal region bone	30.89913479536321
1036	CL:0001035	bone cell	bone cell	UBERON:0004632	thoracic vertebra 7	thoracic vertebra 7	30.869186624476484
1039	CL:0001035	bone cell	bone cell	UBERON:0004632	thoracic vertebra 7	thoracic vertebra 7	30.869186624476484
1038	CL:0001035	bone cell	bone cell	UBERON:0004632	thoracic vertebra 7	thoracic vertebra 7	30.869186624476484
1037	CL:0001035	bone cell	bone cell	UBERON:0004632	thoracic vertebra 7	thoracic vertebra 7	30.869186624476484
720	CL:0001035	bone cell	bone cell	UBERON:0004613	mammalian cervical vertebra 4	cervical vertebra 4	30.869186624476484
1035	CL:0001035	bone cell	bone cell	UBERON:0004632	thoracic vertebra 7	thoracic vertebra 7	30.869186624476484
1034	CL:0001035	bone cell	bone cell	UBERON:0004632	thoracic vertebra 7	thoracic vertebra 7	30.869186624476484
1042	CL:0001035	bone cell	bone cell	UBERON:0004632	thoracic vertebra 7	thoracic vertebra 7	30.869186624476484
1041	CL:0001035	bone cell	bone cell	UBERON:0004632	thoracic vertebra 7	thoracic vertebra 7	30.869186624476484
723	CL:0001035	bone cell	bone cell	UBERON:0004613	mammalian cervical vertebra 4	cervical vertebra 4	30.869186624476484
1043	CL:0001035	bone cell	bone cell	UBERON:0004632	thoracic vertebra 7	thoracic vertebra 7	30.869186624476484
1045	CL:0001035	bone cell	bone cell	UBERON:0004632	thoracic vertebra 7	thoracic vertebra 7	30.869186624476484
481	CL:0001035	bone cell	bone cell	UBERON:0004527	alveolar process of maxilla	alveolar process of maxilla	30.869186624476484
1047	CL:0001035	bone cell	bone cell	UBERON:0004632	thoracic vertebra 7	thoracic vertebra 7	30.869186624476484
1048	CL:0001035	bone cell	bone cell	UBERON:0004632	thoracic vertebra 7	thoracic vertebra 7	30.869186624476484
718	CL:0001035	bone cell	bone cell	UBERON:0004613	mammalian cervical vertebra 4	cervical vertebra 4	30.869186624476484
722	CL:0001035	bone cell	bone cell	UBERON:0004613	mammalian cervical vertebra 4	cervical vertebra 4	30.869186624476484
721	CL:0001035	bone cell	bone cell	UBERON:0004613	mammalian cervical vertebra 4	cervical vertebra 4	30.869186624476484
1032	CL:0001035	bone cell	bone cell	UBERON:0004632	thoracic vertebra 7	thoracic vertebra 7	30.869186624476484
727	CL:0001035	bone cell	bone cell	UBERON:0004613	mammalian cervical vertebra 4	cervical vertebra 4	30.869186624476484
724	CL:0001035	bone cell	bone cell	UBERON:0004613	mammalian cervical vertebra 4	cervical vertebra 4	30.869186624476484
493	CL:0001035	bone cell	bone cell	UBERON:0005871	palatine process of maxilla	palatine process of maxilla	30.869186624476484
732	CL:0001035	bone cell	bone cell	UBERON:0004613	mammalian cervical vertebra 4	cervical vertebra 4	30.869186624476484
731	CL:0001035	bone cell	bone cell	UBERON:0004613	mammalian cervical vertebra 4	cervical vertebra 4	30.869186624476484
729	CL:0001035	bone cell	bone cell	UBERON:0004613	mammalian cervical vertebra 4	cervical vertebra 4	30.869186624476484
728	CL:0001035	bone cell	bone cell	UBERON:0004613	mammalian cervical vertebra 4	cervical vertebra 4	30.869186624476484
726	CL:0001035	bone cell	bone cell	UBERON:0004613	mammalian cervical vertebra 4	cervical vertebra 4	30.869186624476484
1030	CL:0001035	bone cell	bone cell	UBERON:0004631	thoracic vertebra 6	thoracic vertebra 6	30.24265446947031
708	CL:0001035	bone cell	bone cell	UBERON:0004612	mammalian cervical vertebra 3	cervical vertebra 3	30.24265446947031
707	CL:0001035	bone cell	bone cell	UBERON:0004612	mammalian cervical vertebra 3	cervical vertebra 3	30.24265446947031
706	CL:0001035	bone cell	bone cell	UBERON:0004612	mammalian cervical vertebra 3	cervical vertebra 3	30.24265446947031
705	CL:0001035	bone cell	bone cell	UBERON:0004612	mammalian cervical vertebra 3	cervical vertebra 3	30.24265446947031
703	CL:0001035	bone cell	bone cell	UBERON:0004612	mammalian cervical vertebra 3	cervical vertebra 3	30.24265446947031
766	CL:0001035	bone cell	bone cell	UBERON:0004616	mammalian cervical vertebra 7	cervical vertebra 7	30.24265446947031
711	CL:0001035	bone cell	bone cell	UBERON:0004612	mammalian cervical vertebra 3	cervical vertebra 3	30.24265446947031
767	CL:0001035	bone cell	bone cell	UBERON:0004616	mammalian cervical vertebra 7	cervical vertebra 7	30.24265446947031
768	CL:0001035	bone cell	bone cell	UBERON:0004616	mammalian cervical vertebra 7	cervical vertebra 7	30.24265446947031
769	CL:0001035	bone cell	bone cell	UBERON:0004616	mammalian cervical vertebra 7	cervical vertebra 7	30.24265446947031
771	CL:0001035	bone cell	bone cell	UBERON:0004616	mammalian cervical vertebra 7	cervical vertebra 7	30.24265446947031
772	CL:0001035	bone cell	bone cell	UBERON:0004616	mammalian cervical vertebra 7	cervical vertebra 7	30.24265446947031
773	CL:0001035	bone cell	bone cell	UBERON:0004616	mammalian cervical vertebra 7	cervical vertebra 7	30.24265446947031
774	CL:0001035	bone cell	bone cell	UBERON:0004616	mammalian cervical vertebra 7	cervical vertebra 7	30.24265446947031
777	CL:0001035	bone cell	bone cell	UBERON:0004616	mammalian cervical vertebra 7	cervical vertebra 7	30.24265446947031
778	CL:0001035	bone cell	bone cell	UBERON:0004616	mammalian cervical vertebra 7	cervical vertebra 7	30.24265446947031
709	CL:0001035	bone cell	bone cell	UBERON:0004612	mammalian cervical vertebra 3	cervical vertebra 3	30.24265446947031
716	CL:0001035	bone cell	bone cell	UBERON:0004612	mammalian cervical vertebra 3	cervical vertebra 3	30.24265446947031
712	CL:0001035	bone cell	bone cell	UBERON:0004612	mammalian cervical vertebra 3	cervical vertebra 3	30.24265446947031
713	CL:0001035	bone cell	bone cell	UBERON:0004612	mammalian cervical vertebra 3	cervical vertebra 3	30.24265446947031
1026	CL:0001035	bone cell	bone cell	UBERON:0004631	thoracic vertebra 6	thoracic vertebra 6	30.24265446947031
1025	CL:0001035	bone cell	bone cell	UBERON:0004631	thoracic vertebra 6	thoracic vertebra 6	30.24265446947031
1024	CL:0001035	bone cell	bone cell	UBERON:0004631	thoracic vertebra 6	thoracic vertebra 6	30.24265446947031
1022	CL:0001035	bone cell	bone cell	UBERON:0004631	thoracic vertebra 6	thoracic vertebra 6	30.24265446947031
1021	CL:0001035	bone cell	bone cell	UBERON:0004631	thoracic vertebra 6	thoracic vertebra 6	30.24265446947031
1020	CL:0001035	bone cell	bone cell	UBERON:0004631	thoracic vertebra 6	thoracic vertebra 6	30.24265446947031
1019	CL:0001035	bone cell	bone cell	UBERON:0004631	thoracic vertebra 6	thoracic vertebra 6	30.24265446947031
1018	CL:0001035	bone cell	bone cell	UBERON:0004631	thoracic vertebra 6	thoracic vertebra 6	30.24265446947031
1017	CL:0001035	bone cell	bone cell	UBERON:0004631	thoracic vertebra 6	thoracic vertebra 6	30.24265446947031
1015	CL:0001035	bone cell	bone cell	UBERON:0004631	thoracic vertebra 6	thoracic vertebra 6	30.24265446947031
763	CL:0001035	bone cell	bone cell	UBERON:0004616	mammalian cervical vertebra 7	cervical vertebra 7	30.24265446947031
765	CL:0001035	bone cell	bone cell	UBERON:0004616	mammalian cervical vertebra 7	cervical vertebra 7	30.24265446947031
717	CL:0001035	bone cell	bone cell	UBERON:0004612	mammalian cervical vertebra 3	cervical vertebra 3	30.24265446947031
1031	CL:0001035	bone cell	bone cell	UBERON:0004631	thoracic vertebra 6	thoracic vertebra 6	30.24265446947031
714	CL:0001035	bone cell	bone cell	UBERON:0004612	mammalian cervical vertebra 3	cervical vertebra 3	30.24265446947031
1028	CL:0001035	bone cell	bone cell	UBERON:0004631	thoracic vertebra 6	thoracic vertebra 6	30.24265446947031
455	CL:0001035	bone cell	bone cell	UBERON:0001680	lacrimal bone	lacrimal bone	30.24265446947031
219	CL:0001035	bone cell	bone cell	UBERON:0003651	metatarsal bone of digit 2	metatarsal bone of digit 2	30.24265446947031
220	CL:0001035	bone cell	bone cell	UBERON:0003651	metatarsal bone of digit 2	metatarsal bone of digit 2	30.24265446947031
221	CL:0001035	bone cell	bone cell	UBERON:0003651	metatarsal bone of digit 2	metatarsal bone of digit 2	30.24265446947031
222	CL:0001035	bone cell	bone cell	UBERON:0003651	metatarsal bone of digit 2	metatarsal bone of digit 2	30.24265446947031
49	CL:0001035	bone cell	bone cell	UBERON:0011575	styloid process of ulna	styloid process of ulna	30.24265446947031
85	CL:0001035	bone cell	bone cell	UBERON:0001428	intermedium	lunate	30.24265446947031
1000	CL:0001035	bone cell	bone cell	UBERON:0004630	thoracic vertebra 5	thoracic vertebra 5	29.670675425392446
223	CL:0001035	bone cell	bone cell	UBERON:0003652	metatarsal bone of digit 3	metatarsal bone of digit 3	29.670675425392446
224	CL:0001035	bone cell	bone cell	UBERON:0003652	metatarsal bone of digit 3	metatarsal bone of digit 3	29.670675425392446
225	CL:0001035	bone cell	bone cell	UBERON:0003652	metatarsal bone of digit 3	metatarsal bone of digit 3	29.670675425392446
226	CL:0001035	bone cell	bone cell	UBERON:0003652	metatarsal bone of digit 3	metatarsal bone of digit 3	29.670675425392446
998	CL:0001035	bone cell	bone cell	UBERON:0004630	thoracic vertebra 5	thoracic vertebra 5	29.670675425392446
1014	CL:0001035	bone cell	bone cell	UBERON:0004630	thoracic vertebra 5	thoracic vertebra 5	29.670675425392446
1001	CL:0001035	bone cell	bone cell	UBERON:0004630	thoracic vertebra 5	thoracic vertebra 5	29.670675425392446
1013	CL:0001035	bone cell	bone cell	UBERON:0004630	thoracic vertebra 5	thoracic vertebra 5	29.670675425392446
1002	CL:0001035	bone cell	bone cell	UBERON:0004630	thoracic vertebra 5	thoracic vertebra 5	29.670675425392446
1011	CL:0001035	bone cell	bone cell	UBERON:0004630	thoracic vertebra 5	thoracic vertebra 5	29.670675425392446
1009	CL:0001035	bone cell	bone cell	UBERON:0004630	thoracic vertebra 5	thoracic vertebra 5	29.670675425392446
1008	CL:0001035	bone cell	bone cell	UBERON:0004630	thoracic vertebra 5	thoracic vertebra 5	29.670675425392446
1007	CL:0001035	bone cell	bone cell	UBERON:0004630	thoracic vertebra 5	thoracic vertebra 5	29.670675425392446
1005	CL:0001035	bone cell	bone cell	UBERON:0004630	thoracic vertebra 5	thoracic vertebra 5	29.670675425392446
1004	CL:0001035	bone cell	bone cell	UBERON:0004630	thoracic vertebra 5	thoracic vertebra 5	29.670675425392446
1003	CL:0001035	bone cell	bone cell	UBERON:0004630	thoracic vertebra 5	thoracic vertebra 5	29.670675425392446
425	CL:0001035	bone cell	bone cell	UBERON:0001724	sphenoidal sinus	sphenoid sinus of sphenoid bone	29.144505710528946
227	CL:0001035	bone cell	bone cell	UBERON:0003653	metatarsal bone of digit 4	metatarsal bone of digit 4	29.144505710528946
228	CL:0001035	bone cell	bone cell	UBERON:0003653	metatarsal bone of digit 4	metatarsal bone of digit 4	29.144505710528946
229	CL:0001035	bone cell	bone cell	UBERON:0003653	metatarsal bone of digit 4	metatarsal bone of digit 4	29.144505710528946
997	CL:0001035	bone cell	bone cell	UBERON:0004629	thoracic vertebra 4	thoracic vertebra 4	29.144505710528946
46	CL:0001035	bone cell	bone cell	UBERON:0006810	olecranon	olecranon of ulna	29.144505710528946
230	CL:0001035	bone cell	bone cell	UBERON:0003653	metatarsal bone of digit 4	metatarsal bone of digit 4	29.144505710528946
985	CL:0001035	bone cell	bone cell	UBERON:0004629	thoracic vertebra 4	thoracic vertebra 4	29.144505710528946
988	CL:0001035	bone cell	bone cell	UBERON:0004629	thoracic vertebra 4	thoracic vertebra 4	29.144505710528946
996	CL:0001035	bone cell	bone cell	UBERON:0004629	thoracic vertebra 4	thoracic vertebra 4	29.144505710528946
994	CL:0001035	bone cell	bone cell	UBERON:0004629	thoracic vertebra 4	thoracic vertebra 4	29.144505710528946
981	CL:0001035	bone cell	bone cell	UBERON:0004629	thoracic vertebra 4	thoracic vertebra 4	29.144505710528946
992	CL:0001035	bone cell	bone cell	UBERON:0004629	thoracic vertebra 4	thoracic vertebra 4	29.144505710528946
983	CL:0001035	bone cell	bone cell	UBERON:0004629	thoracic vertebra 4	thoracic vertebra 4	29.144505710528946
984	CL:0001035	bone cell	bone cell	UBERON:0004629	thoracic vertebra 4	thoracic vertebra 4	29.144505710528946
991	CL:0001035	bone cell	bone cell	UBERON:0004629	thoracic vertebra 4	thoracic vertebra 4	29.144505710528946
990	CL:0001035	bone cell	bone cell	UBERON:0004629	thoracic vertebra 4	thoracic vertebra 4	29.144505710528946
987	CL:0001035	bone cell	bone cell	UBERON:0004629	thoracic vertebra 4	thoracic vertebra 4	29.144505710528946
986	CL:0001035	bone cell	bone cell	UBERON:0004629	thoracic vertebra 4	thoracic vertebra 4	29.144505710528946
390	CL:0001035	bone cell	bone cell	UBERON:0003687	foramen magnum	foramen magnum of basilar part of occipital bone	28.657348645124884
968	CL:0001035	bone cell	bone cell	UBERON:0004628	thoracic vertebra 3	thoracic vertebra 3	28.657348645124884
979	CL:0001035	bone cell	bone cell	UBERON:0004628	thoracic vertebra 3	thoracic vertebra 3	28.657348645124884
967	CL:0001035	bone cell	bone cell	UBERON:0004628	thoracic vertebra 3	thoracic vertebra 3	28.657348645124884
511	CL:0001035	bone cell	bone cell	UBERON:0004601	rib 1	rib 1	28.657348645124884
964	CL:0001035	bone cell	bone cell	UBERON:0004628	thoracic vertebra 3	thoracic vertebra 3	28.657348645124884
969	CL:0001035	bone cell	bone cell	UBERON:0004628	thoracic vertebra 3	thoracic vertebra 3	28.657348645124884
514	CL:0001035	bone cell	bone cell	UBERON:0004601	rib 1	rib 1	28.657348645124884
512	CL:0001035	bone cell	bone cell	UBERON:0004601	rib 1	rib 1	28.657348645124884
513	CL:0001035	bone cell	bone cell	UBERON:0004601	rib 1	rib 1	28.657348645124884
980	CL:0001035	bone cell	bone cell	UBERON:0004628	thoracic vertebra 3	thoracic vertebra 3	28.657348645124884
970	CL:0001035	bone cell	bone cell	UBERON:0004628	thoracic vertebra 3	thoracic vertebra 3	28.657348645124884
971	CL:0001035	bone cell	bone cell	UBERON:0004628	thoracic vertebra 3	thoracic vertebra 3	28.657348645124884
519	CL:0001035	bone cell	bone cell	UBERON:0004601	rib 1	rib 1	28.657348645124884
520	CL:0001035	bone cell	bone cell	UBERON:0004601	rib 1	rib 1	28.657348645124884
524	CL:0001035	bone cell	bone cell	UBERON:0004601	rib 1	rib 1	28.657348645124884
973	CL:0001035	bone cell	bone cell	UBERON:0004628	thoracic vertebra 3	thoracic vertebra 3	28.657348645124884
974	CL:0001035	bone cell	bone cell	UBERON:0004628	thoracic vertebra 3	thoracic vertebra 3	28.657348645124884
975	CL:0001035	bone cell	bone cell	UBERON:0004628	thoracic vertebra 3	thoracic vertebra 3	28.657348645124884
977	CL:0001035	bone cell	bone cell	UBERON:0004628	thoracic vertebra 3	thoracic vertebra 3	28.657348645124884
966	CL:0001035	bone cell	bone cell	UBERON:0004628	thoracic vertebra 3	thoracic vertebra 3	28.657348645124884
253	CL:0001035	bone cell	bone cell	UBERON:0001451	navicular bone of pes	navicular bone of foot	28.203816267560086
963	CL:0001035	bone cell	bone cell	UBERON:0004627	thoracic vertebra 2	thoracic vertebra 2	28.203816267560086
957	CL:0001035	bone cell	bone cell	UBERON:0004627	thoracic vertebra 2	thoracic vertebra 2	28.203816267560086
958	CL:0001035	bone cell	bone cell	UBERON:0004627	thoracic vertebra 2	thoracic vertebra 2	28.203816267560086
954	CL:0001035	bone cell	bone cell	UBERON:0004627	thoracic vertebra 2	thoracic vertebra 2	28.203816267560086
960	CL:0001035	bone cell	bone cell	UBERON:0004627	thoracic vertebra 2	thoracic vertebra 2	28.203816267560086
953	CL:0001035	bone cell	bone cell	UBERON:0004627	thoracic vertebra 2	thoracic vertebra 2	28.203816267560086
952	CL:0001035	bone cell	bone cell	UBERON:0004627	thoracic vertebra 2	thoracic vertebra 2	28.203816267560086
962	CL:0001035	bone cell	bone cell	UBERON:0004627	thoracic vertebra 2	thoracic vertebra 2	28.203816267560086
951	CL:0001035	bone cell	bone cell	UBERON:0004627	thoracic vertebra 2	thoracic vertebra 2	28.203816267560086
950	CL:0001035	bone cell	bone cell	UBERON:0004627	thoracic vertebra 2	thoracic vertebra 2	28.203816267560086
956	CL:0001035	bone cell	bone cell	UBERON:0004627	thoracic vertebra 2	thoracic vertebra 2	28.203816267560086
692	CL:0001035	bone cell	bone cell	UBERON:0004096	odontoid process of cervical vertebra 2	odontoid process of second cervical vertebra	28.203816267560086
949	CL:0001035	bone cell	bone cell	UBERON:0004627	thoracic vertebra 2	thoracic vertebra 2	28.203816267560086
252	CL:0001035	bone cell	bone cell	UBERON:0001451	navicular bone of pes	navicular bone of foot	28.203816267560086
947	CL:0001035	bone cell	bone cell	UBERON:0004627	thoracic vertebra 2	thoracic vertebra 2	28.203816267560086
105	CL:0001035	bone cell	bone cell	UBERON:0003649	metacarpal bone of digit 5	metacarpal bone of digit 5	27.779565061526796
887	CL:0001035	bone cell	bone cell	UBERON:0004626	thoracic vertebra 1	thoracic vertebra 1	27.779565061526796
143	CL:0001035	bone cell	bone cell	UBERON:0001427	radiale	scaphoid	27.779565061526796
885	CL:0001035	bone cell	bone cell	UBERON:0004626	thoracic vertebra 1	thoracic vertebra 1	27.779565061526796
160	CL:0001035	bone cell	bone cell	UBERON:0006657	glenoid fossa	glenoid fossa of scapula	27.779565061526796
440	CL:0001035	bone cell	bone cell	UBERON:0011220	mastoid process of temporal bone	mastoid process of mastoid part of temporal bone	27.779565061526796
886	CL:0001035	bone cell	bone cell	UBERON:0004626	thoracic vertebra 1	thoracic vertebra 1	27.779565061526796
102	CL:0001035	bone cell	bone cell	UBERON:0003649	metacarpal bone of digit 5	metacarpal bone of digit 5	27.779565061526796
231	CL:0001035	bone cell	bone cell	UBERON:0003654	metatarsal bone of digit 5	metatarsal bone of digit 5	27.779565061526796
103	CL:0001035	bone cell	bone cell	UBERON:0003649	metacarpal bone of digit 5	metacarpal bone of digit 5	27.779565061526796
888	CL:0001035	bone cell	bone cell	UBERON:0004626	thoracic vertebra 1	thoracic vertebra 1	27.779565061526796
890	CL:0001035	bone cell	bone cell	UBERON:0004626	thoracic vertebra 1	thoracic vertebra 1	27.779565061526796
234	CL:0001035	bone cell	bone cell	UBERON:0003654	metatarsal bone of digit 5	metatarsal bone of digit 5	27.779565061526796
232	CL:0001035	bone cell	bone cell	UBERON:0003654	metatarsal bone of digit 5	metatarsal bone of digit 5	27.779565061526796
466	CL:0001035	bone cell	bone cell	UBERON:0004657	mandible condylar process	mandibular condyle of mandible	27.779565061526796
881	CL:0001035	bone cell	bone cell	UBERON:0004626	thoracic vertebra 1	thoracic vertebra 1	27.779565061526796
235	CL:0001035	bone cell	bone cell	UBERON:0003654	metatarsal bone of digit 5	metatarsal bone of digit 5	27.779565061526796
891	CL:0001035	bone cell	bone cell	UBERON:0004626	thoracic vertebra 1	thoracic vertebra 1	27.779565061526796
883	CL:0001035	bone cell	bone cell	UBERON:0004626	thoracic vertebra 1	thoracic vertebra 1	27.779565061526796
233	CL:0001035	bone cell	bone cell	UBERON:0003654	metatarsal bone of digit 5	metatarsal bone of digit 5	27.779565061526796
104	CL:0001035	bone cell	bone cell	UBERON:0003649	metacarpal bone of digit 5	metacarpal bone of digit 5	27.779565061526796
884	CL:0001035	bone cell	bone cell	UBERON:0004626	thoracic vertebra 1	thoracic vertebra 1	27.779565061526796
894	CL:0001035	bone cell	bone cell	UBERON:0004626	thoracic vertebra 1	thoracic vertebra 1	27.779565061526796
892	CL:0001035	bone cell	bone cell	UBERON:0004626	thoracic vertebra 1	thoracic vertebra 1	27.779565061526796
896	CL:0001035	bone cell	bone cell	UBERON:0004626	thoracic vertebra 1	thoracic vertebra 1	27.779565061526796
897	CL:0001035	bone cell	bone cell	UBERON:0004626	thoracic vertebra 1	thoracic vertebra 1	27.779565061526796
92	CL:0001035	bone cell	bone cell	UBERON:0003646	metacarpal bone of digit 2	metacarpal bone of digit 2	27.381042311584807
91	CL:0001035	bone cell	bone cell	UBERON:0003646	metacarpal bone of digit 2	metacarpal bone of digit 2	27.381042311584807
93	CL:0001035	bone cell	bone cell	UBERON:0003646	metacarpal bone of digit 2	metacarpal bone of digit 2	27.381042311584807
90	CL:0001035	bone cell	bone cell	UBERON:0003646	metacarpal bone of digit 2	metacarpal bone of digit 2	27.381042311584807
98	CL:0001035	bone cell	bone cell	UBERON:0003648	metacarpal bone of digit 4	metacarpal bone of digit 4	27.005305068476034
99	CL:0001035	bone cell	bone cell	UBERON:0003648	metacarpal bone of digit 4	metacarpal bone of digit 4	27.005305068476034
100	CL:0001035	bone cell	bone cell	UBERON:0003648	metacarpal bone of digit 4	metacarpal bone of digit 4	27.005305068476034
101	CL:0001035	bone cell	bone cell	UBERON:0003648	metacarpal bone of digit 4	metacarpal bone of digit 4	27.005305068476034
450	CL:0001035	bone cell	bone cell	UBERON:0001688	incus bone	incus bone	26.64988812636966
96	CL:0001035	bone cell	bone cell	UBERON:0003647	metacarpal bone of digit 3	metacarpal bone of digit 3	26.64988812636966
95	CL:0001035	bone cell	bone cell	UBERON:0003647	metacarpal bone of digit 3	metacarpal bone of digit 3	26.64988812636966
97	CL:0001035	bone cell	bone cell	UBERON:0003647	metacarpal bone of digit 3	metacarpal bone of digit 3	26.64988812636966
94	CL:0001035	bone cell	bone cell	UBERON:0003647	metacarpal bone of digit 3	metacarpal bone of digit 3	26.64988812636966
663	CL:0001035	bone cell	bone cell	UBERON:0001350	coccyx	coccyx	26.312705903694436
297	CL:0001035	bone cell	bone cell	UBERON:0007119	neck of femur	neck of femur	26.312705903694436
424	CL:0001035	bone cell	bone cell	UBERON:0003689	sella turcica	sella turcica of sphenoid bone	26.312705903694436
490	CL:0001035	bone cell	bone cell	UBERON:0001764	maxillary sinus	maxillary sinus of maxilla	26.312705903694436
379	CL:0001035	bone cell	bone cell	UBERON:0001760	frontal sinus	frontal sinus of frontal bone	25.68617374868826
501	CL:0001035	bone cell	bone cell	UBERON:0002396	vomer	vomer	25.114194704610384
502	CL:0001035	bone cell	bone cell	UBERON:0002396	vomer	vomer	25.114194704610384
247	CL:0001035	bone cell	bone cell	UBERON:0004326	middle phalanx of pedal digit 4	middle phalanx of digit of foot 4	24.588024989746884
246	CL:0001035	bone cell	bone cell	UBERON:0004326	middle phalanx of pedal digit 4	middle phalanx of digit of foot 4	24.588024989746884
244	CL:0001035	bone cell	bone cell	UBERON:0004326	middle phalanx of pedal digit 4	middle phalanx of digit of foot 4	24.588024989746884
251	CL:0001035	bone cell	bone cell	UBERON:0004327	middle phalanx of pedal digit 5	middle phalanx of digit of foot 5	24.588024989746884
245	CL:0001035	bone cell	bone cell	UBERON:0004326	middle phalanx of pedal digit 4	middle phalanx of digit of foot 4	24.588024989746884
249	CL:0001035	bone cell	bone cell	UBERON:0004327	middle phalanx of pedal digit 5	middle phalanx of digit of foot 5	24.588024989746884
250	CL:0001035	bone cell	bone cell	UBERON:0004327	middle phalanx of pedal digit 5	middle phalanx of digit of foot 5	24.588024989746884
248	CL:0001035	bone cell	bone cell	UBERON:0004327	middle phalanx of pedal digit 5	middle phalanx of digit of foot 5	24.588024989746884
272	CL:0001035	bone cell	bone cell	UBERON:0004336	proximal phalanx of pedal digit 5	proximal phalanx of digit of foot 5	24.33993471155962
242	CL:0001035	bone cell	bone cell	UBERON:0004325	middle phalanx of pedal digit 3	middle phalanx of digit of foot 3	24.33993471155962
243	CL:0001035	bone cell	bone cell	UBERON:0004325	middle phalanx of pedal digit 3	middle phalanx of digit of foot 3	24.33993471155962
268	CL:0001035	bone cell	bone cell	UBERON:0004335	proximal phalanx of pedal digit 4	proximal phalanx of digit of foot 4	24.33993471155962
271	CL:0001035	bone cell	bone cell	UBERON:0004336	proximal phalanx of pedal digit 5	proximal phalanx of digit of foot 5	24.33993471155962
270	CL:0001035	bone cell	bone cell	UBERON:0004336	proximal phalanx of pedal digit 5	proximal phalanx of digit of foot 5	24.33993471155962
269	CL:0001035	bone cell	bone cell	UBERON:0004335	proximal phalanx of pedal digit 4	proximal phalanx of digit of foot 4	24.33993471155962
267	CL:0001035	bone cell	bone cell	UBERON:0004335	proximal phalanx of pedal digit 4	proximal phalanx of digit of foot 4	24.33993471155962
266	CL:0001035	bone cell	bone cell	UBERON:0004335	proximal phalanx of pedal digit 4	proximal phalanx of digit of foot 4	24.33993471155962
241	CL:0001035	bone cell	bone cell	UBERON:0004325	middle phalanx of pedal digit 3	middle phalanx of digit of foot 3	24.33993471155962
860	CL:0001035	bone cell	bone cell	UBERON:0001094	sacral vertebra	sacral vertebra	24.33993471155962
240	CL:0001035	bone cell	bone cell	UBERON:0004325	middle phalanx of pedal digit 3	middle phalanx of digit of foot 3	24.33993471155962
206	CL:0001035	bone cell	bone cell	UBERON:0004318	distal phalanx of pedal digit 4	distal phalanx of digit of foot 4	24.33993471155962
210	CL:0001035	bone cell	bone cell	UBERON:0004319	distal phalanx of pedal digit 5	distal phalanx of digit of foot 5	24.33993471155962
209	CL:0001035	bone cell	bone cell	UBERON:0004319	distal phalanx of pedal digit 5	distal phalanx of digit of foot 5	24.33993471155962
208	CL:0001035	bone cell	bone cell	UBERON:0004319	distal phalanx of pedal digit 5	distal phalanx of digit of foot 5	24.33993471155962
273	CL:0001035	bone cell	bone cell	UBERON:0004336	proximal phalanx of pedal digit 5	proximal phalanx of digit of foot 5	24.33993471155962
207	CL:0001035	bone cell	bone cell	UBERON:0004318	distal phalanx of pedal digit 4	distal phalanx of digit of foot 4	24.33993471155962
205	CL:0001035	bone cell	bone cell	UBERON:0004318	distal phalanx of pedal digit 4	distal phalanx of digit of foot 4	24.33993471155962
204	CL:0001035	bone cell	bone cell	UBERON:0004318	distal phalanx of pedal digit 4	distal phalanx of digit of foot 4	24.33993471155962
211	CL:0001035	bone cell	bone cell	UBERON:0004319	distal phalanx of pedal digit 5	distal phalanx of digit of foot 5	24.33993471155962
361	UBERON:0001685	hyoid bone	hyoid bone	UBERON:1200076	hyoid region bone	hyoid region bone	24.249262761742628
362	UBERON:0001685	hyoid bone	hyoid bone	UBERON:1200076	hyoid region bone	hyoid region bone	24.249262761742628
363	UBERON:0001685	hyoid bone	hyoid bone	UBERON:1200076	hyoid region bone	hyoid region bone	24.249262761742628
364	UBERON:0001685	hyoid bone	hyoid bone	UBERON:1200076	hyoid region bone	hyoid region bone	24.249262761742628
203	CL:0001035	bone cell	bone cell	UBERON:0004317	distal phalanx of pedal digit 3	distal phalanx of digit of foot 3	24.100867924342822
202	CL:0001035	bone cell	bone cell	UBERON:0004317	distal phalanx of pedal digit 3	distal phalanx of digit of foot 3	24.100867924342822
201	CL:0001035	bone cell	bone cell	UBERON:0004317	distal phalanx of pedal digit 3	distal phalanx of digit of foot 3	24.100867924342822
200	CL:0001035	bone cell	bone cell	UBERON:0004317	distal phalanx of pedal digit 3	distal phalanx of digit of foot 3	24.100867924342822
262	CL:0001035	bone cell	bone cell	UBERON:0004334	proximal phalanx of pedal digit 3	proximal phalanx of digit of foot 3	23.870191198430618
263	CL:0001035	bone cell	bone cell	UBERON:0004334	proximal phalanx of pedal digit 3	proximal phalanx of digit of foot 3	23.870191198430618
264	CL:0001035	bone cell	bone cell	UBERON:0004334	proximal phalanx of pedal digit 3	proximal phalanx of digit of foot 3	23.870191198430618
265	CL:0001035	bone cell	bone cell	UBERON:0004334	proximal phalanx of pedal digit 3	proximal phalanx of digit of foot 3	23.870191198430618
452	CL:0001035	bone cell	bone cell	UBERON:0001687	stapes bone	stapes bone	23.647335546778024
402	CL:0001035	bone cell	bone cell	UBERON:0000210	tetrapod parietal bone	parietal bone	23.431787969407637
495	CL:0001035	bone cell	bone cell	UBERON:0001681	nasal bone	nasal bone	23.431787969407637
403	CL:0001035	bone cell	bone cell	UBERON:0000210	tetrapod parietal bone	parietal bone	23.431787969407637
398	CL:0001035	bone cell	bone cell	UBERON:0000210	tetrapod parietal bone	parietal bone	23.431787969407637
125	CL:0001035	bone cell	bone cell	UBERON:0004338	proximal phalanx of manual digit 1	proximal phalanx of digit of hand 1	23.02080339177185
123	CL:0001035	bone cell	bone cell	UBERON:0004338	proximal phalanx of manual digit 1	proximal phalanx of digit of hand 1	23.02080339177185
239	CL:0001035	bone cell	bone cell	UBERON:0004324	middle phalanx of pedal digit 2	middle phalanx of digit of foot 2	22.824561590802745
260	CL:0001035	bone cell	bone cell	UBERON:0004333	proximal phalanx of pedal digit 2	proximal phalanx of digit of foot 2	22.824561590802745
236	CL:0001035	bone cell	bone cell	UBERON:0004324	middle phalanx of pedal digit 2	middle phalanx of digit of foot 2	22.824561590802745
366	CL:0001035	bone cell	bone cell	UBERON:0001679	ethmoid bone	ethmoid bone	22.824561590802745
368	CL:0001035	bone cell	bone cell	UBERON:0001679	ethmoid bone	ethmoid bone	22.824561590802745
261	CL:0001035	bone cell	bone cell	UBERON:0004333	proximal phalanx of pedal digit 2	proximal phalanx of digit of foot 2	22.824561590802745
237	CL:0001035	bone cell	bone cell	UBERON:0004324	middle phalanx of pedal digit 2	middle phalanx of digit of foot 2	22.824561590802745
258	CL:0001035	bone cell	bone cell	UBERON:0004333	proximal phalanx of pedal digit 2	proximal phalanx of digit of foot 2	22.824561590802745
496	CL:0001035	bone cell	bone cell	UBERON:0001682	palatine bone	palatine bone	22.824561590802745
259	CL:0001035	bone cell	bone cell	UBERON:0004333	proximal phalanx of pedal digit 2	proximal phalanx of digit of foot 2	22.824561590802745
500	CL:0001035	bone cell	bone cell	UBERON:0001682	palatine bone	palatine bone	22.824561590802745
498	CL:0001035	bone cell	bone cell	UBERON:0001682	palatine bone	palatine bone	22.824561590802745
254	CL:0001035	bone cell	bone cell	UBERON:0004332	proximal phalanx of pedal digit 1	proximal phalanx of digit of foot 1	22.448824347693986
257	CL:0001035	bone cell	bone cell	UBERON:0004332	proximal phalanx of pedal digit 1	proximal phalanx of digit of foot 1	22.448824347693986
199	CL:0001035	bone cell	bone cell	UBERON:0004316	distal phalanx of pedal digit 2	distal phalanx of digit of foot 2	22.448824347693986
196	CL:0001035	bone cell	bone cell	UBERON:0004316	distal phalanx of pedal digit 2	distal phalanx of digit of foot 2	22.448824347693986
256	CL:0001035	bone cell	bone cell	UBERON:0004332	proximal phalanx of pedal digit 1	proximal phalanx of digit of foot 1	22.448824347693986
197	CL:0001035	bone cell	bone cell	UBERON:0004316	distal phalanx of pedal digit 2	distal phalanx of digit of foot 2	22.448824347693986
135	CL:0001035	bone cell	bone cell	UBERON:0004330	proximal phalanx of manual digit 4	proximal phalanx of digit of hand 4	22.268714118353515
120	CL:0001035	bone cell	bone cell	UBERON:0004323	middle phalanx of manual digit 5	middle phalanx of digit of hand 5	22.268714118353515
194	CL:0001035	bone cell	bone cell	UBERON:0004315	distal phalanx of pedal digit 1	distal phalanx of digit of foot 1	22.268714118353515
109	CL:0001035	bone cell	bone cell	UBERON:0004320	middle phalanx of manual digit 2	middle phalanx of digit of hand 2	22.268714118353515
195	CL:0001035	bone cell	bone cell	UBERON:0004315	distal phalanx of pedal digit 1	distal phalanx of digit of foot 1	22.268714118353515
192	CL:0001035	bone cell	bone cell	UBERON:0004315	distal phalanx of pedal digit 1	distal phalanx of digit of foot 1	22.268714118353515
138	CL:0001035	bone cell	bone cell	UBERON:0004330	proximal phalanx of manual digit 4	proximal phalanx of digit of hand 4	22.268714118353515
107	CL:0001035	bone cell	bone cell	UBERON:0004320	middle phalanx of manual digit 2	middle phalanx of digit of hand 2	22.268714118353515
121	CL:0001035	bone cell	bone cell	UBERON:0004323	middle phalanx of manual digit 5	middle phalanx of digit of hand 5	22.268714118353515
114	CL:0001035	bone cell	bone cell	UBERON:0004322	middle phalanx of manual digit 4	middle phalanx of digit of hand 4	22.268714118353515
117	CL:0001035	bone cell	bone cell	UBERON:0004322	middle phalanx of manual digit 4	middle phalanx of digit of hand 4	22.268714118353515
115	CL:0001035	bone cell	bone cell	UBERON:0004322	middle phalanx of manual digit 4	middle phalanx of digit of hand 4	22.268714118353515
119	CL:0001035	bone cell	bone cell	UBERON:0004323	middle phalanx of manual digit 5	middle phalanx of digit of hand 5	22.268714118353515
116	CL:0001035	bone cell	bone cell	UBERON:0004322	middle phalanx of manual digit 4	middle phalanx of digit of hand 4	22.268714118353515
131	CL:0001035	bone cell	bone cell	UBERON:0004329	proximal phalanx of manual digit 3	proximal phalanx of digit of hand 3	22.268714118353515
118	CL:0001035	bone cell	bone cell	UBERON:0004323	middle phalanx of manual digit 5	middle phalanx of digit of hand 5	22.268714118353515
134	CL:0001035	bone cell	bone cell	UBERON:0004329	proximal phalanx of manual digit 3	proximal phalanx of digit of hand 3	22.268714118353515
132	CL:0001035	bone cell	bone cell	UBERON:0004329	proximal phalanx of manual digit 3	proximal phalanx of digit of hand 3	22.268714118353515
137	CL:0001035	bone cell	bone cell	UBERON:0004330	proximal phalanx of manual digit 4	proximal phalanx of digit of hand 4	22.268714118353515
133	CL:0001035	bone cell	bone cell	UBERON:0004329	proximal phalanx of manual digit 3	proximal phalanx of digit of hand 3	22.268714118353515
136	CL:0001035	bone cell	bone cell	UBERON:0004330	proximal phalanx of manual digit 4	proximal phalanx of digit of hand 4	22.268714118353515
106	CL:0001035	bone cell	bone cell	UBERON:0004320	middle phalanx of manual digit 2	middle phalanx of digit of hand 2	22.268714118353515
506	CL:0001035	bone cell	bone cell	UBERON:0001683	jugal bone	zygomatic bone	22.268714118353515
504	CL:0001035	bone cell	bone cell	UBERON:0001683	jugal bone	zygomatic bone	22.268714118353515
73	CL:0001035	bone cell	bone cell	UBERON:0004312	distal phalanx of manual digit 3	distal phalanx of digit of hand 3	22.268714118353515
72	CL:0001035	bone cell	bone cell	UBERON:0004312	distal phalanx of manual digit 3	distal phalanx of digit of hand 3	22.268714118353515
71	CL:0001035	bone cell	bone cell	UBERON:0004312	distal phalanx of manual digit 3	distal phalanx of digit of hand 3	22.268714118353515
70	CL:0001035	bone cell	bone cell	UBERON:0004312	distal phalanx of manual digit 3	distal phalanx of digit of hand 3	22.268714118353515
285	CL:0001035	bone cell	bone cell	UBERON:0006767	head of femur	head of femur	22.268714118353515
308	CL:0001035	bone cell	bone cell	UBERON:0002446	patella	patella	22.268714118353515
78	CL:0001035	bone cell	bone cell	UBERON:0004313	distal phalanx of manual digit 4	distal phalanx of digit of hand 4	22.093407405587612
76	CL:0001035	bone cell	bone cell	UBERON:0004313	distal phalanx of manual digit 4	distal phalanx of digit of hand 4	22.093407405587612
75	CL:0001035	bone cell	bone cell	UBERON:0004313	distal phalanx of manual digit 4	distal phalanx of digit of hand 4	22.093407405587612
68	CL:0001035	bone cell	bone cell	UBERON:0004311	distal phalanx of manual digit 2	distal phalanx of digit of hand 2	22.093407405587612
66	CL:0001035	bone cell	bone cell	UBERON:0004311	distal phalanx of manual digit 2	distal phalanx of digit of hand 2	22.093407405587612
65	CL:0001035	bone cell	bone cell	UBERON:0004311	distal phalanx of manual digit 2	distal phalanx of digit of hand 2	22.093407405587612
77	CL:0001035	bone cell	bone cell	UBERON:0004313	distal phalanx of manual digit 4	distal phalanx of digit of hand 4	22.093407405587612
113	CL:0001035	bone cell	bone cell	UBERON:0004321	middle phalanx of manual digit 3	middle phalanx of digit of hand 3	22.093407405587612
111	CL:0001035	bone cell	bone cell	UBERON:0004321	middle phalanx of manual digit 3	middle phalanx of digit of hand 3	22.093407405587612
110	CL:0001035	bone cell	bone cell	UBERON:0004321	middle phalanx of manual digit 3	middle phalanx of digit of hand 3	22.093407405587612
142	CL:0001035	bone cell	bone cell	UBERON:0004331	proximal phalanx of manual digit 5	proximal phalanx of digit of hand 5	21.922654632830486
141	CL:0001035	bone cell	bone cell	UBERON:0004331	proximal phalanx of manual digit 5	proximal phalanx of digit of hand 5	21.922654632830486
140	CL:0001035	bone cell	bone cell	UBERON:0004331	proximal phalanx of manual digit 5	proximal phalanx of digit of hand 5	21.922654632830486
139	CL:0001035	bone cell	bone cell	UBERON:0004331	proximal phalanx of manual digit 5	proximal phalanx of digit of hand 5	21.922654632830486
130	CL:0001035	bone cell	bone cell	UBERON:0004328	proximal phalanx of manual digit 2	proximal phalanx of digit of hand 2	21.756225182912374
129	CL:0001035	bone cell	bone cell	UBERON:0004328	proximal phalanx of manual digit 2	proximal phalanx of digit of hand 2	21.756225182912374
128	CL:0001035	bone cell	bone cell	UBERON:0004328	proximal phalanx of manual digit 2	proximal phalanx of digit of hand 2	21.756225182912374
127	CL:0001035	bone cell	bone cell	UBERON:0004328	proximal phalanx of manual digit 2	proximal phalanx of digit of hand 2	21.756225182912374
361	CL:0001035	bone cell	bone cell	UBERON:0001685	hyoid bone	hyoid bone	21.756225182912374
362	CL:0001035	bone cell	bone cell	UBERON:0001685	hyoid bone	hyoid bone	21.756225182912374
80	CL:0001035	bone cell	bone cell	UBERON:0004314	distal phalanx of manual digit 5	distal phalanx of digit of hand 5	21.593905525025463
83	CL:0001035	bone cell	bone cell	UBERON:0004314	distal phalanx of manual digit 5	distal phalanx of digit of hand 5	21.593905525025463
82	CL:0001035	bone cell	bone cell	UBERON:0004314	distal phalanx of manual digit 5	distal phalanx of digit of hand 5	21.593905525025463
81	CL:0001035	bone cell	bone cell	UBERON:0004314	distal phalanx of manual digit 5	distal phalanx of digit of hand 5	21.593905525025463
62	CL:0001035	bone cell	bone cell	UBERON:0004337	distal phalanx of manual digit 1	distal phalanx of digit of hand 1	21.129693027906214
60	CL:0001035	bone cell	bone cell	UBERON:0004337	distal phalanx of manual digit 1	distal phalanx of digit of hand 1	21.129693027906214
274	CL:0001035	bone cell	bone cell	UBERON:0002395	talus	talus	20.696110930114926
275	CL:0001035	bone cell	bone cell	UBERON:0002395	talus	talus	20.696110930114926
276	CL:0001035	bone cell	bone cell	UBERON:0002395	talus	talus	20.696110930114926
279	CL:0001035	bone cell	bone cell	UBERON:0002395	talus	talus	20.696110930114926
278	CL:0001035	bone cell	bone cell	UBERON:0002395	talus	talus	20.696110930114926
683	CL:0001035	bone cell	bone cell	UBERON:0001077	transverse process of vertebra	transverse process of first cervical vertebra	20.422170787158862
699	CL:0001035	bone cell	bone cell	UBERON:0001077	transverse process of vertebra	transverse process of second cervical vertebra	20.422170787158862
87	CL:0001035	bone cell	bone cell	UBERON:0003645	metacarpal bone of digit 1	metacarpal bone of digit 1	20.422170787158862
88	CL:0001035	bone cell	bone cell	UBERON:0003645	metacarpal bone of digit 1	metacarpal bone of digit 1	20.422170787158862
89	CL:0001035	bone cell	bone cell	UBERON:0003645	metacarpal bone of digit 1	metacarpal bone of digit 1	20.422170787158862
176	CL:0001035	bone cell	bone cell	UBERON:0001450	calcaneus	calcaneus	20.422170787158862
177	CL:0001035	bone cell	bone cell	UBERON:0001450	calcaneus	calcaneus	20.422170787158862
665	CL:0001035	bone cell	bone cell	UBERON:0001077	transverse process of vertebra	transverse process of coccyx	20.422170787158862
187	CL:0001035	bone cell	bone cell	UBERON:0001450	calcaneus	calcaneus	20.422170787158862
186	CL:0001035	bone cell	bone cell	UBERON:0001450	calcaneus	calcaneus	20.422170787158862
86	CL:0001035	bone cell	bone cell	UBERON:0003645	metacarpal bone of digit 1	metacarpal bone of digit 1	20.422170787158862
218	CL:0001035	bone cell	bone cell	UBERON:0003650	metatarsal bone of digit 1	metatarsal bone of digit 1	20.159191233886347
217	CL:0001035	bone cell	bone cell	UBERON:0003650	metatarsal bone of digit 1	metatarsal bone of digit 1	20.159191233886347
215	CL:0001035	bone cell	bone cell	UBERON:0003650	metatarsal bone of digit 1	metatarsal bone of digit 1	20.159191233886347
216	CL:0001035	bone cell	bone cell	UBERON:0003650	metatarsal bone of digit 1	metatarsal bone of digit 1	20.159191233886347
701	CL:0001035	bone cell	bone cell	UBERON:0001093	vertebral bone 2	cervical vertebra 2	19.906328823264616
690	CL:0001035	bone cell	bone cell	UBERON:0001093	vertebral bone 2	cervical vertebra 2	19.906328823264616
702	CL:0001035	bone cell	bone cell	UBERON:0001093	vertebral bone 2	cervical vertebra 2	19.906328823264616
686	CL:0001035	bone cell	bone cell	UBERON:0001093	vertebral bone 2	cervical vertebra 2	19.906328823264616
698	CL:0001035	bone cell	bone cell	UBERON:0001093	vertebral bone 2	cervical vertebra 2	19.906328823264616
451	CL:0001035	bone cell	bone cell	UBERON:0001689	malleus bone	malleus bone	19.313710477648556
779	CL:0001035	bone cell	bone cell	UBERON:0002414	lumbar vertebra	lumbar vertebra	18.875307248625575
147	CL:0001035	bone cell	bone cell	UBERON:0001105	clavicle bone	clavicle bone	18.666603619962686
151	CL:0001035	bone cell	bone cell	UBERON:0001105	clavicle bone	clavicle bone	18.666603619962686
148	CL:0001035	bone cell	bone cell	UBERON:0001105	clavicle bone	clavicle bone	18.666603619962686
154	CL:0001035	bone cell	bone cell	UBERON:0001105	clavicle bone	clavicle bone	18.666603619962686
153	CL:0001035	bone cell	bone cell	UBERON:0001105	clavicle bone	clavicle bone	18.666603619962686
155	CL:0001035	bone cell	bone cell	UBERON:0001105	clavicle bone	clavicle bone	18.666603619962686
149	CL:0001035	bone cell	bone cell	UBERON:0001105	clavicle bone	clavicle bone	18.666603619962686
150	CL:0001035	bone cell	bone cell	UBERON:0001105	clavicle bone	clavicle bone	18.666603619962686
677	CL:0001035	bone cell	bone cell	UBERON:0001092	vertebral bone 1	cervical vertebra 1	18.268080870020697
377	CL:0001035	bone cell	bone cell	UBERON:0000209	tetrapod frontal bone	frontal bone	18.268080870020697
685	CL:0001035	bone cell	bone cell	UBERON:0001092	vertebral bone 1	cervical vertebra 1	18.268080870020697
684	CL:0001035	bone cell	bone cell	UBERON:0001092	vertebral bone 1	cervical vertebra 1	18.268080870020697
383	CL:0001035	bone cell	bone cell	UBERON:0000209	tetrapod frontal bone	frontal bone	18.268080870020697
682	CL:0001035	bone cell	bone cell	UBERON:0001092	vertebral bone 1	cervical vertebra 1	18.268080870020697
385	CL:0001035	bone cell	bone cell	UBERON:0000209	tetrapod frontal bone	frontal bone	18.268080870020697
667	CL:0001035	bone cell	bone cell	UBERON:0001092	vertebral bone 1	cervical vertebra 1	18.268080870020697
861	CL:0001035	bone cell	bone cell	UBERON:0003690	fused sacrum	sacrum	18.0775280457284
878	CL:0001035	bone cell	bone cell	UBERON:0003690	fused sacrum	sacrum	18.0775280457284
879	CL:0001035	bone cell	bone cell	UBERON:0003690	fused sacrum	sacrum	18.0775280457284
864	CL:0001035	bone cell	bone cell	UBERON:0003690	fused sacrum	sacrum	18.0775280457284
877	CL:0001035	bone cell	bone cell	UBERON:0003690	fused sacrum	sacrum	18.0775280457284
449	CL:0001035	bone cell	bone cell	UBERON:0010911	ossicle	ossicle	17.98428375694695
662	CL:0001035	bone cell	bone cell	UBERON:0001095	caudal vertebra	caudal vertebra	17.98428375694695
307	CL:0001035	bone cell	bone cell	UBERON:0001446	fibula	fibula	17.36617391204844
304	CL:0001035	bone cell	bone cell	UBERON:0001446	fibula	fibula	17.36617391204844
303	CL:0001035	bone cell	bone cell	UBERON:0001446	fibula	fibula	17.36617391204844
880	CL:0001035	bone cell	bone cell	UBERON:0002347	thoracic vertebra	thoracic vertebra	16.498933413532797
388	CL:0001035	bone cell	bone cell	UBERON:0001676	occipital bone	occipital bone	16.498933413532797
396	CL:0001035	bone cell	bone cell	UBERON:0001676	occipital bone	occipital bone	16.498933413532797
158	CL:0001035	bone cell	bone cell	UBERON:0006849	scapula	scapula	15.226973269995526
156	CL:0001035	bone cell	bone cell	UBERON:0006849	scapula	scapula	15.226973269995526
171	CL:0001035	bone cell	bone cell	UBERON:0006849	scapula	scapula	15.226973269995526
653	CL:0001035	bone cell	bone cell	UBERON:0000975	sternum	sternum	15.106353149291792
655	CL:0001035	bone cell	bone cell	UBERON:0000975	sternum	sternum	15.106353149291792
652	CL:0001035	bone cell	bone cell	UBERON:0000975	sternum	sternum	15.106353149291792
660	CL:0001035	bone cell	bone cell	UBERON:0000975	sternum	sternum	15.106353149291792
47	CL:0001035	bone cell	bone cell	UBERON:0001424	ulna	ulna	14.644857582213177
50	CL:0001035	bone cell	bone cell	UBERON:0001424	ulna	ulna	14.644857582213177
42	CL:0001035	bone cell	bone cell	UBERON:0001424	ulna	ulna	14.644857582213177
45	CL:0001035	bone cell	bone cell	UBERON:0001424	ulna	ulna	14.644857582213177
309	CL:0001035	bone cell	bone cell	UBERON:0000979	tibia	tibia	14.110122899180638
318	CL:0001035	bone cell	bone cell	UBERON:0000979	tibia	tibia	14.110122899180638
313	CL:0001035	bone cell	bone cell	UBERON:0000979	tibia	tibia	14.110122899180638
666	CL:0001035	bone cell	bone cell	UBERON:0002413	cervical vertebra	cervical vertebra	13.90784195020774
415	CL:0001035	bone cell	bone cell	UBERON:0001677	sphenoid bone	sphenoid bone	13.858229547621576
423	CL:0001035	bone cell	bone cell	UBERON:0001677	sphenoid bone	sphenoid bone	13.858229547621576
405	CL:0001035	bone cell	bone cell	UBERON:0001677	sphenoid bone	sphenoid bone	13.858229547621576
463	CL:0001035	bone cell	bone cell	UBERON:0001684	mandible	mandible	12.76768913691356
475	CL:0001035	bone cell	bone cell	UBERON:0001684	mandible	mandible	12.76768913691356
457	CL:0001035	bone cell	bone cell	UBERON:0001684	mandible	mandible	12.76768913691356
460	CL:0001035	bone cell	bone cell	UBERON:0001684	mandible	mandible	12.76768913691356
41	CL:0001035	bone cell	bone cell	UBERON:0001423	radius bone	radius bone	12.684477745566141
34	CL:0001035	bone cell	bone cell	UBERON:0001423	radius bone	radius bone	12.684477745566141
40	CL:0001035	bone cell	bone cell	UBERON:0001423	radius bone	radius bone	12.684477745566141
36	CL:0001035	bone cell	bone cell	UBERON:0001423	radius bone	radius bone	12.684477745566141
480	CL:0001035	bone cell	bone cell	UBERON:0002397	maxilla	maxilla	12.602306523869984
491	CL:0001035	bone cell	bone cell	UBERON:0002397	maxilla	maxilla	12.602306523869984
489	CL:0001035	bone cell	bone cell	UBERON:0002397	maxilla	maxilla	12.602306523869984
479	CL:0001035	bone cell	bone cell	UBERON:0002397	maxilla	maxilla	12.602306523869984
146	CL:0001035	bone cell	bone cell	UBERON:0007829	pectoral girdle bone	pectoral girdle bone	10.200749036084446
21	CL:0001035	bone cell	bone cell	UBERON:0000976	humerus	humerus	9.815573726544955
15	CL:0001035	bone cell	bone cell	UBERON:0000976	humerus	humerus	9.815573726544955
22	CL:0001035	bone cell	bone cell	UBERON:0000976	humerus	humerus	9.815573726544955
23	CL:0001035	bone cell	bone cell	UBERON:0000976	humerus	humerus	9.815573726544955
27	CL:0001035	bone cell	bone cell	UBERON:0000976	humerus	humerus	9.815573726544955
16	CL:0001035	bone cell	bone cell	UBERON:0000976	humerus	humerus	9.815573726544955
32	CL:0001035	bone cell	bone cell	UBERON:0000976	humerus	humerus	9.815573726544955
24	CL:0001035	bone cell	bone cell	UBERON:0000976	humerus	humerus	9.815573726544955
19	CL:0001035	bone cell	bone cell	UBERON:0000976	humerus	humerus	9.815573726544955
26	CL:0001035	bone cell	bone cell	UBERON:0000976	humerus	humerus	9.815573726544955
31	CL:0001035	bone cell	bone cell	UBERON:0000976	humerus	humerus	9.815573726544955
20	CL:0001035	bone cell	bone cell	UBERON:0000976	humerus	humerus	9.815573726544955
323	CL:0001035	bone cell	bone cell	UBERON:0001272	innominate bone	os coxa	9.13099605408241
326	CL:0001035	bone cell	bone cell	UBERON:0001272	innominate bone	os coxa	9.13099605408241
322	CL:0001035	bone cell	bone cell	UBERON:0007830	pelvic girdle bone/zone	pelvic girdle bone/zone	7.8845020715933245
509	CL:0001035	bone cell	bone cell	UBERON:0014477	thoracic skeleton	thoracic skeleton	7.592293425523145
510	CL:0001035	bone cell	bone cell	UBERON:0014477	thoracic skeleton	thoracic skeleton	7.592293425523145
866	UBERON:0003690	fused sacrum	sacrum	UBERON:0001094	sacral vertebra	sacral vertebra	6.262406665831222
864	UBERON:0003690	fused sacrum	sacrum	UBERON:0001094	sacral vertebra	sacral vertebra	6.262406665831222
868	UBERON:0003690	fused sacrum	sacrum	UBERON:0001094	sacral vertebra	sacral vertebra	6.262406665831222
867	UBERON:0003690	fused sacrum	sacrum	UBERON:0001094	sacral vertebra	sacral vertebra	6.262406665831222
862	UBERON:0003690	fused sacrum	sacrum	UBERON:0001094	sacral vertebra	sacral vertebra	6.262406665831222
865	UBERON:0003690	fused sacrum	sacrum	UBERON:0001094	sacral vertebra	sacral vertebra	6.262406665831222
870	UBERON:0003690	fused sacrum	sacrum	UBERON:0001094	sacral vertebra	sacral vertebra	6.262406665831222
863	UBERON:0003690	fused sacrum	sacrum	UBERON:0001094	sacral vertebra	sacral vertebra	6.262406665831222
876	UBERON:0003690	fused sacrum	sacrum	UBERON:0001094	sacral vertebra	sacral vertebra	6.262406665831222
861	UBERON:0003690	fused sacrum	sacrum	UBERON:0001094	sacral vertebra	sacral vertebra	6.262406665831222
877	UBERON:0003690	fused sacrum	sacrum	UBERON:0001094	sacral vertebra	sacral vertebra	6.262406665831222
879	UBERON:0003690	fused sacrum	sacrum	UBERON:0001094	sacral vertebra	sacral vertebra	6.262406665831222
875	UBERON:0003690	fused sacrum	sacrum	UBERON:0001094	sacral vertebra	sacral vertebra	6.262406665831222
874	UBERON:0003690	fused sacrum	sacrum	UBERON:0001094	sacral vertebra	sacral vertebra	6.262406665831222
873	UBERON:0003690	fused sacrum	sacrum	UBERON:0001094	sacral vertebra	sacral vertebra	6.262406665831222
872	UBERON:0003690	fused sacrum	sacrum	UBERON:0001094	sacral vertebra	sacral vertebra	6.262406665831222
871	UBERON:0003690	fused sacrum	sacrum	UBERON:0001094	sacral vertebra	sacral vertebra	6.262406665831222
878	UBERON:0003690	fused sacrum	sacrum	UBERON:0001094	sacral vertebra	sacral vertebra	6.262406665831222
869	UBERON:0003690	fused sacrum	sacrum	UBERON:0001094	sacral vertebra	sacral vertebra	6.262406665831222
665	UBERON:0001077	transverse process of vertebra	transverse process of coccyx	UBERON:0001350	coccyx	coccyx	5.890535116535574
132	UBERON:0005897	manus bone	hand bone	UBERON:0003460	arm bone	arm bone	5.74588929370848
100	UBERON:0005897	manus bone	hand bone	UBERON:0003460	arm bone	arm bone	5.74588929370848
133	UBERON:0005897	manus bone	hand bone	UBERON:0003460	arm bone	arm bone	5.74588929370848
57	UBERON:0005897	manus bone	hand bone	UBERON:0003460	arm bone	arm bone	5.74588929370848
55	UBERON:0005897	manus bone	hand bone	UBERON:0003460	arm bone	arm bone	5.74588929370848
128	UBERON:0005897	manus bone	hand bone	UBERON:0003460	arm bone	arm bone	5.74588929370848
101	UBERON:0005897	manus bone	hand bone	UBERON:0003460	arm bone	arm bone	5.74588929370848
127	UBERON:0005897	manus bone	hand bone	UBERON:0003460	arm bone	arm bone	5.74588929370848
103	UBERON:0005897	manus bone	hand bone	UBERON:0003460	arm bone	arm bone	5.74588929370848
131	UBERON:0005897	manus bone	hand bone	UBERON:0003460	arm bone	arm bone	5.74588929370848
107	UBERON:0005897	manus bone	hand bone	UBERON:0003460	arm bone	arm bone	5.74588929370848
102	UBERON:0005897	manus bone	hand bone	UBERON:0003460	arm bone	arm bone	5.74588929370848
109	UBERON:0005897	manus bone	hand bone	UBERON:0003460	arm bone	arm bone	5.74588929370848
130	UBERON:0005897	manus bone	hand bone	UBERON:0003460	arm bone	arm bone	5.74588929370848
56	UBERON:0005897	manus bone	hand bone	UBERON:0003460	arm bone	arm bone	5.74588929370848
104	UBERON:0005897	manus bone	hand bone	UBERON:0003460	arm bone	arm bone	5.74588929370848
143	UBERON:0005897	manus bone	hand bone	UBERON:0003460	arm bone	arm bone	5.74588929370848
105	UBERON:0005897	manus bone	hand bone	UBERON:0003460	arm bone	arm bone	5.74588929370848
139	UBERON:0005897	manus bone	hand bone	UBERON:0003460	arm bone	arm bone	5.74588929370848
145	UBERON:0005897	manus bone	hand bone	UBERON:0003460	arm bone	arm bone	5.74588929370848
83	UBERON:0005897	manus bone	hand bone	UBERON:0003460	arm bone	arm bone	5.74588929370848
142	UBERON:0005897	manus bone	hand bone	UBERON:0003460	arm bone	arm bone	5.74588929370848
141	UBERON:0005897	manus bone	hand bone	UBERON:0003460	arm bone	arm bone	5.74588929370848
108	UBERON:0005897	manus bone	hand bone	UBERON:0003460	arm bone	arm bone	5.74588929370848
140	UBERON:0005897	manus bone	hand bone	UBERON:0003460	arm bone	arm bone	5.74588929370848
80	UBERON:0005897	manus bone	hand bone	UBERON:0003460	arm bone	arm bone	5.74588929370848
138	UBERON:0005897	manus bone	hand bone	UBERON:0003460	arm bone	arm bone	5.74588929370848
134	UBERON:0005897	manus bone	hand bone	UBERON:0003460	arm bone	arm bone	5.74588929370848
110	UBERON:0005897	manus bone	hand bone	UBERON:0003460	arm bone	arm bone	5.74588929370848
137	UBERON:0005897	manus bone	hand bone	UBERON:0003460	arm bone	arm bone	5.74588929370848
136	UBERON:0005897	manus bone	hand bone	UBERON:0003460	arm bone	arm bone	5.74588929370848
135	UBERON:0005897	manus bone	hand bone	UBERON:0003460	arm bone	arm bone	5.74588929370848
54	UBERON:0005897	manus bone	hand bone	UBERON:0003460	arm bone	arm bone	5.74588929370848
82	UBERON:0005897	manus bone	hand bone	UBERON:0003460	arm bone	arm bone	5.74588929370848
144	UBERON:0005897	manus bone	hand bone	UBERON:0003460	arm bone	arm bone	5.74588929370848
116	UBERON:0005897	manus bone	hand bone	UBERON:0003460	arm bone	arm bone	5.74588929370848
68	UBERON:0005897	manus bone	hand bone	UBERON:0003460	arm bone	arm bone	5.74588929370848
111	UBERON:0005897	manus bone	hand bone	UBERON:0003460	arm bone	arm bone	5.74588929370848
123	UBERON:0005897	manus bone	hand bone	UBERON:0003460	arm bone	arm bone	5.74588929370848
77	UBERON:0005897	manus bone	hand bone	UBERON:0003460	arm bone	arm bone	5.74588929370848
90	UBERON:0005897	manus bone	hand bone	UBERON:0003460	arm bone	arm bone	5.74588929370848
113	UBERON:0005897	manus bone	hand bone	UBERON:0003460	arm bone	arm bone	5.74588929370848
114	UBERON:0005897	manus bone	hand bone	UBERON:0003460	arm bone	arm bone	5.74588929370848
73	UBERON:0005897	manus bone	hand bone	UBERON:0003460	arm bone	arm bone	5.74588929370848
74	UBERON:0005897	manus bone	hand bone	UBERON:0003460	arm bone	arm bone	5.74588929370848
75	UBERON:0005897	manus bone	hand bone	UBERON:0003460	arm bone	arm bone	5.74588929370848
89	UBERON:0005897	manus bone	hand bone	UBERON:0003460	arm bone	arm bone	5.74588929370848
79	UBERON:0005897	manus bone	hand bone	UBERON:0003460	arm bone	arm bone	5.74588929370848
84	UBERON:0005897	manus bone	hand bone	UBERON:0003460	arm bone	arm bone	5.74588929370848
76	UBERON:0005897	manus bone	hand bone	UBERON:0003460	arm bone	arm bone	5.74588929370848
122	UBERON:0005897	manus bone	hand bone	UBERON:0003460	arm bone	arm bone	5.74588929370848
71	UBERON:0005897	manus bone	hand bone	UBERON:0003460	arm bone	arm bone	5.74588929370848
121	UBERON:0005897	manus bone	hand bone	UBERON:0003460	arm bone	arm bone	5.74588929370848
78	UBERON:0005897	manus bone	hand bone	UBERON:0003460	arm bone	arm bone	5.74588929370848
120	UBERON:0005897	manus bone	hand bone	UBERON:0003460	arm bone	arm bone	5.74588929370848
119	UBERON:0005897	manus bone	hand bone	UBERON:0003460	arm bone	arm bone	5.74588929370848
88	UBERON:0005897	manus bone	hand bone	UBERON:0003460	arm bone	arm bone	5.74588929370848
115	UBERON:0005897	manus bone	hand bone	UBERON:0003460	arm bone	arm bone	5.74588929370848
87	UBERON:0005897	manus bone	hand bone	UBERON:0003460	arm bone	arm bone	5.74588929370848
118	UBERON:0005897	manus bone	hand bone	UBERON:0003460	arm bone	arm bone	5.74588929370848
117	UBERON:0005897	manus bone	hand bone	UBERON:0003460	arm bone	arm bone	5.74588929370848
86	UBERON:0005897	manus bone	hand bone	UBERON:0003460	arm bone	arm bone	5.74588929370848
106	UBERON:0005897	manus bone	hand bone	UBERON:0003460	arm bone	arm bone	5.74588929370848
99	UBERON:0005897	manus bone	hand bone	UBERON:0003460	arm bone	arm bone	5.74588929370848
72	UBERON:0005897	manus bone	hand bone	UBERON:0003460	arm bone	arm bone	5.74588929370848
62	UBERON:0005897	manus bone	hand bone	UBERON:0003460	arm bone	arm bone	5.74588929370848
85	UBERON:0005897	manus bone	hand bone	UBERON:0003460	arm bone	arm bone	5.74588929370848
58	UBERON:0005897	manus bone	hand bone	UBERON:0003460	arm bone	arm bone	5.74588929370848
98	UBERON:0005897	manus bone	hand bone	UBERON:0003460	arm bone	arm bone	5.74588929370848
97	UBERON:0005897	manus bone	hand bone	UBERON:0003460	arm bone	arm bone	5.74588929370848
59	UBERON:0005897	manus bone	hand bone	UBERON:0003460	arm bone	arm bone	5.74588929370848
96	UBERON:0005897	manus bone	hand bone	UBERON:0003460	arm bone	arm bone	5.74588929370848
60	UBERON:0005897	manus bone	hand bone	UBERON:0003460	arm bone	arm bone	5.74588929370848
126	UBERON:0005897	manus bone	hand bone	UBERON:0003460	arm bone	arm bone	5.74588929370848
95	UBERON:0005897	manus bone	hand bone	UBERON:0003460	arm bone	arm bone	5.74588929370848
61	UBERON:0005897	manus bone	hand bone	UBERON:0003460	arm bone	arm bone	5.74588929370848
94	UBERON:0005897	manus bone	hand bone	UBERON:0003460	arm bone	arm bone	5.74588929370848
70	UBERON:0005897	manus bone	hand bone	UBERON:0003460	arm bone	arm bone	5.74588929370848
93	UBERON:0005897	manus bone	hand bone	UBERON:0003460	arm bone	arm bone	5.74588929370848
129	UBERON:0005897	manus bone	hand bone	UBERON:0003460	arm bone	arm bone	5.74588929370848
63	UBERON:0005897	manus bone	hand bone	UBERON:0003460	arm bone	arm bone	5.74588929370848
92	UBERON:0005897	manus bone	hand bone	UBERON:0003460	arm bone	arm bone	5.74588929370848
69	UBERON:0005897	manus bone	hand bone	UBERON:0003460	arm bone	arm bone	5.74588929370848
124	UBERON:0005897	manus bone	hand bone	UBERON:0003460	arm bone	arm bone	5.74588929370848
67	UBERON:0005897	manus bone	hand bone	UBERON:0003460	arm bone	arm bone	5.74588929370848
112	UBERON:0005897	manus bone	hand bone	UBERON:0003460	arm bone	arm bone	5.74588929370848
66	UBERON:0005897	manus bone	hand bone	UBERON:0003460	arm bone	arm bone	5.74588929370848
91	UBERON:0005897	manus bone	hand bone	UBERON:0003460	arm bone	arm bone	5.74588929370848
65	UBERON:0005897	manus bone	hand bone	UBERON:0003460	arm bone	arm bone	5.74588929370848
125	UBERON:0005897	manus bone	hand bone	UBERON:0003460	arm bone	arm bone	5.74588929370848
64	UBERON:0005897	manus bone	hand bone	UBERON:0003460	arm bone	arm bone	5.74588929370848
81	UBERON:0005897	manus bone	hand bone	UBERON:0003460	arm bone	arm bone	5.74588929370848
447	UBERON:0001703	neurocranium	neurocranium	UBERON:0004766	cranial bone	cranial bone	5.288281565005121
448	UBERON:0001703	neurocranium	neurocranium	UBERON:0004766	cranial bone	cranial bone	5.288281565005121
446	UBERON:0001703	neurocranium	neurocranium	UBERON:0004766	cranial bone	cranial bone	5.288281565005121
444	UBERON:0001703	neurocranium	neurocranium	UBERON:0004766	cranial bone	cranial bone	5.288281565005121
445	UBERON:0001703	neurocranium	neurocranium	UBERON:0004766	cranial bone	cranial bone	5.288281565005121
366	UBERON:0001703	neurocranium	neurocranium	UBERON:0004766	cranial bone	cranial bone	5.288281565005121
443	UBERON:0001703	neurocranium	neurocranium	UBERON:0004766	cranial bone	cranial bone	5.288281565005121
395	UBERON:0001703	neurocranium	neurocranium	UBERON:0004766	cranial bone	cranial bone	5.288281565005121
388	UBERON:0001703	neurocranium	neurocranium	UBERON:0004766	cranial bone	cranial bone	5.288281565005121
389	UBERON:0001703	neurocranium	neurocranium	UBERON:0004766	cranial bone	cranial bone	5.288281565005121
390	UBERON:0001703	neurocranium	neurocranium	UBERON:0004766	cranial bone	cranial bone	5.288281565005121
391	UBERON:0001703	neurocranium	neurocranium	UBERON:0004766	cranial bone	cranial bone	5.288281565005121
392	UBERON:0001703	neurocranium	neurocranium	UBERON:0004766	cranial bone	cranial bone	5.288281565005121
393	UBERON:0001703	neurocranium	neurocranium	UBERON:0004766	cranial bone	cranial bone	5.288281565005121
394	UBERON:0001703	neurocranium	neurocranium	UBERON:0004766	cranial bone	cranial bone	5.288281565005121
396	UBERON:0001703	neurocranium	neurocranium	UBERON:0004766	cranial bone	cranial bone	5.288281565005121
386	UBERON:0001703	neurocranium	neurocranium	UBERON:0004766	cranial bone	cranial bone	5.288281565005121
397	UBERON:0001703	neurocranium	neurocranium	UBERON:0004766	cranial bone	cranial bone	5.288281565005121
398	UBERON:0001703	neurocranium	neurocranium	UBERON:0004766	cranial bone	cranial bone	5.288281565005121
399	UBERON:0001703	neurocranium	neurocranium	UBERON:0004766	cranial bone	cranial bone	5.288281565005121
400	UBERON:0001703	neurocranium	neurocranium	UBERON:0004766	cranial bone	cranial bone	5.288281565005121
401	UBERON:0001703	neurocranium	neurocranium	UBERON:0004766	cranial bone	cranial bone	5.288281565005121
402	UBERON:0001703	neurocranium	neurocranium	UBERON:0004766	cranial bone	cranial bone	5.288281565005121
403	UBERON:0001703	neurocranium	neurocranium	UBERON:0004766	cranial bone	cranial bone	5.288281565005121
387	UBERON:0001703	neurocranium	neurocranium	UBERON:0004766	cranial bone	cranial bone	5.288281565005121
385	UBERON:0001703	neurocranium	neurocranium	UBERON:0004766	cranial bone	cranial bone	5.288281565005121
442	UBERON:0001703	neurocranium	neurocranium	UBERON:0004766	cranial bone	cranial bone	5.288281565005121
375	UBERON:0001703	neurocranium	neurocranium	UBERON:0004766	cranial bone	cranial bone	5.288281565005121
368	UBERON:0001703	neurocranium	neurocranium	UBERON:0004766	cranial bone	cranial bone	5.288281565005121
369	UBERON:0001703	neurocranium	neurocranium	UBERON:0004766	cranial bone	cranial bone	5.288281565005121
370	UBERON:0001703	neurocranium	neurocranium	UBERON:0004766	cranial bone	cranial bone	5.288281565005121
371	UBERON:0001703	neurocranium	neurocranium	UBERON:0004766	cranial bone	cranial bone	5.288281565005121
372	UBERON:0001703	neurocranium	neurocranium	UBERON:0004766	cranial bone	cranial bone	5.288281565005121
373	UBERON:0001703	neurocranium	neurocranium	UBERON:0004766	cranial bone	cranial bone	5.288281565005121
374	UBERON:0001703	neurocranium	neurocranium	UBERON:0004766	cranial bone	cranial bone	5.288281565005121
376	UBERON:0001703	neurocranium	neurocranium	UBERON:0004766	cranial bone	cranial bone	5.288281565005121
384	UBERON:0001703	neurocranium	neurocranium	UBERON:0004766	cranial bone	cranial bone	5.288281565005121
377	UBERON:0001703	neurocranium	neurocranium	UBERON:0004766	cranial bone	cranial bone	5.288281565005121
378	UBERON:0001703	neurocranium	neurocranium	UBERON:0004766	cranial bone	cranial bone	5.288281565005121
379	UBERON:0001703	neurocranium	neurocranium	UBERON:0004766	cranial bone	cranial bone	5.288281565005121
380	UBERON:0001703	neurocranium	neurocranium	UBERON:0004766	cranial bone	cranial bone	5.288281565005121
381	UBERON:0001703	neurocranium	neurocranium	UBERON:0004766	cranial bone	cranial bone	5.288281565005121
382	UBERON:0001703	neurocranium	neurocranium	UBERON:0004766	cranial bone	cranial bone	5.288281565005121
383	UBERON:0001703	neurocranium	neurocranium	UBERON:0004766	cranial bone	cranial bone	5.288281565005121
404	UBERON:0001703	neurocranium	neurocranium	UBERON:0004766	cranial bone	cranial bone	5.288281565005121
405	UBERON:0001703	neurocranium	neurocranium	UBERON:0004766	cranial bone	cranial bone	5.288281565005121
406	UBERON:0001703	neurocranium	neurocranium	UBERON:0004766	cranial bone	cranial bone	5.288281565005121
434	UBERON:0001703	neurocranium	neurocranium	UBERON:0004766	cranial bone	cranial bone	5.288281565005121
426	UBERON:0001703	neurocranium	neurocranium	UBERON:0004766	cranial bone	cranial bone	5.288281565005121
427	UBERON:0001703	neurocranium	neurocranium	UBERON:0004766	cranial bone	cranial bone	5.288281565005121
428	UBERON:0001703	neurocranium	neurocranium	UBERON:0004766	cranial bone	cranial bone	5.288281565005121
429	UBERON:0001703	neurocranium	neurocranium	UBERON:0004766	cranial bone	cranial bone	5.288281565005121
431	UBERON:0001703	neurocranium	neurocranium	UBERON:0004766	cranial bone	cranial bone	5.288281565005121
432	UBERON:0001703	neurocranium	neurocranium	UBERON:0004766	cranial bone	cranial bone	5.288281565005121
433	UBERON:0001703	neurocranium	neurocranium	UBERON:0004766	cranial bone	cranial bone	5.288281565005121
367	UBERON:0001703	neurocranium	neurocranium	UBERON:0004766	cranial bone	cranial bone	5.288281565005121
407	UBERON:0001703	neurocranium	neurocranium	UBERON:0004766	cranial bone	cranial bone	5.288281565005121
435	UBERON:0001703	neurocranium	neurocranium	UBERON:0004766	cranial bone	cranial bone	5.288281565005121
436	UBERON:0001703	neurocranium	neurocranium	UBERON:0004766	cranial bone	cranial bone	5.288281565005121
437	UBERON:0001703	neurocranium	neurocranium	UBERON:0004766	cranial bone	cranial bone	5.288281565005121
438	UBERON:0001703	neurocranium	neurocranium	UBERON:0004766	cranial bone	cranial bone	5.288281565005121
439	UBERON:0001703	neurocranium	neurocranium	UBERON:0004766	cranial bone	cranial bone	5.288281565005121
440	UBERON:0001703	neurocranium	neurocranium	UBERON:0004766	cranial bone	cranial bone	5.288281565005121
441	UBERON:0001703	neurocranium	neurocranium	UBERON:0004766	cranial bone	cranial bone	5.288281565005121
425	UBERON:0001703	neurocranium	neurocranium	UBERON:0004766	cranial bone	cranial bone	5.288281565005121
424	UBERON:0001703	neurocranium	neurocranium	UBERON:0004766	cranial bone	cranial bone	5.288281565005121
423	UBERON:0001703	neurocranium	neurocranium	UBERON:0004766	cranial bone	cranial bone	5.288281565005121
365	UBERON:0001703	neurocranium	neurocranium	UBERON:0004766	cranial bone	cranial bone	5.288281565005121
408	UBERON:0001703	neurocranium	neurocranium	UBERON:0004766	cranial bone	cranial bone	5.288281565005121
409	UBERON:0001703	neurocranium	neurocranium	UBERON:0004766	cranial bone	cranial bone	5.288281565005121
410	UBERON:0001703	neurocranium	neurocranium	UBERON:0004766	cranial bone	cranial bone	5.288281565005121
411	UBERON:0001703	neurocranium	neurocranium	UBERON:0004766	cranial bone	cranial bone	5.288281565005121
412	UBERON:0001703	neurocranium	neurocranium	UBERON:0004766	cranial bone	cranial bone	5.288281565005121
413	UBERON:0001703	neurocranium	neurocranium	UBERON:0004766	cranial bone	cranial bone	5.288281565005121
414	UBERON:0001703	neurocranium	neurocranium	UBERON:0004766	cranial bone	cranial bone	5.288281565005121
415	UBERON:0001703	neurocranium	neurocranium	UBERON:0004766	cranial bone	cranial bone	5.288281565005121
416	UBERON:0001703	neurocranium	neurocranium	UBERON:0004766	cranial bone	cranial bone	5.288281565005121
417	UBERON:0001703	neurocranium	neurocranium	UBERON:0004766	cranial bone	cranial bone	5.288281565005121
418	UBERON:0001703	neurocranium	neurocranium	UBERON:0004766	cranial bone	cranial bone	5.288281565005121
419	UBERON:0001703	neurocranium	neurocranium	UBERON:0004766	cranial bone	cranial bone	5.288281565005121
420	UBERON:0001703	neurocranium	neurocranium	UBERON:0004766	cranial bone	cranial bone	5.288281565005121
421	UBERON:0001703	neurocranium	neurocranium	UBERON:0004766	cranial bone	cranial bone	5.288281565005121
422	UBERON:0001703	neurocranium	neurocranium	UBERON:0004766	cranial bone	cranial bone	5.288281565005121
430	UBERON:0001703	neurocranium	neurocranium	UBERON:0004766	cranial bone	cranial bone	5.288281565005121
216	UBERON:0005899	pes bone	foot bone	UBERON:0005893	leg bone	leg bone	5.173208829019735
175	UBERON:0005899	pes bone	foot bone	UBERON:0005893	leg bone	leg bone	5.173208829019735
176	UBERON:0005899	pes bone	foot bone	UBERON:0005893	leg bone	leg bone	5.173208829019735
253	UBERON:0005899	pes bone	foot bone	UBERON:0005893	leg bone	leg bone	5.173208829019735
252	UBERON:0005899	pes bone	foot bone	UBERON:0005893	leg bone	leg bone	5.173208829019735
251	UBERON:0005899	pes bone	foot bone	UBERON:0005893	leg bone	leg bone	5.173208829019735
250	UBERON:0005899	pes bone	foot bone	UBERON:0005893	leg bone	leg bone	5.173208829019735
249	UBERON:0005899	pes bone	foot bone	UBERON:0005893	leg bone	leg bone	5.173208829019735
248	UBERON:0005899	pes bone	foot bone	UBERON:0005893	leg bone	leg bone	5.173208829019735
247	UBERON:0005899	pes bone	foot bone	UBERON:0005893	leg bone	leg bone	5.173208829019735
246	UBERON:0005899	pes bone	foot bone	UBERON:0005893	leg bone	leg bone	5.173208829019735
245	UBERON:0005899	pes bone	foot bone	UBERON:0005893	leg bone	leg bone	5.173208829019735
244	UBERON:0005899	pes bone	foot bone	UBERON:0005893	leg bone	leg bone	5.173208829019735
243	UBERON:0005899	pes bone	foot bone	UBERON:0005893	leg bone	leg bone	5.173208829019735
242	UBERON:0005899	pes bone	foot bone	UBERON:0005893	leg bone	leg bone	5.173208829019735
241	UBERON:0005899	pes bone	foot bone	UBERON:0005893	leg bone	leg bone	5.173208829019735
240	UBERON:0005899	pes bone	foot bone	UBERON:0005893	leg bone	leg bone	5.173208829019735
239	UBERON:0005899	pes bone	foot bone	UBERON:0005893	leg bone	leg bone	5.173208829019735
238	UBERON:0005899	pes bone	foot bone	UBERON:0005893	leg bone	leg bone	5.173208829019735
237	UBERON:0005899	pes bone	foot bone	UBERON:0005893	leg bone	leg bone	5.173208829019735
236	UBERON:0005899	pes bone	foot bone	UBERON:0005893	leg bone	leg bone	5.173208829019735
235	UBERON:0005899	pes bone	foot bone	UBERON:0005893	leg bone	leg bone	5.173208829019735
234	UBERON:0005899	pes bone	foot bone	UBERON:0005893	leg bone	leg bone	5.173208829019735
233	UBERON:0005899	pes bone	foot bone	UBERON:0005893	leg bone	leg bone	5.173208829019735
232	UBERON:0005899	pes bone	foot bone	UBERON:0005893	leg bone	leg bone	5.173208829019735
230	UBERON:0005899	pes bone	foot bone	UBERON:0005893	leg bone	leg bone	5.173208829019735
254	UBERON:0005899	pes bone	foot bone	UBERON:0005893	leg bone	leg bone	5.173208829019735
255	UBERON:0005899	pes bone	foot bone	UBERON:0005893	leg bone	leg bone	5.173208829019735
256	UBERON:0005899	pes bone	foot bone	UBERON:0005893	leg bone	leg bone	5.173208829019735
269	UBERON:0005899	pes bone	foot bone	UBERON:0005893	leg bone	leg bone	5.173208829019735
279	UBERON:0005899	pes bone	foot bone	UBERON:0005893	leg bone	leg bone	5.173208829019735
278	UBERON:0005899	pes bone	foot bone	UBERON:0005893	leg bone	leg bone	5.173208829019735
277	UBERON:0005899	pes bone	foot bone	UBERON:0005893	leg bone	leg bone	5.173208829019735
276	UBERON:0005899	pes bone	foot bone	UBERON:0005893	leg bone	leg bone	5.173208829019735
275	UBERON:0005899	pes bone	foot bone	UBERON:0005893	leg bone	leg bone	5.173208829019735
274	UBERON:0005899	pes bone	foot bone	UBERON:0005893	leg bone	leg bone	5.173208829019735
273	UBERON:0005899	pes bone	foot bone	UBERON:0005893	leg bone	leg bone	5.173208829019735
272	UBERON:0005899	pes bone	foot bone	UBERON:0005893	leg bone	leg bone	5.173208829019735
271	UBERON:0005899	pes bone	foot bone	UBERON:0005893	leg bone	leg bone	5.173208829019735
270	UBERON:0005899	pes bone	foot bone	UBERON:0005893	leg bone	leg bone	5.173208829019735
268	UBERON:0005899	pes bone	foot bone	UBERON:0005893	leg bone	leg bone	5.173208829019735
257	UBERON:0005899	pes bone	foot bone	UBERON:0005893	leg bone	leg bone	5.173208829019735
267	UBERON:0005899	pes bone	foot bone	UBERON:0005893	leg bone	leg bone	5.173208829019735
266	UBERON:0005899	pes bone	foot bone	UBERON:0005893	leg bone	leg bone	5.173208829019735
265	UBERON:0005899	pes bone	foot bone	UBERON:0005893	leg bone	leg bone	5.173208829019735
264	UBERON:0005899	pes bone	foot bone	UBERON:0005893	leg bone	leg bone	5.173208829019735
263	UBERON:0005899	pes bone	foot bone	UBERON:0005893	leg bone	leg bone	5.173208829019735
262	UBERON:0005899	pes bone	foot bone	UBERON:0005893	leg bone	leg bone	5.173208829019735
261	UBERON:0005899	pes bone	foot bone	UBERON:0005893	leg bone	leg bone	5.173208829019735
260	UBERON:0005899	pes bone	foot bone	UBERON:0005893	leg bone	leg bone	5.173208829019735
259	UBERON:0005899	pes bone	foot bone	UBERON:0005893	leg bone	leg bone	5.173208829019735
258	UBERON:0005899	pes bone	foot bone	UBERON:0005893	leg bone	leg bone	5.173208829019735
229	UBERON:0005899	pes bone	foot bone	UBERON:0005893	leg bone	leg bone	5.173208829019735
228	UBERON:0005899	pes bone	foot bone	UBERON:0005893	leg bone	leg bone	5.173208829019735
227	UBERON:0005899	pes bone	foot bone	UBERON:0005893	leg bone	leg bone	5.173208829019735
188	UBERON:0005899	pes bone	foot bone	UBERON:0005893	leg bone	leg bone	5.173208829019735
198	UBERON:0005899	pes bone	foot bone	UBERON:0005893	leg bone	leg bone	5.173208829019735
197	UBERON:0005899	pes bone	foot bone	UBERON:0005893	leg bone	leg bone	5.173208829019735
196	UBERON:0005899	pes bone	foot bone	UBERON:0005893	leg bone	leg bone	5.173208829019735
195	UBERON:0005899	pes bone	foot bone	UBERON:0005893	leg bone	leg bone	5.173208829019735
194	UBERON:0005899	pes bone	foot bone	UBERON:0005893	leg bone	leg bone	5.173208829019735
193	UBERON:0005899	pes bone	foot bone	UBERON:0005893	leg bone	leg bone	5.173208829019735
192	UBERON:0005899	pes bone	foot bone	UBERON:0005893	leg bone	leg bone	5.173208829019735
191	UBERON:0005899	pes bone	foot bone	UBERON:0005893	leg bone	leg bone	5.173208829019735
190	UBERON:0005899	pes bone	foot bone	UBERON:0005893	leg bone	leg bone	5.173208829019735
189	UBERON:0005899	pes bone	foot bone	UBERON:0005893	leg bone	leg bone	5.173208829019735
187	UBERON:0005899	pes bone	foot bone	UBERON:0005893	leg bone	leg bone	5.173208829019735
226	UBERON:0005899	pes bone	foot bone	UBERON:0005893	leg bone	leg bone	5.173208829019735
186	UBERON:0005899	pes bone	foot bone	UBERON:0005893	leg bone	leg bone	5.173208829019735
185	UBERON:0005899	pes bone	foot bone	UBERON:0005893	leg bone	leg bone	5.173208829019735
184	UBERON:0005899	pes bone	foot bone	UBERON:0005893	leg bone	leg bone	5.173208829019735
183	UBERON:0005899	pes bone	foot bone	UBERON:0005893	leg bone	leg bone	5.173208829019735
182	UBERON:0005899	pes bone	foot bone	UBERON:0005893	leg bone	leg bone	5.173208829019735
181	UBERON:0005899	pes bone	foot bone	UBERON:0005893	leg bone	leg bone	5.173208829019735
180	UBERON:0005899	pes bone	foot bone	UBERON:0005893	leg bone	leg bone	5.173208829019735
179	UBERON:0005899	pes bone	foot bone	UBERON:0005893	leg bone	leg bone	5.173208829019735
178	UBERON:0005899	pes bone	foot bone	UBERON:0005893	leg bone	leg bone	5.173208829019735
177	UBERON:0005899	pes bone	foot bone	UBERON:0005893	leg bone	leg bone	5.173208829019735
199	UBERON:0005899	pes bone	foot bone	UBERON:0005893	leg bone	leg bone	5.173208829019735
200	UBERON:0005899	pes bone	foot bone	UBERON:0005893	leg bone	leg bone	5.173208829019735
201	UBERON:0005899	pes bone	foot bone	UBERON:0005893	leg bone	leg bone	5.173208829019735
202	UBERON:0005899	pes bone	foot bone	UBERON:0005893	leg bone	leg bone	5.173208829019735
225	UBERON:0005899	pes bone	foot bone	UBERON:0005893	leg bone	leg bone	5.173208829019735
224	UBERON:0005899	pes bone	foot bone	UBERON:0005893	leg bone	leg bone	5.173208829019735
223	UBERON:0005899	pes bone	foot bone	UBERON:0005893	leg bone	leg bone	5.173208829019735
222	UBERON:0005899	pes bone	foot bone	UBERON:0005893	leg bone	leg bone	5.173208829019735
221	UBERON:0005899	pes bone	foot bone	UBERON:0005893	leg bone	leg bone	5.173208829019735
220	UBERON:0005899	pes bone	foot bone	UBERON:0005893	leg bone	leg bone	5.173208829019735
219	UBERON:0005899	pes bone	foot bone	UBERON:0005893	leg bone	leg bone	5.173208829019735
218	UBERON:0005899	pes bone	foot bone	UBERON:0005893	leg bone	leg bone	5.173208829019735
217	UBERON:0005899	pes bone	foot bone	UBERON:0005893	leg bone	leg bone	5.173208829019735
215	UBERON:0005899	pes bone	foot bone	UBERON:0005893	leg bone	leg bone	5.173208829019735
214	UBERON:0005899	pes bone	foot bone	UBERON:0005893	leg bone	leg bone	5.173208829019735
213	UBERON:0005899	pes bone	foot bone	UBERON:0005893	leg bone	leg bone	5.173208829019735
212	UBERON:0005899	pes bone	foot bone	UBERON:0005893	leg bone	leg bone	5.173208829019735
211	UBERON:0005899	pes bone	foot bone	UBERON:0005893	leg bone	leg bone	5.173208829019735
210	UBERON:0005899	pes bone	foot bone	UBERON:0005893	leg bone	leg bone	5.173208829019735
209	UBERON:0005899	pes bone	foot bone	UBERON:0005893	leg bone	leg bone	5.173208829019735
208	UBERON:0005899	pes bone	foot bone	UBERON:0005893	leg bone	leg bone	5.173208829019735
207	UBERON:0005899	pes bone	foot bone	UBERON:0005893	leg bone	leg bone	5.173208829019735
206	UBERON:0005899	pes bone	foot bone	UBERON:0005893	leg bone	leg bone	5.173208829019735
205	UBERON:0005899	pes bone	foot bone	UBERON:0005893	leg bone	leg bone	5.173208829019735
204	UBERON:0005899	pes bone	foot bone	UBERON:0005893	leg bone	leg bone	5.173208829019735
203	UBERON:0005899	pes bone	foot bone	UBERON:0005893	leg bone	leg bone	5.173208829019735
231	UBERON:0005899	pes bone	foot bone	UBERON:0005893	leg bone	leg bone	5.173208829019735
359	CL:0001035	bone cell	bone cell	UBERON:0004766	cranial bone	cranial bone	4.708302991933017
13	CL:0001035	bone cell	bone cell	UBERON:0003460	arm bone	arm bone	4.622850934456885
14	CL:0001035	bone cell	bone cell	UBERON:0003460	arm bone	arm bone	4.622850934456885
453	CL:0001035	bone cell	bone cell	UBERON:0008895	splanchnocranium	splanchnocranium	3.4283837909539443
466	UBERON:0008895	splanchnocranium	splanchnocranium	UBERON:0004766	cranial bone	cranial bone	1.279919200979073
478	UBERON:0008895	splanchnocranium	splanchnocranium	UBERON:0004766	cranial bone	cranial bone	1.279919200979073
477	UBERON:0008895	splanchnocranium	splanchnocranium	UBERON:0004766	cranial bone	cranial bone	1.279919200979073
476	UBERON:0008895	splanchnocranium	splanchnocranium	UBERON:0004766	cranial bone	cranial bone	1.279919200979073
475	UBERON:0008895	splanchnocranium	splanchnocranium	UBERON:0004766	cranial bone	cranial bone	1.279919200979073
474	UBERON:0008895	splanchnocranium	splanchnocranium	UBERON:0004766	cranial bone	cranial bone	1.279919200979073
473	UBERON:0008895	splanchnocranium	splanchnocranium	UBERON:0004766	cranial bone	cranial bone	1.279919200979073
472	UBERON:0008895	splanchnocranium	splanchnocranium	UBERON:0004766	cranial bone	cranial bone	1.279919200979073
471	UBERON:0008895	splanchnocranium	splanchnocranium	UBERON:0004766	cranial bone	cranial bone	1.279919200979073
470	UBERON:0008895	splanchnocranium	splanchnocranium	UBERON:0004766	cranial bone	cranial bone	1.279919200979073
469	UBERON:0008895	splanchnocranium	splanchnocranium	UBERON:0004766	cranial bone	cranial bone	1.279919200979073
468	UBERON:0008895	splanchnocranium	splanchnocranium	UBERON:0004766	cranial bone	cranial bone	1.279919200979073
467	UBERON:0008895	splanchnocranium	splanchnocranium	UBERON:0004766	cranial bone	cranial bone	1.279919200979073
465	UBERON:0008895	splanchnocranium	splanchnocranium	UBERON:0004766	cranial bone	cranial bone	1.279919200979073
480	UBERON:0008895	splanchnocranium	splanchnocranium	UBERON:0004766	cranial bone	cranial bone	1.279919200979073
464	UBERON:0008895	splanchnocranium	splanchnocranium	UBERON:0004766	cranial bone	cranial bone	1.279919200979073
463	UBERON:0008895	splanchnocranium	splanchnocranium	UBERON:0004766	cranial bone	cranial bone	1.279919200979073
462	UBERON:0008895	splanchnocranium	splanchnocranium	UBERON:0004766	cranial bone	cranial bone	1.279919200979073
461	UBERON:0008895	splanchnocranium	splanchnocranium	UBERON:0004766	cranial bone	cranial bone	1.279919200979073
460	UBERON:0008895	splanchnocranium	splanchnocranium	UBERON:0004766	cranial bone	cranial bone	1.279919200979073
459	UBERON:0008895	splanchnocranium	splanchnocranium	UBERON:0004766	cranial bone	cranial bone	1.279919200979073
458	UBERON:0008895	splanchnocranium	splanchnocranium	UBERON:0004766	cranial bone	cranial bone	1.279919200979073
457	UBERON:0008895	splanchnocranium	splanchnocranium	UBERON:0004766	cranial bone	cranial bone	1.279919200979073
456	UBERON:0008895	splanchnocranium	splanchnocranium	UBERON:0004766	cranial bone	cranial bone	1.279919200979073
455	UBERON:0008895	splanchnocranium	splanchnocranium	UBERON:0004766	cranial bone	cranial bone	1.279919200979073
453	UBERON:0008895	splanchnocranium	splanchnocranium	UBERON:0004766	cranial bone	cranial bone	1.279919200979073
479	UBERON:0008895	splanchnocranium	splanchnocranium	UBERON:0004766	cranial bone	cranial bone	1.279919200979073
481	UBERON:0008895	splanchnocranium	splanchnocranium	UBERON:0004766	cranial bone	cranial bone	1.279919200979073
454	UBERON:0008895	splanchnocranium	splanchnocranium	UBERON:0004766	cranial bone	cranial bone	1.279919200979073
496	UBERON:0008895	splanchnocranium	splanchnocranium	UBERON:0004766	cranial bone	cranial bone	1.279919200979073
508	UBERON:0008895	splanchnocranium	splanchnocranium	UBERON:0004766	cranial bone	cranial bone	1.279919200979073
507	UBERON:0008895	splanchnocranium	splanchnocranium	UBERON:0004766	cranial bone	cranial bone	1.279919200979073
506	UBERON:0008895	splanchnocranium	splanchnocranium	UBERON:0004766	cranial bone	cranial bone	1.279919200979073
505	UBERON:0008895	splanchnocranium	splanchnocranium	UBERON:0004766	cranial bone	cranial bone	1.279919200979073
504	UBERON:0008895	splanchnocranium	splanchnocranium	UBERON:0004766	cranial bone	cranial bone	1.279919200979073
503	UBERON:0008895	splanchnocranium	splanchnocranium	UBERON:0004766	cranial bone	cranial bone	1.279919200979073
502	UBERON:0008895	splanchnocranium	splanchnocranium	UBERON:0004766	cranial bone	cranial bone	1.279919200979073
501	UBERON:0008895	splanchnocranium	splanchnocranium	UBERON:0004766	cranial bone	cranial bone	1.279919200979073
500	UBERON:0008895	splanchnocranium	splanchnocranium	UBERON:0004766	cranial bone	cranial bone	1.279919200979073
499	UBERON:0008895	splanchnocranium	splanchnocranium	UBERON:0004766	cranial bone	cranial bone	1.279919200979073
498	UBERON:0008895	splanchnocranium	splanchnocranium	UBERON:0004766	cranial bone	cranial bone	1.279919200979073
497	UBERON:0008895	splanchnocranium	splanchnocranium	UBERON:0004766	cranial bone	cranial bone	1.279919200979073
495	UBERON:0008895	splanchnocranium	splanchnocranium	UBERON:0004766	cranial bone	cranial bone	1.279919200979073
482	UBERON:0008895	splanchnocranium	splanchnocranium	UBERON:0004766	cranial bone	cranial bone	1.279919200979073
494	UBERON:0008895	splanchnocranium	splanchnocranium	UBERON:0004766	cranial bone	cranial bone	1.279919200979073
493	UBERON:0008895	splanchnocranium	splanchnocranium	UBERON:0004766	cranial bone	cranial bone	1.279919200979073
492	UBERON:0008895	splanchnocranium	splanchnocranium	UBERON:0004766	cranial bone	cranial bone	1.279919200979073
491	UBERON:0008895	splanchnocranium	splanchnocranium	UBERON:0004766	cranial bone	cranial bone	1.279919200979073
490	UBERON:0008895	splanchnocranium	splanchnocranium	UBERON:0004766	cranial bone	cranial bone	1.279919200979073
489	UBERON:0008895	splanchnocranium	splanchnocranium	UBERON:0004766	cranial bone	cranial bone	1.279919200979073
488	UBERON:0008895	splanchnocranium	splanchnocranium	UBERON:0004766	cranial bone	cranial bone	1.279919200979073
487	UBERON:0008895	splanchnocranium	splanchnocranium	UBERON:0004766	cranial bone	cranial bone	1.279919200979073
486	UBERON:0008895	splanchnocranium	splanchnocranium	UBERON:0004766	cranial bone	cranial bone	1.279919200979073
485	UBERON:0008895	splanchnocranium	splanchnocranium	UBERON:0004766	cranial bone	cranial bone	1.279919200979073
484	UBERON:0008895	splanchnocranium	splanchnocranium	UBERON:0004766	cranial bone	cranial bone	1.279919200979073
483	UBERON:0008895	splanchnocranium	splanchnocranium	UBERON:0004766	cranial bone	cranial bone	1.279919200979073
175	CL:0001035	bone cell	bone cell	UBERON:0005899	pes bone	foot bone	0.1395466146615334
54	CL:0001035	bone cell	bone cell	UBERON:0005897	manus bone	hand bone	
144	UBERON:1200197	scaphoid tubercle of scaphoid	scaphoid tubercle of scaphoid	UBERON:0001427	radiale	scaphoid	
146	UBERON:0007829	pectoral girdle bone	pectoral girdle bone	UBERON:0003460	arm bone	arm bone	
147	UBERON:0007829	pectoral girdle bone	pectoral girdle bone	UBERON:0003460	arm bone	arm bone	
148	UBERON:0007829	pectoral girdle bone	pectoral girdle bone	UBERON:0003460	arm bone	arm bone	
149	UBERON:0007829	pectoral girdle bone	pectoral girdle bone	UBERON:0003460	arm bone	arm bone	
150	UBERON:0007829	pectoral girdle bone	pectoral girdle bone	UBERON:0003460	arm bone	arm bone	
151	UBERON:0007829	pectoral girdle bone	pectoral girdle bone	UBERON:0003460	arm bone	arm bone	
152	UBERON:0007829	pectoral girdle bone	pectoral girdle bone	UBERON:0003460	arm bone	arm bone	
153	UBERON:0007829	pectoral girdle bone	pectoral girdle bone	UBERON:0003460	arm bone	arm bone	
154	UBERON:0007829	pectoral girdle bone	pectoral girdle bone	UBERON:0003460	arm bone	arm bone	
155	UBERON:0007829	pectoral girdle bone	pectoral girdle bone	UBERON:0003460	arm bone	arm bone	
156	UBERON:0007829	pectoral girdle bone	pectoral girdle bone	UBERON:0003460	arm bone	arm bone	
157	UBERON:0007829	pectoral girdle bone	pectoral girdle bone	UBERON:0003460	arm bone	arm bone	
158	UBERON:0007829	pectoral girdle bone	pectoral girdle bone	UBERON:0003460	arm bone	arm bone	
159	UBERON:0007829	pectoral girdle bone	pectoral girdle bone	UBERON:0003460	arm bone	arm bone	
160	UBERON:0007829	pectoral girdle bone	pectoral girdle bone	UBERON:0003460	arm bone	arm bone	
160	UBERON:0006657	glenoid fossa	glenoid fossa of scapula	UBERON:0006849	scapula	scapula	
161	UBERON:0007829	pectoral girdle bone	pectoral girdle bone	UBERON:0003460	arm bone	arm bone	
162	UBERON:0007829	pectoral girdle bone	pectoral girdle bone	UBERON:0003460	arm bone	arm bone	
163	UBERON:0007829	pectoral girdle bone	pectoral girdle bone	UBERON:0003460	arm bone	arm bone	
164	UBERON:0007829	pectoral girdle bone	pectoral girdle bone	UBERON:0003460	arm bone	arm bone	
165	UBERON:0007829	pectoral girdle bone	pectoral girdle bone	UBERON:0003460	arm bone	arm bone	
166	UBERON:0007829	pectoral girdle bone	pectoral girdle bone	UBERON:0003460	arm bone	arm bone	
167	UBERON:0007829	pectoral girdle bone	pectoral girdle bone	UBERON:0003460	arm bone	arm bone	
168	UBERON:0007829	pectoral girdle bone	pectoral girdle bone	UBERON:0003460	arm bone	arm bone	
169	UBERON:0007829	pectoral girdle bone	pectoral girdle bone	UBERON:0003460	arm bone	arm bone	
170	UBERON:0007829	pectoral girdle bone	pectoral girdle bone	UBERON:0003460	arm bone	arm bone	
171	UBERON:0007829	pectoral girdle bone	pectoral girdle bone	UBERON:0003460	arm bone	arm bone	
172	UBERON:0007829	pectoral girdle bone	pectoral girdle bone	UBERON:0003460	arm bone	arm bone	
173	UBERON:0007829	pectoral girdle bone	pectoral girdle bone	UBERON:0003460	arm bone	arm bone	
322	UBERON:0007830	pelvic girdle bone/zone	pelvic girdle bone/zone	UBERON:0005893	leg bone	leg bone	
323	UBERON:0007830	pelvic girdle bone/zone	pelvic girdle bone/zone	UBERON:0005893	leg bone	leg bone	
324	UBERON:0007830	pelvic girdle bone/zone	pelvic girdle bone/zone	UBERON:0005893	leg bone	leg bone	
325	UBERON:0007830	pelvic girdle bone/zone	pelvic girdle bone/zone	UBERON:0005893	leg bone	leg bone	
326	UBERON:0007830	pelvic girdle bone/zone	pelvic girdle bone/zone	UBERON:0005893	leg bone	leg bone	
327	UBERON:0007830	pelvic girdle bone/zone	pelvic girdle bone/zone	UBERON:0005893	leg bone	leg bone	
328	UBERON:0007830	pelvic girdle bone/zone	pelvic girdle bone/zone	UBERON:0005893	leg bone	leg bone	
329	UBERON:0007830	pelvic girdle bone/zone	pelvic girdle bone/zone	UBERON:0005893	leg bone	leg bone	
330	UBERON:0007830	pelvic girdle bone/zone	pelvic girdle bone/zone	UBERON:0005893	leg bone	leg bone	
331	UBERON:0007830	pelvic girdle bone/zone	pelvic girdle bone/zone	UBERON:0005893	leg bone	leg bone	
332	UBERON:0007830	pelvic girdle bone/zone	pelvic girdle bone/zone	UBERON:0005893	leg bone	leg bone	
333	UBERON:0007830	pelvic girdle bone/zone	pelvic girdle bone/zone	UBERON:0005893	leg bone	leg bone	
334	UBERON:0007830	pelvic girdle bone/zone	pelvic girdle bone/zone	UBERON:0005893	leg bone	leg bone	
335	UBERON:0007830	pelvic girdle bone/zone	pelvic girdle bone/zone	UBERON:0005893	leg bone	leg bone	
336	UBERON:0007830	pelvic girdle bone/zone	pelvic girdle bone/zone	UBERON:0005893	leg bone	leg bone	
337	UBERON:0007830	pelvic girdle bone/zone	pelvic girdle bone/zone	UBERON:0005893	leg bone	leg bone	
338	UBERON:0007830	pelvic girdle bone/zone	pelvic girdle bone/zone	UBERON:0005893	leg bone	leg bone	
339	UBERON:0007830	pelvic girdle bone/zone	pelvic girdle bone/zone	UBERON:0005893	leg bone	leg bone	
340	UBERON:0007830	pelvic girdle bone/zone	pelvic girdle bone/zone	UBERON:0005893	leg bone	leg bone	
341	UBERON:0007830	pelvic girdle bone/zone	pelvic girdle bone/zone	UBERON:0005893	leg bone	leg bone	
342	UBERON:0007830	pelvic girdle bone/zone	pelvic girdle bone/zone	UBERON:0005893	leg bone	leg bone	
343	UBERON:0007830	pelvic girdle bone/zone	pelvic girdle bone/zone	UBERON:0005893	leg bone	leg bone	
343	UBERON:0034983	ischial tuberosity	ischial tuberosity of ischium of os coxa	UBERON:0001272	innominate bone	os coxa	
344	UBERON:0007830	pelvic girdle bone/zone	pelvic girdle bone/zone	UBERON:0005893	leg bone	leg bone	
345	UBERON:0007830	pelvic girdle bone/zone	pelvic girdle bone/zone	UBERON:0005893	leg bone	leg bone	
346	UBERON:0007830	pelvic girdle bone/zone	pelvic girdle bone/zone	UBERON:0005893	leg bone	leg bone	
347	UBERON:0007830	pelvic girdle bone/zone	pelvic girdle bone/zone	UBERON:0005893	leg bone	leg bone	
347	UBERON:0006803	obturator foramen	obturator foramen of os coxa	UBERON:0001272	innominate bone	os coxa	
348	UBERON:0007830	pelvic girdle bone/zone	pelvic girdle bone/zone	UBERON:0005893	leg bone	leg bone	
349	UBERON:0007830	pelvic girdle bone/zone	pelvic girdle bone/zone	UBERON:0005893	leg bone	leg bone	
350	UBERON:0007830	pelvic girdle bone/zone	pelvic girdle bone/zone	UBERON:0005893	leg bone	leg bone	
351	UBERON:0007830	pelvic girdle bone/zone	pelvic girdle bone/zone	UBERON:0005893	leg bone	leg bone	
352	UBERON:0007830	pelvic girdle bone/zone	pelvic girdle bone/zone	UBERON:0005893	leg bone	leg bone	
353	UBERON:0007830	pelvic girdle bone/zone	pelvic girdle bone/zone	UBERON:0005893	leg bone	leg bone	
354	UBERON:0007830	pelvic girdle bone/zone	pelvic girdle bone/zone	UBERON:0005893	leg bone	leg bone	
355	UBERON:0007830	pelvic girdle bone/zone	pelvic girdle bone/zone	UBERON:0005893	leg bone	leg bone	
356	UBERON:0007830	pelvic girdle bone/zone	pelvic girdle bone/zone	UBERON:0005893	leg bone	leg bone	
357	UBERON:0007830	pelvic girdle bone/zone	pelvic girdle bone/zone	UBERON:0005893	leg bone	leg bone	
358	CL:0001035	bone cell	bone cell	UBERON:0005944	axial skeleton plus cranial skeleton	axial skeleton	
359	UBERON:0004766	cranial bone	cranial bone	UBERON:0005944	axial skeleton plus cranial skeleton	axial skeleton	
360	UBERON:0004766	cranial bone	cranial bone	UBERON:0005944	axial skeleton plus cranial skeleton	axial skeleton	
360	UBERON:1200076	hyoid region bone	hyoid region bone	UBERON:0004766	cranial bone	cranial bone	
361	UBERON:0004766	cranial bone	cranial bone	UBERON:0005944	axial skeleton plus cranial skeleton	axial skeleton	
361	UBERON:1200076	hyoid region bone	hyoid region bone	UBERON:0004766	cranial bone	cranial bone	
362	UBERON:0004766	cranial bone	cranial bone	UBERON:0005944	axial skeleton plus cranial skeleton	axial skeleton	
362	UBERON:1200076	hyoid region bone	hyoid region bone	UBERON:0004766	cranial bone	cranial bone	
363	UBERON:0004766	cranial bone	cranial bone	UBERON:0005944	axial skeleton plus cranial skeleton	axial skeleton	
363	UBERON:1200076	hyoid region bone	hyoid region bone	UBERON:0004766	cranial bone	cranial bone	
364	UBERON:0004766	cranial bone	cranial bone	UBERON:0005944	axial skeleton plus cranial skeleton	axial skeleton	
364	UBERON:1200076	hyoid region bone	hyoid region bone	UBERON:0004766	cranial bone	cranial bone	
365	UBERON:0004766	cranial bone	cranial bone	UBERON:0005944	axial skeleton plus cranial skeleton	axial skeleton	
366	UBERON:0004766	cranial bone	cranial bone	UBERON:0005944	axial skeleton plus cranial skeleton	axial skeleton	
367	UBERON:0004766	cranial bone	cranial bone	UBERON:0005944	axial skeleton plus cranial skeleton	axial skeleton	
367	UBERON:0018653	anterior ethmoidal foramen	anterior ethmoidal foramen of ethmoid bone	UBERON:0001679	ethmoid bone	ethmoid bone	
368	UBERON:0004766	cranial bone	cranial bone	UBERON:0005944	axial skeleton plus cranial skeleton	axial skeleton	
369	UBERON:0004766	cranial bone	cranial bone	UBERON:0005944	axial skeleton plus cranial skeleton	axial skeleton	
370	UBERON:0004766	cranial bone	cranial bone	UBERON:0005944	axial skeleton plus cranial skeleton	axial skeleton	
371	UBERON:0004766	cranial bone	cranial bone	UBERON:0005944	axial skeleton plus cranial skeleton	axial skeleton	
372	UBERON:0004766	cranial bone	cranial bone	UBERON:0005944	axial skeleton plus cranial skeleton	axial skeleton	
373	UBERON:0004766	cranial bone	cranial bone	UBERON:0005944	axial skeleton plus cranial skeleton	axial skeleton	
374	UBERON:0004766	cranial bone	cranial bone	UBERON:0005944	axial skeleton plus cranial skeleton	axial skeleton	
375	UBERON:0004766	cranial bone	cranial bone	UBERON:0005944	axial skeleton plus cranial skeleton	axial skeleton	
375	UBERON:0018654	posterior ethmoidal foramen	posterior ethmoidal foramen of ethmoid bone	UBERON:0001679	ethmoid bone	ethmoid bone	
376	UBERON:0004766	cranial bone	cranial bone	UBERON:0005944	axial skeleton plus cranial skeleton	axial skeleton	
377	UBERON:0004766	cranial bone	cranial bone	UBERON:0005944	axial skeleton plus cranial skeleton	axial skeleton	
378	UBERON:0004766	cranial bone	cranial bone	UBERON:0005944	axial skeleton plus cranial skeleton	axial skeleton	
379	UBERON:0004766	cranial bone	cranial bone	UBERON:0005944	axial skeleton plus cranial skeleton	axial skeleton	
379	UBERON:0001760	frontal sinus	frontal sinus of frontal bone	UBERON:0000209	tetrapod frontal bone	frontal bone	
380	UBERON:0004766	cranial bone	cranial bone	UBERON:0005944	axial skeleton plus cranial skeleton	axial skeleton	
381	UBERON:0004766	cranial bone	cranial bone	UBERON:0005944	axial skeleton plus cranial skeleton	axial skeleton	
382	UBERON:0004766	cranial bone	cranial bone	UBERON:0005944	axial skeleton plus cranial skeleton	axial skeleton	
383	UBERON:0004766	cranial bone	cranial bone	UBERON:0005944	axial skeleton plus cranial skeleton	axial skeleton	
384	UBERON:0004766	cranial bone	cranial bone	UBERON:0005944	axial skeleton plus cranial skeleton	axial skeleton	
385	UBERON:0004766	cranial bone	cranial bone	UBERON:0005944	axial skeleton plus cranial skeleton	axial skeleton	
386	UBERON:0004766	cranial bone	cranial bone	UBERON:0005944	axial skeleton plus cranial skeleton	axial skeleton	
387	UBERON:0004766	cranial bone	cranial bone	UBERON:0005944	axial skeleton plus cranial skeleton	axial skeleton	
388	UBERON:0004766	cranial bone	cranial bone	UBERON:0005944	axial skeleton plus cranial skeleton	axial skeleton	
389	UBERON:0004766	cranial bone	cranial bone	UBERON:0005944	axial skeleton plus cranial skeleton	axial skeleton	
390	UBERON:0004766	cranial bone	cranial bone	UBERON:0005944	axial skeleton plus cranial skeleton	axial skeleton	
390	UBERON:0003687	foramen magnum	foramen magnum of basilar part of occipital bone	UBERON:0001676	occipital bone	occipital bone	
391	UBERON:0004766	cranial bone	cranial bone	UBERON:0005944	axial skeleton plus cranial skeleton	axial skeleton	
392	UBERON:0004766	cranial bone	cranial bone	UBERON:0005944	axial skeleton plus cranial skeleton	axial skeleton	
393	UBERON:0004766	cranial bone	cranial bone	UBERON:0005944	axial skeleton plus cranial skeleton	axial skeleton	
394	UBERON:0004766	cranial bone	cranial bone	UBERON:0005944	axial skeleton plus cranial skeleton	axial skeleton	
395	UBERON:0004766	cranial bone	cranial bone	UBERON:0005944	axial skeleton plus cranial skeleton	axial skeleton	
395	UBERON:0005456	jugular foramen	jugular foramen of basilar part of occipital bone	UBERON:0001676	occipital bone	occipital bone	
396	UBERON:0004766	cranial bone	cranial bone	UBERON:0005944	axial skeleton plus cranial skeleton	axial skeleton	
397	UBERON:0004766	cranial bone	cranial bone	UBERON:0005944	axial skeleton plus cranial skeleton	axial skeleton	
398	UBERON:0004766	cranial bone	cranial bone	UBERON:0005944	axial skeleton plus cranial skeleton	axial skeleton	
399	UBERON:0004766	cranial bone	cranial bone	UBERON:0005944	axial skeleton plus cranial skeleton	axial skeleton	
400	UBERON:0004766	cranial bone	cranial bone	UBERON:0005944	axial skeleton plus cranial skeleton	axial skeleton	
401	UBERON:0004766	cranial bone	cranial bone	UBERON:0005944	axial skeleton plus cranial skeleton	axial skeleton	
402	UBERON:0004766	cranial bone	cranial bone	UBERON:0005944	axial skeleton plus cranial skeleton	axial skeleton	
403	UBERON:0004766	cranial bone	cranial bone	UBERON:0005944	axial skeleton plus cranial skeleton	axial skeleton	
404	UBERON:0004766	cranial bone	cranial bone	UBERON:0005944	axial skeleton plus cranial skeleton	axial skeleton	
404	UBERON:0013463	temporal fossa	temporal fossa of parietal bone	UBERON:0000210	tetrapod parietal bone	parietal bone	
405	UBERON:0004766	cranial bone	cranial bone	UBERON:0005944	axial skeleton plus cranial skeleton	axial skeleton	
405	UBERON:0001677	sphenoid bone	sphenoid bone	UBERON:0001703	neurocranium	neurocranium	
406	UBERON:0004766	cranial bone	cranial bone	UBERON:0005944	axial skeleton plus cranial skeleton	axial skeleton	
406	UBERON:0001677	sphenoid bone	sphenoid bone	UBERON:0001703	neurocranium	neurocranium	
407	UBERON:0004766	cranial bone	cranial bone	UBERON:0005944	axial skeleton plus cranial skeleton	axial skeleton	
407	UBERON:0001677	sphenoid bone	sphenoid bone	UBERON:0001703	neurocranium	neurocranium	
408	UBERON:0004766	cranial bone	cranial bone	UBERON:0005944	axial skeleton plus cranial skeleton	axial skeleton	
408	UBERON:0001677	sphenoid bone	sphenoid bone	UBERON:0001703	neurocranium	neurocranium	
409	UBERON:0004766	cranial bone	cranial bone	UBERON:0005944	axial skeleton plus cranial skeleton	axial skeleton	
409	UBERON:0001677	sphenoid bone	sphenoid bone	UBERON:0001703	neurocranium	neurocranium	
409	UBERON:0018651	foramen lacerum	foramen lacerum of sphenoid bone	UBERON:0001677	sphenoid bone	sphenoid bone	
410	UBERON:0004766	cranial bone	cranial bone	UBERON:0005944	axial skeleton plus cranial skeleton	axial skeleton	
410	UBERON:0001677	sphenoid bone	sphenoid bone	UBERON:0001703	neurocranium	neurocranium	
411	UBERON:0004766	cranial bone	cranial bone	UBERON:0005944	axial skeleton plus cranial skeleton	axial skeleton	
411	UBERON:0001677	sphenoid bone	sphenoid bone	UBERON:0001703	neurocranium	neurocranium	
412	UBERON:0004766	cranial bone	cranial bone	UBERON:0005944	axial skeleton plus cranial skeleton	axial skeleton	
412	UBERON:0001677	sphenoid bone	sphenoid bone	UBERON:0001703	neurocranium	neurocranium	
413	UBERON:0004766	cranial bone	cranial bone	UBERON:0005944	axial skeleton plus cranial skeleton	axial skeleton	
413	UBERON:0001677	sphenoid bone	sphenoid bone	UBERON:0001703	neurocranium	neurocranium	
414	UBERON:0004766	cranial bone	cranial bone	UBERON:0005944	axial skeleton plus cranial skeleton	axial skeleton	
414	UBERON:0001677	sphenoid bone	sphenoid bone	UBERON:0001703	neurocranium	neurocranium	
415	UBERON:0004766	cranial bone	cranial bone	UBERON:0005944	axial skeleton plus cranial skeleton	axial skeleton	
415	UBERON:0001677	sphenoid bone	sphenoid bone	UBERON:0001703	neurocranium	neurocranium	
416	UBERON:0004766	cranial bone	cranial bone	UBERON:0005944	axial skeleton plus cranial skeleton	axial skeleton	
416	UBERON:0001677	sphenoid bone	sphenoid bone	UBERON:0001703	neurocranium	neurocranium	
417	UBERON:0004766	cranial bone	cranial bone	UBERON:0005944	axial skeleton plus cranial skeleton	axial skeleton	
417	UBERON:0001677	sphenoid bone	sphenoid bone	UBERON:0001703	neurocranium	neurocranium	
418	UBERON:0004766	cranial bone	cranial bone	UBERON:0005944	axial skeleton plus cranial skeleton	axial skeleton	
418	UBERON:0001677	sphenoid bone	sphenoid bone	UBERON:0001703	neurocranium	neurocranium	
419	UBERON:0004766	cranial bone	cranial bone	UBERON:0005944	axial skeleton plus cranial skeleton	axial skeleton	
419	UBERON:0001677	sphenoid bone	sphenoid bone	UBERON:0001703	neurocranium	neurocranium	
420	UBERON:0004766	cranial bone	cranial bone	UBERON:0005944	axial skeleton plus cranial skeleton	axial skeleton	
420	UBERON:0001677	sphenoid bone	sphenoid bone	UBERON:0001703	neurocranium	neurocranium	
421	UBERON:0004766	cranial bone	cranial bone	UBERON:0005944	axial skeleton plus cranial skeleton	axial skeleton	
421	UBERON:0001677	sphenoid bone	sphenoid bone	UBERON:0001703	neurocranium	neurocranium	
422	UBERON:0004766	cranial bone	cranial bone	UBERON:0005944	axial skeleton plus cranial skeleton	axial skeleton	
422	UBERON:0001677	sphenoid bone	sphenoid bone	UBERON:0001703	neurocranium	neurocranium	
423	UBERON:0004766	cranial bone	cranial bone	UBERON:0005944	axial skeleton plus cranial skeleton	axial skeleton	
423	UBERON:0001677	sphenoid bone	sphenoid bone	UBERON:0001703	neurocranium	neurocranium	
424	UBERON:0004766	cranial bone	cranial bone	UBERON:0005944	axial skeleton plus cranial skeleton	axial skeleton	
424	UBERON:0001677	sphenoid bone	sphenoid bone	UBERON:0001703	neurocranium	neurocranium	
425	UBERON:0004766	cranial bone	cranial bone	UBERON:0005944	axial skeleton plus cranial skeleton	axial skeleton	
425	UBERON:0001677	sphenoid bone	sphenoid bone	UBERON:0001703	neurocranium	neurocranium	
426	UBERON:0004766	cranial bone	cranial bone	UBERON:0005944	axial skeleton plus cranial skeleton	axial skeleton	
426	UBERON:0001677	sphenoid bone	sphenoid bone	UBERON:0001703	neurocranium	neurocranium	
426	UBERON:0005480	superior orbital fissure	superior orbital fissure of sphenoid bone	UBERON:0001677	sphenoid bone	sphenoid bone	
427	UBERON:0004766	cranial bone	cranial bone	UBERON:0005944	axial skeleton plus cranial skeleton	axial skeleton	
427	UBERON:0001678	temporal bone	temporal bone	UBERON:0001703	neurocranium	neurocranium	
428	UBERON:0004766	cranial bone	cranial bone	UBERON:0005944	axial skeleton plus cranial skeleton	axial skeleton	
428	UBERON:0001678	temporal bone	temporal bone	UBERON:0001703	neurocranium	neurocranium	
429	UBERON:0004766	cranial bone	cranial bone	UBERON:0005944	axial skeleton plus cranial skeleton	axial skeleton	
429	UBERON:0001678	temporal bone	temporal bone	UBERON:0001703	neurocranium	neurocranium	
430	UBERON:0004766	cranial bone	cranial bone	UBERON:0005944	axial skeleton plus cranial skeleton	axial skeleton	
430	UBERON:0001678	temporal bone	temporal bone	UBERON:0001703	neurocranium	neurocranium	
431	UBERON:0004766	cranial bone	cranial bone	UBERON:0005944	axial skeleton plus cranial skeleton	axial skeleton	
431	UBERON:0001678	temporal bone	temporal bone	UBERON:0001703	neurocranium	neurocranium	
432	UBERON:0004766	cranial bone	cranial bone	UBERON:0005944	axial skeleton plus cranial skeleton	axial skeleton	
432	UBERON:0001678	temporal bone	temporal bone	UBERON:0001703	neurocranium	neurocranium	
433	UBERON:0004766	cranial bone	cranial bone	UBERON:0005944	axial skeleton plus cranial skeleton	axial skeleton	
433	UBERON:0001678	temporal bone	temporal bone	UBERON:0001703	neurocranium	neurocranium	
434	UBERON:0004766	cranial bone	cranial bone	UBERON:0005944	axial skeleton plus cranial skeleton	axial skeleton	
434	UBERON:0001678	temporal bone	temporal bone	UBERON:0001703	neurocranium	neurocranium	
435	UBERON:0004766	cranial bone	cranial bone	UBERON:0005944	axial skeleton plus cranial skeleton	axial skeleton	
435	UBERON:0001678	temporal bone	temporal bone	UBERON:0001703	neurocranium	neurocranium	
436	UBERON:0004766	cranial bone	cranial bone	UBERON:0005944	axial skeleton plus cranial skeleton	axial skeleton	
436	UBERON:0001678	temporal bone	temporal bone	UBERON:0001703	neurocranium	neurocranium	
437	UBERON:0004766	cranial bone	cranial bone	UBERON:0005944	axial skeleton plus cranial skeleton	axial skeleton	
437	UBERON:0001678	temporal bone	temporal bone	UBERON:0001703	neurocranium	neurocranium	
438	UBERON:0004766	cranial bone	cranial bone	UBERON:0005944	axial skeleton plus cranial skeleton	axial skeleton	
438	UBERON:0001678	temporal bone	temporal bone	UBERON:0001703	neurocranium	neurocranium	
439	UBERON:0004766	cranial bone	cranial bone	UBERON:0005944	axial skeleton plus cranial skeleton	axial skeleton	
439	UBERON:0001678	temporal bone	temporal bone	UBERON:0001703	neurocranium	neurocranium	
440	UBERON:0004766	cranial bone	cranial bone	UBERON:0005944	axial skeleton plus cranial skeleton	axial skeleton	
440	UBERON:0001678	temporal bone	temporal bone	UBERON:0001703	neurocranium	neurocranium	
441	UBERON:0004766	cranial bone	cranial bone	UBERON:0005944	axial skeleton plus cranial skeleton	axial skeleton	
441	UBERON:0001678	temporal bone	temporal bone	UBERON:0001703	neurocranium	neurocranium	
442	UBERON:0004766	cranial bone	cranial bone	UBERON:0005944	axial skeleton plus cranial skeleton	axial skeleton	
442	UBERON:0001678	temporal bone	temporal bone	UBERON:0001703	neurocranium	neurocranium	
443	UBERON:0004766	cranial bone	cranial bone	UBERON:0005944	axial skeleton plus cranial skeleton	axial skeleton	
443	UBERON:0001678	temporal bone	temporal bone	UBERON:0001703	neurocranium	neurocranium	
444	UBERON:0004766	cranial bone	cranial bone	UBERON:0005944	axial skeleton plus cranial skeleton	axial skeleton	
444	UBERON:0001678	temporal bone	temporal bone	UBERON:0001703	neurocranium	neurocranium	
445	UBERON:0004766	cranial bone	cranial bone	UBERON:0005944	axial skeleton plus cranial skeleton	axial skeleton	
445	UBERON:0001678	temporal bone	temporal bone	UBERON:0001703	neurocranium	neurocranium	
446	UBERON:0004766	cranial bone	cranial bone	UBERON:0005944	axial skeleton plus cranial skeleton	axial skeleton	
446	UBERON:0001678	temporal bone	temporal bone	UBERON:0001703	neurocranium	neurocranium	
447	UBERON:0004766	cranial bone	cranial bone	UBERON:0005944	axial skeleton plus cranial skeleton	axial skeleton	
447	UBERON:0001678	temporal bone	temporal bone	UBERON:0001703	neurocranium	neurocranium	
448	UBERON:0004766	cranial bone	cranial bone	UBERON:0005944	axial skeleton plus cranial skeleton	axial skeleton	
448	UBERON:0001678	temporal bone	temporal bone	UBERON:0001703	neurocranium	neurocranium	
449	UBERON:0004766	cranial bone	cranial bone	UBERON:0005944	axial skeleton plus cranial skeleton	axial skeleton	
449	UBERON:0010911	ossicle	ossicle	UBERON:0004766	cranial bone	cranial bone	
450	UBERON:0004766	cranial bone	cranial bone	UBERON:0005944	axial skeleton plus cranial skeleton	axial skeleton	
450	UBERON:0010911	ossicle	ossicle	UBERON:0004766	cranial bone	cranial bone	
450	UBERON:0001688	incus bone	incus bone	UBERON:0010911	ossicle	ossicle	
451	UBERON:0004766	cranial bone	cranial bone	UBERON:0005944	axial skeleton plus cranial skeleton	axial skeleton	
451	UBERON:0010911	ossicle	ossicle	UBERON:0004766	cranial bone	cranial bone	
451	UBERON:0001689	malleus bone	malleus bone	UBERON:0010911	ossicle	ossicle	
452	UBERON:0004766	cranial bone	cranial bone	UBERON:0005944	axial skeleton plus cranial skeleton	axial skeleton	
452	UBERON:0010911	ossicle	ossicle	UBERON:0004766	cranial bone	cranial bone	
452	UBERON:0001687	stapes bone	stapes bone	UBERON:0010911	ossicle	ossicle	
453	UBERON:0004766	cranial bone	cranial bone	UBERON:0005944	axial skeleton plus cranial skeleton	axial skeleton	
454	UBERON:0004766	cranial bone	cranial bone	UBERON:0005944	axial skeleton plus cranial skeleton	axial skeleton	
454	UBERON:0005922	inferior nasal concha	inferior nasal concha	UBERON:0008895	splanchnocranium	splanchnocranium	
455	UBERON:0004766	cranial bone	cranial bone	UBERON:0005944	axial skeleton plus cranial skeleton	axial skeleton	
455	UBERON:0001680	lacrimal bone	lacrimal bone	UBERON:0008895	splanchnocranium	splanchnocranium	
456	UBERON:0004766	cranial bone	cranial bone	UBERON:0005944	axial skeleton plus cranial skeleton	axial skeleton	
456	UBERON:0001680	lacrimal bone	lacrimal bone	UBERON:0008895	splanchnocranium	splanchnocranium	
457	UBERON:0004766	cranial bone	cranial bone	UBERON:0005944	axial skeleton plus cranial skeleton	axial skeleton	
457	UBERON:0001684	mandible	mandible	UBERON:0008895	splanchnocranium	splanchnocranium	
458	UBERON:0004766	cranial bone	cranial bone	UBERON:0005944	axial skeleton plus cranial skeleton	axial skeleton	
458	UBERON:0001684	mandible	mandible	UBERON:0008895	splanchnocranium	splanchnocranium	
459	UBERON:0004766	cranial bone	cranial bone	UBERON:0005944	axial skeleton plus cranial skeleton	axial skeleton	
459	UBERON:0001684	mandible	mandible	UBERON:0008895	splanchnocranium	splanchnocranium	
460	UBERON:0004766	cranial bone	cranial bone	UBERON:0005944	axial skeleton plus cranial skeleton	axial skeleton	
460	UBERON:0001684	mandible	mandible	UBERON:0008895	splanchnocranium	splanchnocranium	
461	UBERON:0004766	cranial bone	cranial bone	UBERON:0005944	axial skeleton plus cranial skeleton	axial skeleton	
461	UBERON:0001684	mandible	mandible	UBERON:0008895	splanchnocranium	splanchnocranium	
462	UBERON:0004766	cranial bone	cranial bone	UBERON:0005944	axial skeleton plus cranial skeleton	axial skeleton	
462	UBERON:0001684	mandible	mandible	UBERON:0008895	splanchnocranium	splanchnocranium	
463	UBERON:0004766	cranial bone	cranial bone	UBERON:0005944	axial skeleton plus cranial skeleton	axial skeleton	
463	UBERON:0001684	mandible	mandible	UBERON:0008895	splanchnocranium	splanchnocranium	
464	UBERON:0004766	cranial bone	cranial bone	UBERON:0005944	axial skeleton plus cranial skeleton	axial skeleton	
464	UBERON:0001684	mandible	mandible	UBERON:0008895	splanchnocranium	splanchnocranium	
465	UBERON:0004766	cranial bone	cranial bone	UBERON:0005944	axial skeleton plus cranial skeleton	axial skeleton	
465	UBERON:0001684	mandible	mandible	UBERON:0008895	splanchnocranium	splanchnocranium	
466	UBERON:0004766	cranial bone	cranial bone	UBERON:0005944	axial skeleton plus cranial skeleton	axial skeleton	
466	UBERON:0001684	mandible	mandible	UBERON:0008895	splanchnocranium	splanchnocranium	
467	UBERON:0004766	cranial bone	cranial bone	UBERON:0005944	axial skeleton plus cranial skeleton	axial skeleton	
467	UBERON:0001684	mandible	mandible	UBERON:0008895	splanchnocranium	splanchnocranium	
468	UBERON:0004766	cranial bone	cranial bone	UBERON:0005944	axial skeleton plus cranial skeleton	axial skeleton	
468	UBERON:0001684	mandible	mandible	UBERON:0008895	splanchnocranium	splanchnocranium	
469	UBERON:0004766	cranial bone	cranial bone	UBERON:0005944	axial skeleton plus cranial skeleton	axial skeleton	
469	UBERON:0001684	mandible	mandible	UBERON:0008895	splanchnocranium	splanchnocranium	
470	UBERON:0004766	cranial bone	cranial bone	UBERON:0005944	axial skeleton plus cranial skeleton	axial skeleton	
470	UBERON:0001684	mandible	mandible	UBERON:0008895	splanchnocranium	splanchnocranium	
471	UBERON:0004766	cranial bone	cranial bone	UBERON:0005944	axial skeleton plus cranial skeleton	axial skeleton	
471	UBERON:0001684	mandible	mandible	UBERON:0008895	splanchnocranium	splanchnocranium	
472	UBERON:0004766	cranial bone	cranial bone	UBERON:0005944	axial skeleton plus cranial skeleton	axial skeleton	
472	UBERON:0001684	mandible	mandible	UBERON:0008895	splanchnocranium	splanchnocranium	
473	UBERON:0004766	cranial bone	cranial bone	UBERON:0005944	axial skeleton plus cranial skeleton	axial skeleton	
473	UBERON:0001684	mandible	mandible	UBERON:0008895	splanchnocranium	splanchnocranium	
474	UBERON:0004766	cranial bone	cranial bone	UBERON:0005944	axial skeleton plus cranial skeleton	axial skeleton	
474	UBERON:0001684	mandible	mandible	UBERON:0008895	splanchnocranium	splanchnocranium	
475	UBERON:0004766	cranial bone	cranial bone	UBERON:0005944	axial skeleton plus cranial skeleton	axial skeleton	
475	UBERON:0001684	mandible	mandible	UBERON:0008895	splanchnocranium	splanchnocranium	
476	UBERON:0004766	cranial bone	cranial bone	UBERON:0005944	axial skeleton plus cranial skeleton	axial skeleton	
476	UBERON:0001684	mandible	mandible	UBERON:0008895	splanchnocranium	splanchnocranium	
477	UBERON:0004766	cranial bone	cranial bone	UBERON:0005944	axial skeleton plus cranial skeleton	axial skeleton	
477	UBERON:0001684	mandible	mandible	UBERON:0008895	splanchnocranium	splanchnocranium	
478	UBERON:0004766	cranial bone	cranial bone	UBERON:0005944	axial skeleton plus cranial skeleton	axial skeleton	
478	UBERON:0001684	mandible	mandible	UBERON:0008895	splanchnocranium	splanchnocranium	
479	UBERON:0004766	cranial bone	cranial bone	UBERON:0005944	axial skeleton plus cranial skeleton	axial skeleton	
479	UBERON:0002397	maxilla	maxilla	UBERON:0008895	splanchnocranium	splanchnocranium	
480	UBERON:0004766	cranial bone	cranial bone	UBERON:0005944	axial skeleton plus cranial skeleton	axial skeleton	
480	UBERON:0002397	maxilla	maxilla	UBERON:0008895	splanchnocranium	splanchnocranium	
481	UBERON:0004766	cranial bone	cranial bone	UBERON:0005944	axial skeleton plus cranial skeleton	axial skeleton	
481	UBERON:0002397	maxilla	maxilla	UBERON:0008895	splanchnocranium	splanchnocranium	
482	UBERON:0004766	cranial bone	cranial bone	UBERON:0005944	axial skeleton plus cranial skeleton	axial skeleton	
482	UBERON:0002397	maxilla	maxilla	UBERON:0008895	splanchnocranium	splanchnocranium	
483	UBERON:0004766	cranial bone	cranial bone	UBERON:0005944	axial skeleton plus cranial skeleton	axial skeleton	
483	UBERON:0002397	maxilla	maxilla	UBERON:0008895	splanchnocranium	splanchnocranium	
484	UBERON:0004766	cranial bone	cranial bone	UBERON:0005944	axial skeleton plus cranial skeleton	axial skeleton	
484	UBERON:0002397	maxilla	maxilla	UBERON:0008895	splanchnocranium	splanchnocranium	
485	UBERON:0004766	cranial bone	cranial bone	UBERON:0005944	axial skeleton plus cranial skeleton	axial skeleton	
485	UBERON:0002397	maxilla	maxilla	UBERON:0008895	splanchnocranium	splanchnocranium	
485	UBERON:0012315	incisive foramen	incisive foramen of maxilla	UBERON:0002397	maxilla	maxilla	
486	UBERON:0004766	cranial bone	cranial bone	UBERON:0005944	axial skeleton plus cranial skeleton	axial skeleton	
486	UBERON:0002397	maxilla	maxilla	UBERON:0008895	splanchnocranium	splanchnocranium	
486	UBERON:2001811	infraorbital sensory canal	infraorbital canal of maxilla	UBERON:0002397	maxilla	maxilla	
487	UBERON:0004766	cranial bone	cranial bone	UBERON:0005944	axial skeleton plus cranial skeleton	axial skeleton	
487	UBERON:0002397	maxilla	maxilla	UBERON:0008895	splanchnocranium	splanchnocranium	
488	UBERON:0004766	cranial bone	cranial bone	UBERON:0005944	axial skeleton plus cranial skeleton	axial skeleton	
488	UBERON:0002397	maxilla	maxilla	UBERON:0008895	splanchnocranium	splanchnocranium	
489	UBERON:0004766	cranial bone	cranial bone	UBERON:0005944	axial skeleton plus cranial skeleton	axial skeleton	
489	UBERON:0002397	maxilla	maxilla	UBERON:0008895	splanchnocranium	splanchnocranium	
490	UBERON:0004766	cranial bone	cranial bone	UBERON:0005944	axial skeleton plus cranial skeleton	axial skeleton	
490	UBERON:0002397	maxilla	maxilla	UBERON:0008895	splanchnocranium	splanchnocranium	
491	UBERON:0004766	cranial bone	cranial bone	UBERON:0005944	axial skeleton plus cranial skeleton	axial skeleton	
491	UBERON:0002397	maxilla	maxilla	UBERON:0008895	splanchnocranium	splanchnocranium	
492	UBERON:0004766	cranial bone	cranial bone	UBERON:0005944	axial skeleton plus cranial skeleton	axial skeleton	
492	UBERON:0002397	maxilla	maxilla	UBERON:0008895	splanchnocranium	splanchnocranium	
493	UBERON:0004766	cranial bone	cranial bone	UBERON:0005944	axial skeleton plus cranial skeleton	axial skeleton	
493	UBERON:0002397	maxilla	maxilla	UBERON:0008895	splanchnocranium	splanchnocranium	
494	UBERON:0004766	cranial bone	cranial bone	UBERON:0005944	axial skeleton plus cranial skeleton	axial skeleton	
494	UBERON:0002397	maxilla	maxilla	UBERON:0008895	splanchnocranium	splanchnocranium	
494	UBERON:0016477	zygomatic process of maxilla	zygomatic process of maxilla	UBERON:0002397	maxilla	maxilla	
495	UBERON:0004766	cranial bone	cranial bone	UBERON:0005944	axial skeleton plus cranial skeleton	axial skeleton	
495	UBERON:0001681	nasal bone	nasal bone	UBERON:0008895	splanchnocranium	splanchnocranium	
496	UBERON:0004766	cranial bone	cranial bone	UBERON:0005944	axial skeleton plus cranial skeleton	axial skeleton	
497	UBERON:0004766	cranial bone	cranial bone	UBERON:0005944	axial skeleton plus cranial skeleton	axial skeleton	
498	UBERON:0004766	cranial bone	cranial bone	UBERON:0005944	axial skeleton plus cranial skeleton	axial skeleton	
499	UBERON:0004766	cranial bone	cranial bone	UBERON:0005944	axial skeleton plus cranial skeleton	axial skeleton	
500	UBERON:0004766	cranial bone	cranial bone	UBERON:0005944	axial skeleton plus cranial skeleton	axial skeleton	
501	UBERON:0004766	cranial bone	cranial bone	UBERON:0005944	axial skeleton plus cranial skeleton	axial skeleton	
502	UBERON:0004766	cranial bone	cranial bone	UBERON:0005944	axial skeleton plus cranial skeleton	axial skeleton	
503	UBERON:0004766	cranial bone	cranial bone	UBERON:0005944	axial skeleton plus cranial skeleton	axial skeleton	
504	UBERON:0004766	cranial bone	cranial bone	UBERON:0005944	axial skeleton plus cranial skeleton	axial skeleton	
504	UBERON:0001683	jugal bone	zygomatic bone	UBERON:0008895	splanchnocranium	splanchnocranium	
505	UBERON:0004766	cranial bone	cranial bone	UBERON:0005944	axial skeleton plus cranial skeleton	axial skeleton	
505	UBERON:0001683	jugal bone	zygomatic bone	UBERON:0008895	splanchnocranium	splanchnocranium	
506	UBERON:0004766	cranial bone	cranial bone	UBERON:0005944	axial skeleton plus cranial skeleton	axial skeleton	
506	UBERON:0001683	jugal bone	zygomatic bone	UBERON:0008895	splanchnocranium	splanchnocranium	
507	UBERON:0004766	cranial bone	cranial bone	UBERON:0005944	axial skeleton plus cranial skeleton	axial skeleton	
507	UBERON:0001683	jugal bone	zygomatic bone	UBERON:0008895	splanchnocranium	splanchnocranium	
508	UBERON:0004766	cranial bone	cranial bone	UBERON:0005944	axial skeleton plus cranial skeleton	axial skeleton	
508	UBERON:0001683	jugal bone	zygomatic bone	UBERON:0008895	splanchnocranium	splanchnocranium	
661	UBERON:0001130	vertebral column	vertebral column	UBERON:0005944	axial skeleton plus cranial skeleton	axial skeleton	
662	UBERON:0001130	vertebral column	vertebral column	UBERON:0005944	axial skeleton plus cranial skeleton	axial skeleton	
663	UBERON:0001130	vertebral column	vertebral column	UBERON:0005944	axial skeleton plus cranial skeleton	axial skeleton	
663	UBERON:0001350	coccyx	coccyx	UBERON:0001095	caudal vertebra	caudal vertebra	
664	UBERON:0001130	vertebral column	vertebral column	UBERON:0005944	axial skeleton plus cranial skeleton	axial skeleton	
664	UBERON:0001350	coccyx	coccyx	UBERON:0001095	caudal vertebra	caudal vertebra	
665	UBERON:0001130	vertebral column	vertebral column	UBERON:0005944	axial skeleton plus cranial skeleton	axial skeleton	
665	UBERON:0001350	coccyx	coccyx	UBERON:0001095	caudal vertebra	caudal vertebra	
666	UBERON:0001130	vertebral column	vertebral column	UBERON:0005944	axial skeleton plus cranial skeleton	axial skeleton	
667	UBERON:0001130	vertebral column	vertebral column	UBERON:0005944	axial skeleton plus cranial skeleton	axial skeleton	
667	UBERON:0001092	vertebral bone 1	cervical vertebra 1	UBERON:0002413	cervical vertebra	cervical vertebra	
668	UBERON:0001130	vertebral column	vertebral column	UBERON:0005944	axial skeleton plus cranial skeleton	axial skeleton	
668	UBERON:0001092	vertebral bone 1	cervical vertebra 1	UBERON:0002413	cervical vertebra	cervical vertebra	
669	UBERON:0001130	vertebral column	vertebral column	UBERON:0005944	axial skeleton plus cranial skeleton	axial skeleton	
669	UBERON:0001092	vertebral bone 1	cervical vertebra 1	UBERON:0002413	cervical vertebra	cervical vertebra	
670	UBERON:0001130	vertebral column	vertebral column	UBERON:0005944	axial skeleton plus cranial skeleton	axial skeleton	
670	UBERON:0001092	vertebral bone 1	cervical vertebra 1	UBERON:0002413	cervical vertebra	cervical vertebra	
671	UBERON:0001130	vertebral column	vertebral column	UBERON:0005944	axial skeleton plus cranial skeleton	axial skeleton	
671	UBERON:0001092	vertebral bone 1	cervical vertebra 1	UBERON:0002413	cervical vertebra	cervical vertebra	
672	UBERON:0001130	vertebral column	vertebral column	UBERON:0005944	axial skeleton plus cranial skeleton	axial skeleton	
672	UBERON:0001092	vertebral bone 1	cervical vertebra 1	UBERON:0002413	cervical vertebra	cervical vertebra	
673	UBERON:0001130	vertebral column	vertebral column	UBERON:0005944	axial skeleton plus cranial skeleton	axial skeleton	
673	UBERON:0001092	vertebral bone 1	cervical vertebra 1	UBERON:0002413	cervical vertebra	cervical vertebra	
674	UBERON:0001130	vertebral column	vertebral column	UBERON:0005944	axial skeleton plus cranial skeleton	axial skeleton	
674	UBERON:0001092	vertebral bone 1	cervical vertebra 1	UBERON:0002413	cervical vertebra	cervical vertebra	
675	UBERON:0001130	vertebral column	vertebral column	UBERON:0005944	axial skeleton plus cranial skeleton	axial skeleton	
675	UBERON:0001092	vertebral bone 1	cervical vertebra 1	UBERON:0002413	cervical vertebra	cervical vertebra	
676	UBERON:0001130	vertebral column	vertebral column	UBERON:0005944	axial skeleton plus cranial skeleton	axial skeleton	
676	UBERON:0001092	vertebral bone 1	cervical vertebra 1	UBERON:0002413	cervical vertebra	cervical vertebra	
677	UBERON:0001130	vertebral column	vertebral column	UBERON:0005944	axial skeleton plus cranial skeleton	axial skeleton	
677	UBERON:0001092	vertebral bone 1	cervical vertebra 1	UBERON:0002413	cervical vertebra	cervical vertebra	
678	UBERON:0001130	vertebral column	vertebral column	UBERON:0005944	axial skeleton plus cranial skeleton	axial skeleton	
678	UBERON:0001092	vertebral bone 1	cervical vertebra 1	UBERON:0002413	cervical vertebra	cervical vertebra	
679	UBERON:0001130	vertebral column	vertebral column	UBERON:0005944	axial skeleton plus cranial skeleton	axial skeleton	
679	UBERON:0001092	vertebral bone 1	cervical vertebra 1	UBERON:0002413	cervical vertebra	cervical vertebra	
680	UBERON:0001130	vertebral column	vertebral column	UBERON:0005944	axial skeleton plus cranial skeleton	axial skeleton	
680	UBERON:0001092	vertebral bone 1	cervical vertebra 1	UBERON:0002413	cervical vertebra	cervical vertebra	
681	UBERON:0001130	vertebral column	vertebral column	UBERON:0005944	axial skeleton plus cranial skeleton	axial skeleton	
681	UBERON:0001092	vertebral bone 1	cervical vertebra 1	UBERON:0002413	cervical vertebra	cervical vertebra	
682	UBERON:0001130	vertebral column	vertebral column	UBERON:0005944	axial skeleton plus cranial skeleton	axial skeleton	
682	UBERON:0001092	vertebral bone 1	cervical vertebra 1	UBERON:0002413	cervical vertebra	cervical vertebra	
683	UBERON:0001130	vertebral column	vertebral column	UBERON:0005944	axial skeleton plus cranial skeleton	axial skeleton	
683	UBERON:0001092	vertebral bone 1	cervical vertebra 1	UBERON:0002413	cervical vertebra	cervical vertebra	
683	UBERON:0001077	transverse process of vertebra	transverse process of first cervical vertebra	UBERON:0001092	vertebral bone 1	cervical vertebra 1	
684	UBERON:0001130	vertebral column	vertebral column	UBERON:0005944	axial skeleton plus cranial skeleton	axial skeleton	
684	UBERON:0001092	vertebral bone 1	cervical vertebra 1	UBERON:0002413	cervical vertebra	cervical vertebra	
685	UBERON:0001130	vertebral column	vertebral column	UBERON:0005944	axial skeleton plus cranial skeleton	axial skeleton	
685	UBERON:0001092	vertebral bone 1	cervical vertebra 1	UBERON:0002413	cervical vertebra	cervical vertebra	
686	UBERON:0001130	vertebral column	vertebral column	UBERON:0005944	axial skeleton plus cranial skeleton	axial skeleton	
686	UBERON:0001093	vertebral bone 2	cervical vertebra 2	UBERON:0002413	cervical vertebra	cervical vertebra	
687	UBERON:0001130	vertebral column	vertebral column	UBERON:0005944	axial skeleton plus cranial skeleton	axial skeleton	
687	UBERON:0001093	vertebral bone 2	cervical vertebra 2	UBERON:0002413	cervical vertebra	cervical vertebra	
688	UBERON:0001130	vertebral column	vertebral column	UBERON:0005944	axial skeleton plus cranial skeleton	axial skeleton	
688	UBERON:0001093	vertebral bone 2	cervical vertebra 2	UBERON:0002413	cervical vertebra	cervical vertebra	
689	UBERON:0001130	vertebral column	vertebral column	UBERON:0005944	axial skeleton plus cranial skeleton	axial skeleton	
689	UBERON:0001093	vertebral bone 2	cervical vertebra 2	UBERON:0002413	cervical vertebra	cervical vertebra	
690	UBERON:0001130	vertebral column	vertebral column	UBERON:0005944	axial skeleton plus cranial skeleton	axial skeleton	
690	UBERON:0001093	vertebral bone 2	cervical vertebra 2	UBERON:0002413	cervical vertebra	cervical vertebra	
691	UBERON:0001130	vertebral column	vertebral column	UBERON:0005944	axial skeleton plus cranial skeleton	axial skeleton	
691	UBERON:0001093	vertebral bone 2	cervical vertebra 2	UBERON:0002413	cervical vertebra	cervical vertebra	
692	UBERON:0001130	vertebral column	vertebral column	UBERON:0005944	axial skeleton plus cranial skeleton	axial skeleton	
692	UBERON:0001093	vertebral bone 2	cervical vertebra 2	UBERON:0002413	cervical vertebra	cervical vertebra	
693	UBERON:0001130	vertebral column	vertebral column	UBERON:0005944	axial skeleton plus cranial skeleton	axial skeleton	
693	UBERON:0001093	vertebral bone 2	cervical vertebra 2	UBERON:0002413	cervical vertebra	cervical vertebra	
694	UBERON:0001130	vertebral column	vertebral column	UBERON:0005944	axial skeleton plus cranial skeleton	axial skeleton	
694	UBERON:0001093	vertebral bone 2	cervical vertebra 2	UBERON:0002413	cervical vertebra	cervical vertebra	
695	UBERON:0001130	vertebral column	vertebral column	UBERON:0005944	axial skeleton plus cranial skeleton	axial skeleton	
695	UBERON:0001093	vertebral bone 2	cervical vertebra 2	UBERON:0002413	cervical vertebra	cervical vertebra	
696	UBERON:0001130	vertebral column	vertebral column	UBERON:0005944	axial skeleton plus cranial skeleton	axial skeleton	
696	UBERON:0001093	vertebral bone 2	cervical vertebra 2	UBERON:0002413	cervical vertebra	cervical vertebra	
697	UBERON:0001130	vertebral column	vertebral column	UBERON:0005944	axial skeleton plus cranial skeleton	axial skeleton	
697	UBERON:0001093	vertebral bone 2	cervical vertebra 2	UBERON:0002413	cervical vertebra	cervical vertebra	
698	UBERON:0001130	vertebral column	vertebral column	UBERON:0005944	axial skeleton plus cranial skeleton	axial skeleton	
698	UBERON:0001093	vertebral bone 2	cervical vertebra 2	UBERON:0002413	cervical vertebra	cervical vertebra	
699	UBERON:0001130	vertebral column	vertebral column	UBERON:0005944	axial skeleton plus cranial skeleton	axial skeleton	
699	UBERON:0001093	vertebral bone 2	cervical vertebra 2	UBERON:0002413	cervical vertebra	cervical vertebra	
699	UBERON:0001077	transverse process of vertebra	transverse process of second cervical vertebra	UBERON:0001093	vertebral bone 2	cervical vertebra 2	
700	UBERON:0001130	vertebral column	vertebral column	UBERON:0005944	axial skeleton plus cranial skeleton	axial skeleton	
700	UBERON:0001093	vertebral bone 2	cervical vertebra 2	UBERON:0002413	cervical vertebra	cervical vertebra	
701	UBERON:0001130	vertebral column	vertebral column	UBERON:0005944	axial skeleton plus cranial skeleton	axial skeleton	
701	UBERON:0001093	vertebral bone 2	cervical vertebra 2	UBERON:0002413	cervical vertebra	cervical vertebra	
702	UBERON:0001130	vertebral column	vertebral column	UBERON:0005944	axial skeleton plus cranial skeleton	axial skeleton	
702	UBERON:0001093	vertebral bone 2	cervical vertebra 2	UBERON:0002413	cervical vertebra	cervical vertebra	
703	UBERON:0001130	vertebral column	vertebral column	UBERON:0005944	axial skeleton plus cranial skeleton	axial skeleton	
704	UBERON:0001130	vertebral column	vertebral column	UBERON:0005944	axial skeleton plus cranial skeleton	axial skeleton	
705	UBERON:0001130	vertebral column	vertebral column	UBERON:0005944	axial skeleton plus cranial skeleton	axial skeleton	
706	UBERON:0001130	vertebral column	vertebral column	UBERON:0005944	axial skeleton plus cranial skeleton	axial skeleton	
707	UBERON:0001130	vertebral column	vertebral column	UBERON:0005944	axial skeleton plus cranial skeleton	axial skeleton	
708	UBERON:0001130	vertebral column	vertebral column	UBERON:0005944	axial skeleton plus cranial skeleton	axial skeleton	
709	UBERON:0001130	vertebral column	vertebral column	UBERON:0005944	axial skeleton plus cranial skeleton	axial skeleton	
710	UBERON:0001130	vertebral column	vertebral column	UBERON:0005944	axial skeleton plus cranial skeleton	axial skeleton	
711	UBERON:0001130	vertebral column	vertebral column	UBERON:0005944	axial skeleton plus cranial skeleton	axial skeleton	
712	UBERON:0001130	vertebral column	vertebral column	UBERON:0005944	axial skeleton plus cranial skeleton	axial skeleton	
713	UBERON:0001130	vertebral column	vertebral column	UBERON:0005944	axial skeleton plus cranial skeleton	axial skeleton	
714	UBERON:0001130	vertebral column	vertebral column	UBERON:0005944	axial skeleton plus cranial skeleton	axial skeleton	
715	UBERON:0001130	vertebral column	vertebral column	UBERON:0005944	axial skeleton plus cranial skeleton	axial skeleton	
716	UBERON:0001130	vertebral column	vertebral column	UBERON:0005944	axial skeleton plus cranial skeleton	axial skeleton	
717	UBERON:0001130	vertebral column	vertebral column	UBERON:0005944	axial skeleton plus cranial skeleton	axial skeleton	
718	UBERON:0001130	vertebral column	vertebral column	UBERON:0005944	axial skeleton plus cranial skeleton	axial skeleton	
719	UBERON:0001130	vertebral column	vertebral column	UBERON:0005944	axial skeleton plus cranial skeleton	axial skeleton	
720	UBERON:0001130	vertebral column	vertebral column	UBERON:0005944	axial skeleton plus cranial skeleton	axial skeleton	
721	UBERON:0001130	vertebral column	vertebral column	UBERON:0005944	axial skeleton plus cranial skeleton	axial skeleton	
722	UBERON:0001130	vertebral column	vertebral column	UBERON:0005944	axial skeleton plus cranial skeleton	axial skeleton	
723	UBERON:0001130	vertebral column	vertebral column	UBERON:0005944	axial skeleton plus cranial skeleton	axial skeleton	
724	UBERON:0001130	vertebral column	vertebral column	UBERON:0005944	axial skeleton plus cranial skeleton	axial skeleton	
725	UBERON:0001130	vertebral column	vertebral column	UBERON:0005944	axial skeleton plus cranial skeleton	axial skeleton	
726	UBERON:0001130	vertebral column	vertebral column	UBERON:0005944	axial skeleton plus cranial skeleton	axial skeleton	
727	UBERON:0001130	vertebral column	vertebral column	UBERON:0005944	axial skeleton plus cranial skeleton	axial skeleton	
728	UBERON:0001130	vertebral column	vertebral column	UBERON:0005944	axial skeleton plus cranial skeleton	axial skeleton	
729	UBERON:0001130	vertebral column	vertebral column	UBERON:0005944	axial skeleton plus cranial skeleton	axial skeleton	
730	UBERON:0001130	vertebral column	vertebral column	UBERON:0005944	axial skeleton plus cranial skeleton	axial skeleton	
731	UBERON:0001130	vertebral column	vertebral column	UBERON:0005944	axial skeleton plus cranial skeleton	axial skeleton	
732	UBERON:0001130	vertebral column	vertebral column	UBERON:0005944	axial skeleton plus cranial skeleton	axial skeleton	
733	UBERON:0001130	vertebral column	vertebral column	UBERON:0005944	axial skeleton plus cranial skeleton	axial skeleton	
734	UBERON:0001130	vertebral column	vertebral column	UBERON:0005944	axial skeleton plus cranial skeleton	axial skeleton	
735	UBERON:0001130	vertebral column	vertebral column	UBERON:0005944	axial skeleton plus cranial skeleton	axial skeleton	
736	UBERON:0001130	vertebral column	vertebral column	UBERON:0005944	axial skeleton plus cranial skeleton	axial skeleton	
737	UBERON:0001130	vertebral column	vertebral column	UBERON:0005944	axial skeleton plus cranial skeleton	axial skeleton	
738	UBERON:0001130	vertebral column	vertebral column	UBERON:0005944	axial skeleton plus cranial skeleton	axial skeleton	
739	UBERON:0001130	vertebral column	vertebral column	UBERON:0005944	axial skeleton plus cranial skeleton	axial skeleton	
740	UBERON:0001130	vertebral column	vertebral column	UBERON:0005944	axial skeleton plus cranial skeleton	axial skeleton	
741	UBERON:0001130	vertebral column	vertebral column	UBERON:0005944	axial skeleton plus cranial skeleton	axial skeleton	
742	UBERON:0001130	vertebral column	vertebral column	UBERON:0005944	axial skeleton plus cranial skeleton	axial skeleton	
743	UBERON:0001130	vertebral column	vertebral column	UBERON:0005944	axial skeleton plus cranial skeleton	axial skeleton	
744	UBERON:0001130	vertebral column	vertebral column	UBERON:0005944	axial skeleton plus cranial skeleton	axial skeleton	
745	UBERON:0001130	vertebral column	vertebral column	UBERON:0005944	axial skeleton plus cranial skeleton	axial skeleton	
746	UBERON:0001130	vertebral column	vertebral column	UBERON:0005944	axial skeleton plus cranial skeleton	axial skeleton	
747	UBERON:0001130	vertebral column	vertebral column	UBERON:0005944	axial skeleton plus cranial skeleton	axial skeleton	
748	UBERON:0001130	vertebral column	vertebral column	UBERON:0005944	axial skeleton plus cranial skeleton	axial skeleton	
749	UBERON:0001130	vertebral column	vertebral column	UBERON:0005944	axial skeleton plus cranial skeleton	axial skeleton	
750	UBERON:0001130	vertebral column	vertebral column	UBERON:0005944	axial skeleton plus cranial skeleton	axial skeleton	
751	UBERON:0001130	vertebral column	vertebral column	UBERON:0005944	axial skeleton plus cranial skeleton	axial skeleton	
752	UBERON:0001130	vertebral column	vertebral column	UBERON:0005944	axial skeleton plus cranial skeleton	axial skeleton	
753	UBERON:0001130	vertebral column	vertebral column	UBERON:0005944	axial skeleton plus cranial skeleton	axial skeleton	
754	UBERON:0001130	vertebral column	vertebral column	UBERON:0005944	axial skeleton plus cranial skeleton	axial skeleton	
755	UBERON:0001130	vertebral column	vertebral column	UBERON:0005944	axial skeleton plus cranial skeleton	axial skeleton	
756	UBERON:0001130	vertebral column	vertebral column	UBERON:0005944	axial skeleton plus cranial skeleton	axial skeleton	
757	UBERON:0001130	vertebral column	vertebral column	UBERON:0005944	axial skeleton plus cranial skeleton	axial skeleton	
758	UBERON:0001130	vertebral column	vertebral column	UBERON:0005944	axial skeleton plus cranial skeleton	axial skeleton	
759	UBERON:0001130	vertebral column	vertebral column	UBERON:0005944	axial skeleton plus cranial skeleton	axial skeleton	
760	UBERON:0001130	vertebral column	vertebral column	UBERON:0005944	axial skeleton plus cranial skeleton	axial skeleton	
761	UBERON:0001130	vertebral column	vertebral column	UBERON:0005944	axial skeleton plus cranial skeleton	axial skeleton	
762	UBERON:0001130	vertebral column	vertebral column	UBERON:0005944	axial skeleton plus cranial skeleton	axial skeleton	
763	UBERON:0001130	vertebral column	vertebral column	UBERON:0005944	axial skeleton plus cranial skeleton	axial skeleton	
764	UBERON:0001130	vertebral column	vertebral column	UBERON:0005944	axial skeleton plus cranial skeleton	axial skeleton	
765	UBERON:0001130	vertebral column	vertebral column	UBERON:0005944	axial skeleton plus cranial skeleton	axial skeleton	
766	UBERON:0001130	vertebral column	vertebral column	UBERON:0005944	axial skeleton plus cranial skeleton	axial skeleton	
767	UBERON:0001130	vertebral column	vertebral column	UBERON:0005944	axial skeleton plus cranial skeleton	axial skeleton	
768	UBERON:0001130	vertebral column	vertebral column	UBERON:0005944	axial skeleton plus cranial skeleton	axial skeleton	
769	UBERON:0001130	vertebral column	vertebral column	UBERON:0005944	axial skeleton plus cranial skeleton	axial skeleton	
770	UBERON:0001130	vertebral column	vertebral column	UBERON:0005944	axial skeleton plus cranial skeleton	axial skeleton	
771	UBERON:0001130	vertebral column	vertebral column	UBERON:0005944	axial skeleton plus cranial skeleton	axial skeleton	
772	UBERON:0001130	vertebral column	vertebral column	UBERON:0005944	axial skeleton plus cranial skeleton	axial skeleton	
773	UBERON:0001130	vertebral column	vertebral column	UBERON:0005944	axial skeleton plus cranial skeleton	axial skeleton	
774	UBERON:0001130	vertebral column	vertebral column	UBERON:0005944	axial skeleton plus cranial skeleton	axial skeleton	
775	UBERON:0001130	vertebral column	vertebral column	UBERON:0005944	axial skeleton plus cranial skeleton	axial skeleton	
776	UBERON:0001130	vertebral column	vertebral column	UBERON:0005944	axial skeleton plus cranial skeleton	axial skeleton	
777	UBERON:0001130	vertebral column	vertebral column	UBERON:0005944	axial skeleton plus cranial skeleton	axial skeleton	
778	UBERON:0001130	vertebral column	vertebral column	UBERON:0005944	axial skeleton plus cranial skeleton	axial skeleton	
779	UBERON:0001130	vertebral column	vertebral column	UBERON:0005944	axial skeleton plus cranial skeleton	axial skeleton	
780	UBERON:0001130	vertebral column	vertebral column	UBERON:0005944	axial skeleton plus cranial skeleton	axial skeleton	
781	UBERON:0001130	vertebral column	vertebral column	UBERON:0005944	axial skeleton plus cranial skeleton	axial skeleton	
782	UBERON:0001130	vertebral column	vertebral column	UBERON:0005944	axial skeleton plus cranial skeleton	axial skeleton	
783	UBERON:0001130	vertebral column	vertebral column	UBERON:0005944	axial skeleton plus cranial skeleton	axial skeleton	
784	UBERON:0001130	vertebral column	vertebral column	UBERON:0005944	axial skeleton plus cranial skeleton	axial skeleton	
785	UBERON:0001130	vertebral column	vertebral column	UBERON:0005944	axial skeleton plus cranial skeleton	axial skeleton	
786	UBERON:0001130	vertebral column	vertebral column	UBERON:0005944	axial skeleton plus cranial skeleton	axial skeleton	
787	UBERON:0001130	vertebral column	vertebral column	UBERON:0005944	axial skeleton plus cranial skeleton	axial skeleton	
788	UBERON:0001130	vertebral column	vertebral column	UBERON:0005944	axial skeleton plus cranial skeleton	axial skeleton	
789	UBERON:0001130	vertebral column	vertebral column	UBERON:0005944	axial skeleton plus cranial skeleton	axial skeleton	
790	UBERON:0001130	vertebral column	vertebral column	UBERON:0005944	axial skeleton plus cranial skeleton	axial skeleton	
791	UBERON:0001130	vertebral column	vertebral column	UBERON:0005944	axial skeleton plus cranial skeleton	axial skeleton	
792	UBERON:0001130	vertebral column	vertebral column	UBERON:0005944	axial skeleton plus cranial skeleton	axial skeleton	
793	UBERON:0001130	vertebral column	vertebral column	UBERON:0005944	axial skeleton plus cranial skeleton	axial skeleton	
794	UBERON:0001130	vertebral column	vertebral column	UBERON:0005944	axial skeleton plus cranial skeleton	axial skeleton	
795	UBERON:0001130	vertebral column	vertebral column	UBERON:0005944	axial skeleton plus cranial skeleton	axial skeleton	
796	UBERON:0001130	vertebral column	vertebral column	UBERON:0005944	axial skeleton plus cranial skeleton	axial skeleton	
797	UBERON:0001130	vertebral column	vertebral column	UBERON:0005944	axial skeleton plus cranial skeleton	axial skeleton	
798	UBERON:0001130	vertebral column	vertebral column	UBERON:0005944	axial skeleton plus cranial skeleton	axial skeleton	
799	UBERON:0001130	vertebral column	vertebral column	UBERON:0005944	axial skeleton plus cranial skeleton	axial skeleton	
800	UBERON:0001130	vertebral column	vertebral column	UBERON:0005944	axial skeleton plus cranial skeleton	axial skeleton	
801	UBERON:0001130	vertebral column	vertebral column	UBERON:0005944	axial skeleton plus cranial skeleton	axial skeleton	
802	UBERON:0001130	vertebral column	vertebral column	UBERON:0005944	axial skeleton plus cranial skeleton	axial skeleton	
803	UBERON:0001130	vertebral column	vertebral column	UBERON:0005944	axial skeleton plus cranial skeleton	axial skeleton	
804	UBERON:0001130	vertebral column	vertebral column	UBERON:0005944	axial skeleton plus cranial skeleton	axial skeleton	
805	UBERON:0001130	vertebral column	vertebral column	UBERON:0005944	axial skeleton plus cranial skeleton	axial skeleton	
806	UBERON:0001130	vertebral column	vertebral column	UBERON:0005944	axial skeleton plus cranial skeleton	axial skeleton	
807	UBERON:0001130	vertebral column	vertebral column	UBERON:0005944	axial skeleton plus cranial skeleton	axial skeleton	
808	UBERON:0001130	vertebral column	vertebral column	UBERON:0005944	axial skeleton plus cranial skeleton	axial skeleton	
809	UBERON:0001130	vertebral column	vertebral column	UBERON:0005944	axial skeleton plus cranial skeleton	axial skeleton	
810	UBERON:0001130	vertebral column	vertebral column	UBERON:0005944	axial skeleton plus cranial skeleton	axial skeleton	
811	UBERON:0001130	vertebral column	vertebral column	UBERON:0005944	axial skeleton plus cranial skeleton	axial skeleton	
812	UBERON:0001130	vertebral column	vertebral column	UBERON:0005944	axial skeleton plus cranial skeleton	axial skeleton	
813	UBERON:0001130	vertebral column	vertebral column	UBERON:0005944	axial skeleton plus cranial skeleton	axial skeleton	
814	UBERON:0001130	vertebral column	vertebral column	UBERON:0005944	axial skeleton plus cranial skeleton	axial skeleton	
815	UBERON:0001130	vertebral column	vertebral column	UBERON:0005944	axial skeleton plus cranial skeleton	axial skeleton	
816	UBERON:0001130	vertebral column	vertebral column	UBERON:0005944	axial skeleton plus cranial skeleton	axial skeleton	
817	UBERON:0001130	vertebral column	vertebral column	UBERON:0005944	axial skeleton plus cranial skeleton	axial skeleton	
818	UBERON:0001130	vertebral column	vertebral column	UBERON:0005944	axial skeleton plus cranial skeleton	axial skeleton	
819	UBERON:0001130	vertebral column	vertebral column	UBERON:0005944	axial skeleton plus cranial skeleton	axial skeleton	
820	UBERON:0001130	vertebral column	vertebral column	UBERON:0005944	axial skeleton plus cranial skeleton	axial skeleton	
821	UBERON:0001130	vertebral column	vertebral column	UBERON:0005944	axial skeleton plus cranial skeleton	axial skeleton	
822	UBERON:0001130	vertebral column	vertebral column	UBERON:0005944	axial skeleton plus cranial skeleton	axial skeleton	
823	UBERON:0001130	vertebral column	vertebral column	UBERON:0005944	axial skeleton plus cranial skeleton	axial skeleton	
824	UBERON:0001130	vertebral column	vertebral column	UBERON:0005944	axial skeleton plus cranial skeleton	axial skeleton	
825	UBERON:0001130	vertebral column	vertebral column	UBERON:0005944	axial skeleton plus cranial skeleton	axial skeleton	
826	UBERON:0001130	vertebral column	vertebral column	UBERON:0005944	axial skeleton plus cranial skeleton	axial skeleton	
827	UBERON:0001130	vertebral column	vertebral column	UBERON:0005944	axial skeleton plus cranial skeleton	axial skeleton	
828	UBERON:0001130	vertebral column	vertebral column	UBERON:0005944	axial skeleton plus cranial skeleton	axial skeleton	
829	UBERON:0001130	vertebral column	vertebral column	UBERON:0005944	axial skeleton plus cranial skeleton	axial skeleton	
830	UBERON:0001130	vertebral column	vertebral column	UBERON:0005944	axial skeleton plus cranial skeleton	axial skeleton	
831	UBERON:0001130	vertebral column	vertebral column	UBERON:0005944	axial skeleton plus cranial skeleton	axial skeleton	
832	UBERON:0001130	vertebral column	vertebral column	UBERON:0005944	axial skeleton plus cranial skeleton	axial skeleton	
833	UBERON:0001130	vertebral column	vertebral column	UBERON:0005944	axial skeleton plus cranial skeleton	axial skeleton	
834	UBERON:0001130	vertebral column	vertebral column	UBERON:0005944	axial skeleton plus cranial skeleton	axial skeleton	
835	UBERON:0001130	vertebral column	vertebral column	UBERON:0005944	axial skeleton plus cranial skeleton	axial skeleton	
836	UBERON:0001130	vertebral column	vertebral column	UBERON:0005944	axial skeleton plus cranial skeleton	axial skeleton	
837	UBERON:0001130	vertebral column	vertebral column	UBERON:0005944	axial skeleton plus cranial skeleton	axial skeleton	
838	UBERON:0001130	vertebral column	vertebral column	UBERON:0005944	axial skeleton plus cranial skeleton	axial skeleton	
839	UBERON:0001130	vertebral column	vertebral column	UBERON:0005944	axial skeleton plus cranial skeleton	axial skeleton	
840	UBERON:0001130	vertebral column	vertebral column	UBERON:0005944	axial skeleton plus cranial skeleton	axial skeleton	
841	UBERON:0001130	vertebral column	vertebral column	UBERON:0005944	axial skeleton plus cranial skeleton	axial skeleton	
842	UBERON:0001130	vertebral column	vertebral column	UBERON:0005944	axial skeleton plus cranial skeleton	axial skeleton	
843	UBERON:0001130	vertebral column	vertebral column	UBERON:0005944	axial skeleton plus cranial skeleton	axial skeleton	
844	UBERON:0001130	vertebral column	vertebral column	UBERON:0005944	axial skeleton plus cranial skeleton	axial skeleton	
845	UBERON:0001130	vertebral column	vertebral column	UBERON:0005944	axial skeleton plus cranial skeleton	axial skeleton	
846	UBERON:0001130	vertebral column	vertebral column	UBERON:0005944	axial skeleton plus cranial skeleton	axial skeleton	
847	UBERON:0001130	vertebral column	vertebral column	UBERON:0005944	axial skeleton plus cranial skeleton	axial skeleton	
848	UBERON:0001130	vertebral column	vertebral column	UBERON:0005944	axial skeleton plus cranial skeleton	axial skeleton	
849	UBERON:0001130	vertebral column	vertebral column	UBERON:0005944	axial skeleton plus cranial skeleton	axial skeleton	
850	UBERON:0001130	vertebral column	vertebral column	UBERON:0005944	axial skeleton plus cranial skeleton	axial skeleton	
851	UBERON:0001130	vertebral column	vertebral column	UBERON:0005944	axial skeleton plus cranial skeleton	axial skeleton	
852	UBERON:0001130	vertebral column	vertebral column	UBERON:0005944	axial skeleton plus cranial skeleton	axial skeleton	
853	UBERON:0001130	vertebral column	vertebral column	UBERON:0005944	axial skeleton plus cranial skeleton	axial skeleton	
854	UBERON:0001130	vertebral column	vertebral column	UBERON:0005944	axial skeleton plus cranial skeleton	axial skeleton	
855	UBERON:0001130	vertebral column	vertebral column	UBERON:0005944	axial skeleton plus cranial skeleton	axial skeleton	
856	UBERON:0001130	vertebral column	vertebral column	UBERON:0005944	axial skeleton plus cranial skeleton	axial skeleton	
857	UBERON:0001130	vertebral column	vertebral column	UBERON:0005944	axial skeleton plus cranial skeleton	axial skeleton	
858	UBERON:0001130	vertebral column	vertebral column	UBERON:0005944	axial skeleton plus cranial skeleton	axial skeleton	
859	UBERON:0001130	vertebral column	vertebral column	UBERON:0005944	axial skeleton plus cranial skeleton	axial skeleton	
860	UBERON:0001130	vertebral column	vertebral column	UBERON:0005944	axial skeleton plus cranial skeleton	axial skeleton	
861	UBERON:0001130	vertebral column	vertebral column	UBERON:0005944	axial skeleton plus cranial skeleton	axial skeleton	
862	UBERON:0001130	vertebral column	vertebral column	UBERON:0005944	axial skeleton plus cranial skeleton	axial skeleton	
863	UBERON:0001130	vertebral column	vertebral column	UBERON:0005944	axial skeleton plus cranial skeleton	axial skeleton	
864	UBERON:0001130	vertebral column	vertebral column	UBERON:0005944	axial skeleton plus cranial skeleton	axial skeleton	
865	UBERON:0001130	vertebral column	vertebral column	UBERON:0005944	axial skeleton plus cranial skeleton	axial skeleton	
866	UBERON:0001130	vertebral column	vertebral column	UBERON:0005944	axial skeleton plus cranial skeleton	axial skeleton	
867	UBERON:0001130	vertebral column	vertebral column	UBERON:0005944	axial skeleton plus cranial skeleton	axial skeleton	
868	UBERON:0001130	vertebral column	vertebral column	UBERON:0005944	axial skeleton plus cranial skeleton	axial skeleton	
869	UBERON:0001130	vertebral column	vertebral column	UBERON:0005944	axial skeleton plus cranial skeleton	axial skeleton	
870	UBERON:0001130	vertebral column	vertebral column	UBERON:0005944	axial skeleton plus cranial skeleton	axial skeleton	
871	UBERON:0001130	vertebral column	vertebral column	UBERON:0005944	axial skeleton plus cranial skeleton	axial skeleton	
872	UBERON:0001130	vertebral column	vertebral column	UBERON:0005944	axial skeleton plus cranial skeleton	axial skeleton	
873	UBERON:0001130	vertebral column	vertebral column	UBERON:0005944	axial skeleton plus cranial skeleton	axial skeleton	
874	UBERON:0001130	vertebral column	vertebral column	UBERON:0005944	axial skeleton plus cranial skeleton	axial skeleton	
875	UBERON:0001130	vertebral column	vertebral column	UBERON:0005944	axial skeleton plus cranial skeleton	axial skeleton	
876	UBERON:0001130	vertebral column	vertebral column	UBERON:0005944	axial skeleton plus cranial skeleton	axial skeleton	
877	UBERON:0001130	vertebral column	vertebral column	UBERON:0005944	axial skeleton plus cranial skeleton	axial skeleton	
878	UBERON:0001130	vertebral column	vertebral column	UBERON:0005944	axial skeleton plus cranial skeleton	axial skeleton	
879	UBERON:0001130	vertebral column	vertebral column	UBERON:0005944	axial skeleton plus cranial skeleton	axial skeleton	
880	UBERON:0001130	vertebral column	vertebral column	UBERON:0005944	axial skeleton plus cranial skeleton	axial skeleton	
881	UBERON:0001130	vertebral column	vertebral column	UBERON:0005944	axial skeleton plus cranial skeleton	axial skeleton	
882	UBERON:0001130	vertebral column	vertebral column	UBERON:0005944	axial skeleton plus cranial skeleton	axial skeleton	
883	UBERON:0001130	vertebral column	vertebral column	UBERON:0005944	axial skeleton plus cranial skeleton	axial skeleton	
884	UBERON:0001130	vertebral column	vertebral column	UBERON:0005944	axial skeleton plus cranial skeleton	axial skeleton	
885	UBERON:0001130	vertebral column	vertebral column	UBERON:0005944	axial skeleton plus cranial skeleton	axial skeleton	
886	UBERON:0001130	vertebral column	vertebral column	UBERON:0005944	axial skeleton plus cranial skeleton	axial skeleton	
887	UBERON:0001130	vertebral column	vertebral column	UBERON:0005944	axial skeleton plus cranial skeleton	axial skeleton	
888	UBERON:0001130	vertebral column	vertebral column	UBERON:0005944	axial skeleton plus cranial skeleton	axial skeleton	
889	UBERON:0001130	vertebral column	vertebral column	UBERON:0005944	axial skeleton plus cranial skeleton	axial skeleton	
890	UBERON:0001130	vertebral column	vertebral column	UBERON:0005944	axial skeleton plus cranial skeleton	axial skeleton	
891	UBERON:0001130	vertebral column	vertebral column	UBERON:0005944	axial skeleton plus cranial skeleton	axial skeleton	
892	UBERON:0001130	vertebral column	vertebral column	UBERON:0005944	axial skeleton plus cranial skeleton	axial skeleton	
893	UBERON:0001130	vertebral column	vertebral column	UBERON:0005944	axial skeleton plus cranial skeleton	axial skeleton	
894	UBERON:0001130	vertebral column	vertebral column	UBERON:0005944	axial skeleton plus cranial skeleton	axial skeleton	
895	UBERON:0001130	vertebral column	vertebral column	UBERON:0005944	axial skeleton plus cranial skeleton	axial skeleton	
896	UBERON:0001130	vertebral column	vertebral column	UBERON:0005944	axial skeleton plus cranial skeleton	axial skeleton	
897	UBERON:0001130	vertebral column	vertebral column	UBERON:0005944	axial skeleton plus cranial skeleton	axial skeleton	
898	UBERON:0001130	vertebral column	vertebral column	UBERON:0005944	axial skeleton plus cranial skeleton	axial skeleton	
899	UBERON:0001130	vertebral column	vertebral column	UBERON:0005944	axial skeleton plus cranial skeleton	axial skeleton	
900	UBERON:0001130	vertebral column	vertebral column	UBERON:0005944	axial skeleton plus cranial skeleton	axial skeleton	
901	UBERON:0001130	vertebral column	vertebral column	UBERON:0005944	axial skeleton plus cranial skeleton	axial skeleton	
902	UBERON:0001130	vertebral column	vertebral column	UBERON:0005944	axial skeleton plus cranial skeleton	axial skeleton	
903	UBERON:0001130	vertebral column	vertebral column	UBERON:0005944	axial skeleton plus cranial skeleton	axial skeleton	
904	UBERON:0001130	vertebral column	vertebral column	UBERON:0005944	axial skeleton plus cranial skeleton	axial skeleton	
905	UBERON:0001130	vertebral column	vertebral column	UBERON:0005944	axial skeleton plus cranial skeleton	axial skeleton	
906	UBERON:0001130	vertebral column	vertebral column	UBERON:0005944	axial skeleton plus cranial skeleton	axial skeleton	
907	UBERON:0001130	vertebral column	vertebral column	UBERON:0005944	axial skeleton plus cranial skeleton	axial skeleton	
908	UBERON:0001130	vertebral column	vertebral column	UBERON:0005944	axial skeleton plus cranial skeleton	axial skeleton	
909	UBERON:0001130	vertebral column	vertebral column	UBERON:0005944	axial skeleton plus cranial skeleton	axial skeleton	
910	UBERON:0001130	vertebral column	vertebral column	UBERON:0005944	axial skeleton plus cranial skeleton	axial skeleton	
911	UBERON:0001130	vertebral column	vertebral column	UBERON:0005944	axial skeleton plus cranial skeleton	axial skeleton	
912	UBERON:0001130	vertebral column	vertebral column	UBERON:0005944	axial skeleton plus cranial skeleton	axial skeleton	
913	UBERON:0001130	vertebral column	vertebral column	UBERON:0005944	axial skeleton plus cranial skeleton	axial skeleton	
914	UBERON:0001130	vertebral column	vertebral column	UBERON:0005944	axial skeleton plus cranial skeleton	axial skeleton	
915	UBERON:0001130	vertebral column	vertebral column	UBERON:0005944	axial skeleton plus cranial skeleton	axial skeleton	
916	UBERON:0001130	vertebral column	vertebral column	UBERON:0005944	axial skeleton plus cranial skeleton	axial skeleton	
917	UBERON:0001130	vertebral column	vertebral column	UBERON:0005944	axial skeleton plus cranial skeleton	axial skeleton	
918	UBERON:0001130	vertebral column	vertebral column	UBERON:0005944	axial skeleton plus cranial skeleton	axial skeleton	
919	UBERON:0001130	vertebral column	vertebral column	UBERON:0005944	axial skeleton plus cranial skeleton	axial skeleton	
920	UBERON:0001130	vertebral column	vertebral column	UBERON:0005944	axial skeleton plus cranial skeleton	axial skeleton	
921	UBERON:0001130	vertebral column	vertebral column	UBERON:0005944	axial skeleton plus cranial skeleton	axial skeleton	
922	UBERON:0001130	vertebral column	vertebral column	UBERON:0005944	axial skeleton plus cranial skeleton	axial skeleton	
923	UBERON:0001130	vertebral column	vertebral column	UBERON:0005944	axial skeleton plus cranial skeleton	axial skeleton	
924	UBERON:0001130	vertebral column	vertebral column	UBERON:0005944	axial skeleton plus cranial skeleton	axial skeleton	
925	UBERON:0001130	vertebral column	vertebral column	UBERON:0005944	axial skeleton plus cranial skeleton	axial skeleton	
926	UBERON:0001130	vertebral column	vertebral column	UBERON:0005944	axial skeleton plus cranial skeleton	axial skeleton	
927	UBERON:0001130	vertebral column	vertebral column	UBERON:0005944	axial skeleton plus cranial skeleton	axial skeleton	
928	UBERON:0001130	vertebral column	vertebral column	UBERON:0005944	axial skeleton plus cranial skeleton	axial skeleton	
929	UBERON:0001130	vertebral column	vertebral column	UBERON:0005944	axial skeleton plus cranial skeleton	axial skeleton	
930	UBERON:0001130	vertebral column	vertebral column	UBERON:0005944	axial skeleton plus cranial skeleton	axial skeleton	
931	UBERON:0001130	vertebral column	vertebral column	UBERON:0005944	axial skeleton plus cranial skeleton	axial skeleton	
932	UBERON:0001130	vertebral column	vertebral column	UBERON:0005944	axial skeleton plus cranial skeleton	axial skeleton	
933	UBERON:0001130	vertebral column	vertebral column	UBERON:0005944	axial skeleton plus cranial skeleton	axial skeleton	
934	UBERON:0001130	vertebral column	vertebral column	UBERON:0005944	axial skeleton plus cranial skeleton	axial skeleton	
935	UBERON:0001130	vertebral column	vertebral column	UBERON:0005944	axial skeleton plus cranial skeleton	axial skeleton	
936	UBERON:0001130	vertebral column	vertebral column	UBERON:0005944	axial skeleton plus cranial skeleton	axial skeleton	
937	UBERON:0001130	vertebral column	vertebral column	UBERON:0005944	axial skeleton plus cranial skeleton	axial skeleton	
938	UBERON:0001130	vertebral column	vertebral column	UBERON:0005944	axial skeleton plus cranial skeleton	axial skeleton	
939	UBERON:0001130	vertebral column	vertebral column	UBERON:0005944	axial skeleton plus cranial skeleton	axial skeleton	
940	UBERON:0001130	vertebral column	vertebral column	UBERON:0005944	axial skeleton plus cranial skeleton	axial skeleton	
941	UBERON:0001130	vertebral column	vertebral column	UBERON:0005944	axial skeleton plus cranial skeleton	axial skeleton	
942	UBERON:0001130	vertebral column	vertebral column	UBERON:0005944	axial skeleton plus cranial skeleton	axial skeleton	
943	UBERON:0001130	vertebral column	vertebral column	UBERON:0005944	axial skeleton plus cranial skeleton	axial skeleton	
944	UBERON:0001130	vertebral column	vertebral column	UBERON:0005944	axial skeleton plus cranial skeleton	axial skeleton	
945	UBERON:0001130	vertebral column	vertebral column	UBERON:0005944	axial skeleton plus cranial skeleton	axial skeleton	
946	UBERON:0001130	vertebral column	vertebral column	UBERON:0005944	axial skeleton plus cranial skeleton	axial skeleton	
947	UBERON:0001130	vertebral column	vertebral column	UBERON:0005944	axial skeleton plus cranial skeleton	axial skeleton	
948	UBERON:0001130	vertebral column	vertebral column	UBERON:0005944	axial skeleton plus cranial skeleton	axial skeleton	
949	UBERON:0001130	vertebral column	vertebral column	UBERON:0005944	axial skeleton plus cranial skeleton	axial skeleton	
950	UBERON:0001130	vertebral column	vertebral column	UBERON:0005944	axial skeleton plus cranial skeleton	axial skeleton	
951	UBERON:0001130	vertebral column	vertebral column	UBERON:0005944	axial skeleton plus cranial skeleton	axial skeleton	
952	UBERON:0001130	vertebral column	vertebral column	UBERON:0005944	axial skeleton plus cranial skeleton	axial skeleton	
953	UBERON:0001130	vertebral column	vertebral column	UBERON:0005944	axial skeleton plus cranial skeleton	axial skeleton	
954	UBERON:0001130	vertebral column	vertebral column	UBERON:0005944	axial skeleton plus cranial skeleton	axial skeleton	
955	UBERON:0001130	vertebral column	vertebral column	UBERON:0005944	axial skeleton plus cranial skeleton	axial skeleton	
956	UBERON:0001130	vertebral column	vertebral column	UBERON:0005944	axial skeleton plus cranial skeleton	axial skeleton	
957	UBERON:0001130	vertebral column	vertebral column	UBERON:0005944	axial skeleton plus cranial skeleton	axial skeleton	
958	UBERON:0001130	vertebral column	vertebral column	UBERON:0005944	axial skeleton plus cranial skeleton	axial skeleton	
959	UBERON:0001130	vertebral column	vertebral column	UBERON:0005944	axial skeleton plus cranial skeleton	axial skeleton	
960	UBERON:0001130	vertebral column	vertebral column	UBERON:0005944	axial skeleton plus cranial skeleton	axial skeleton	
961	UBERON:0001130	vertebral column	vertebral column	UBERON:0005944	axial skeleton plus cranial skeleton	axial skeleton	
962	UBERON:0001130	vertebral column	vertebral column	UBERON:0005944	axial skeleton plus cranial skeleton	axial skeleton	
963	UBERON:0001130	vertebral column	vertebral column	UBERON:0005944	axial skeleton plus cranial skeleton	axial skeleton	
964	UBERON:0001130	vertebral column	vertebral column	UBERON:0005944	axial skeleton plus cranial skeleton	axial skeleton	
965	UBERON:0001130	vertebral column	vertebral column	UBERON:0005944	axial skeleton plus cranial skeleton	axial skeleton	
966	UBERON:0001130	vertebral column	vertebral column	UBERON:0005944	axial skeleton plus cranial skeleton	axial skeleton	
967	UBERON:0001130	vertebral column	vertebral column	UBERON:0005944	axial skeleton plus cranial skeleton	axial skeleton	
968	UBERON:0001130	vertebral column	vertebral column	UBERON:0005944	axial skeleton plus cranial skeleton	axial skeleton	
969	UBERON:0001130	vertebral column	vertebral column	UBERON:0005944	axial skeleton plus cranial skeleton	axial skeleton	
970	UBERON:0001130	vertebral column	vertebral column	UBERON:0005944	axial skeleton plus cranial skeleton	axial skeleton	
971	UBERON:0001130	vertebral column	vertebral column	UBERON:0005944	axial skeleton plus cranial skeleton	axial skeleton	
972	UBERON:0001130	vertebral column	vertebral column	UBERON:0005944	axial skeleton plus cranial skeleton	axial skeleton	
973	UBERON:0001130	vertebral column	vertebral column	UBERON:0005944	axial skeleton plus cranial skeleton	axial skeleton	
974	UBERON:0001130	vertebral column	vertebral column	UBERON:0005944	axial skeleton plus cranial skeleton	axial skeleton	
975	UBERON:0001130	vertebral column	vertebral column	UBERON:0005944	axial skeleton plus cranial skeleton	axial skeleton	
976	UBERON:0001130	vertebral column	vertebral column	UBERON:0005944	axial skeleton plus cranial skeleton	axial skeleton	
977	UBERON:0001130	vertebral column	vertebral column	UBERON:0005944	axial skeleton plus cranial skeleton	axial skeleton	
978	UBERON:0001130	vertebral column	vertebral column	UBERON:0005944	axial skeleton plus cranial skeleton	axial skeleton	
979	UBERON:0001130	vertebral column	vertebral column	UBERON:0005944	axial skeleton plus cranial skeleton	axial skeleton	
980	UBERON:0001130	vertebral column	vertebral column	UBERON:0005944	axial skeleton plus cranial skeleton	axial skeleton	
981	UBERON:0001130	vertebral column	vertebral column	UBERON:0005944	axial skeleton plus cranial skeleton	axial skeleton	
982	UBERON:0001130	vertebral column	vertebral column	UBERON:0005944	axial skeleton plus cranial skeleton	axial skeleton	
983	UBERON:0001130	vertebral column	vertebral column	UBERON:0005944	axial skeleton plus cranial skeleton	axial skeleton	
984	UBERON:0001130	vertebral column	vertebral column	UBERON:0005944	axial skeleton plus cranial skeleton	axial skeleton	
985	UBERON:0001130	vertebral column	vertebral column	UBERON:0005944	axial skeleton plus cranial skeleton	axial skeleton	
986	UBERON:0001130	vertebral column	vertebral column	UBERON:0005944	axial skeleton plus cranial skeleton	axial skeleton	
987	UBERON:0001130	vertebral column	vertebral column	UBERON:0005944	axial skeleton plus cranial skeleton	axial skeleton	
988	UBERON:0001130	vertebral column	vertebral column	UBERON:0005944	axial skeleton plus cranial skeleton	axial skeleton	
989	UBERON:0001130	vertebral column	vertebral column	UBERON:0005944	axial skeleton plus cranial skeleton	axial skeleton	
990	UBERON:0001130	vertebral column	vertebral column	UBERON:0005944	axial skeleton plus cranial skeleton	axial skeleton	
991	UBERON:0001130	vertebral column	vertebral column	UBERON:0005944	axial skeleton plus cranial skeleton	axial skeleton	
992	UBERON:0001130	vertebral column	vertebral column	UBERON:0005944	axial skeleton plus cranial skeleton	axial skeleton	
993	UBERON:0001130	vertebral column	vertebral column	UBERON:0005944	axial skeleton plus cranial skeleton	axial skeleton	
994	UBERON:0001130	vertebral column	vertebral column	UBERON:0005944	axial skeleton plus cranial skeleton	axial skeleton	
995	UBERON:0001130	vertebral column	vertebral column	UBERON:0005944	axial skeleton plus cranial skeleton	axial skeleton	
996	UBERON:0001130	vertebral column	vertebral column	UBERON:0005944	axial skeleton plus cranial skeleton	axial skeleton	
997	UBERON:0001130	vertebral column	vertebral column	UBERON:0005944	axial skeleton plus cranial skeleton	axial skeleton	
998	UBERON:0001130	vertebral column	vertebral column	UBERON:0005944	axial skeleton plus cranial skeleton	axial skeleton	
999	UBERON:0001130	vertebral column	vertebral column	UBERON:0005944	axial skeleton plus cranial skeleton	axial skeleton	
1000	UBERON:0001130	vertebral column	vertebral column	UBERON:0005944	axial skeleton plus cranial skeleton	axial skeleton	
1001	UBERON:0001130	vertebral column	vertebral column	UBERON:0005944	axial skeleton plus cranial skeleton	axial skeleton	
1002	UBERON:0001130	vertebral column	vertebral column	UBERON:0005944	axial skeleton plus cranial skeleton	axial skeleton	
1003	UBERON:0001130	vertebral column	vertebral column	UBERON:0005944	axial skeleton plus cranial skeleton	axial skeleton	
1004	UBERON:0001130	vertebral column	vertebral column	UBERON:0005944	axial skeleton plus cranial skeleton	axial skeleton	
1005	UBERON:0001130	vertebral column	vertebral column	UBERON:0005944	axial skeleton plus cranial skeleton	axial skeleton	
1006	UBERON:0001130	vertebral column	vertebral column	UBERON:0005944	axial skeleton plus cranial skeleton	axial skeleton	
1007	UBERON:0001130	vertebral column	vertebral column	UBERON:0005944	axial skeleton plus cranial skeleton	axial skeleton	
1008	UBERON:0001130	vertebral column	vertebral column	UBERON:0005944	axial skeleton plus cranial skeleton	axial skeleton	
1009	UBERON:0001130	vertebral column	vertebral column	UBERON:0005944	axial skeleton plus cranial skeleton	axial skeleton	
1010	UBERON:0001130	vertebral column	vertebral column	UBERON:0005944	axial skeleton plus cranial skeleton	axial skeleton	
1011	UBERON:0001130	vertebral column	vertebral column	UBERON:0005944	axial skeleton plus cranial skeleton	axial skeleton	
1012	UBERON:0001130	vertebral column	vertebral column	UBERON:0005944	axial skeleton plus cranial skeleton	axial skeleton	
1013	UBERON:0001130	vertebral column	vertebral column	UBERON:0005944	axial skeleton plus cranial skeleton	axial skeleton	
1014	UBERON:0001130	vertebral column	vertebral column	UBERON:0005944	axial skeleton plus cranial skeleton	axial skeleton	
1015	UBERON:0001130	vertebral column	vertebral column	UBERON:0005944	axial skeleton plus cranial skeleton	axial skeleton	
1016	UBERON:0001130	vertebral column	vertebral column	UBERON:0005944	axial skeleton plus cranial skeleton	axial skeleton	
1017	UBERON:0001130	vertebral column	vertebral column	UBERON:0005944	axial skeleton plus cranial skeleton	axial skeleton	
1018	UBERON:0001130	vertebral column	vertebral column	UBERON:0005944	axial skeleton plus cranial skeleton	axial skeleton	
1019	UBERON:0001130	vertebral column	vertebral column	UBERON:0005944	axial skeleton plus cranial skeleton	axial skeleton	
1020	UBERON:0001130	vertebral column	vertebral column	UBERON:0005944	axial skeleton plus cranial skeleton	axial skeleton	
1021	UBERON:0001130	vertebral column	vertebral column	UBERON:0005944	axial skeleton plus cranial skeleton	axial skeleton	
1022	UBERON:0001130	vertebral column	vertebral column	UBERON:0005944	axial skeleton plus cranial skeleton	axial skeleton	
1023	UBERON:0001130	vertebral column	vertebral column	UBERON:0005944	axial skeleton plus cranial skeleton	axial skeleton	
1024	UBERON:0001130	vertebral column	vertebral column	UBERON:0005944	axial skeleton plus cranial skeleton	axial skeleton	
1025	UBERON:0001130	vertebral column	vertebral column	UBERON:0005944	axial skeleton plus cranial skeleton	axial skeleton	
1026	UBERON:0001130	vertebral column	vertebral column	UBERON:0005944	axial skeleton plus cranial skeleton	axial skeleton	
1027	UBERON:0001130	vertebral column	vertebral column	UBERON:0005944	axial skeleton plus cranial skeleton	axial skeleton	
1028	UBERON:0001130	vertebral column	vertebral column	UBERON:0005944	axial skeleton plus cranial skeleton	axial skeleton	
1029	UBERON:0001130	vertebral column	vertebral column	UBERON:0005944	axial skeleton plus cranial skeleton	axial skeleton	
1030	UBERON:0001130	vertebral column	vertebral column	UBERON:0005944	axial skeleton plus cranial skeleton	axial skeleton	
1031	UBERON:0001130	vertebral column	vertebral column	UBERON:0005944	axial skeleton plus cranial skeleton	axial skeleton	
1032	UBERON:0001130	vertebral column	vertebral column	UBERON:0005944	axial skeleton plus cranial skeleton	axial skeleton	
1033	UBERON:0001130	vertebral column	vertebral column	UBERON:0005944	axial skeleton plus cranial skeleton	axial skeleton	
1034	UBERON:0001130	vertebral column	vertebral column	UBERON:0005944	axial skeleton plus cranial skeleton	axial skeleton	
1035	UBERON:0001130	vertebral column	vertebral column	UBERON:0005944	axial skeleton plus cranial skeleton	axial skeleton	
1036	UBERON:0001130	vertebral column	vertebral column	UBERON:0005944	axial skeleton plus cranial skeleton	axial skeleton	
1037	UBERON:0001130	vertebral column	vertebral column	UBERON:0005944	axial skeleton plus cranial skeleton	axial skeleton	
1038	UBERON:0001130	vertebral column	vertebral column	UBERON:0005944	axial skeleton plus cranial skeleton	axial skeleton	
1039	UBERON:0001130	vertebral column	vertebral column	UBERON:0005944	axial skeleton plus cranial skeleton	axial skeleton	
1040	UBERON:0001130	vertebral column	vertebral column	UBERON:0005944	axial skeleton plus cranial skeleton	axial skeleton	
1041	UBERON:0001130	vertebral column	vertebral column	UBERON:0005944	axial skeleton plus cranial skeleton	axial skeleton	
1042	UBERON:0001130	vertebral column	vertebral column	UBERON:0005944	axial skeleton plus cranial skeleton	axial skeleton	
1043	UBERON:0001130	vertebral column	vertebral column	UBERON:0005944	axial skeleton plus cranial skeleton	axial skeleton	
1044	UBERON:0001130	vertebral column	vertebral column	UBERON:0005944	axial skeleton plus cranial skeleton	axial skeleton	
1045	UBERON:0001130	vertebral column	vertebral column	UBERON:0005944	axial skeleton plus cranial skeleton	axial skeleton	
1046	UBERON:0001130	vertebral column	vertebral column	UBERON:0005944	axial skeleton plus cranial skeleton	axial skeleton	
1047	UBERON:0001130	vertebral column	vertebral column	UBERON:0005944	axial skeleton plus cranial skeleton	axial skeleton	
1048	UBERON:0001130	vertebral column	vertebral column	UBERON:0005944	axial skeleton plus cranial skeleton	axial skeleton	
1049	UBERON:0001130	vertebral column	vertebral column	UBERON:0005944	axial skeleton plus cranial skeleton	axial skeleton	
1050	UBERON:0001130	vertebral column	vertebral column	UBERON:0005944	axial skeleton plus cranial skeleton	axial skeleton	
1051	UBERON:0001130	vertebral column	vertebral column	UBERON:0005944	axial skeleton plus cranial skeleton	axial skeleton	
1052	UBERON:0001130	vertebral column	vertebral column	UBERON:0005944	axial skeleton plus cranial skeleton	axial skeleton	
1053	UBERON:0001130	vertebral column	vertebral column	UBERON:0005944	axial skeleton plus cranial skeleton	axial skeleton	
1054	UBERON:0001130	vertebral column	vertebral column	UBERON:0005944	axial skeleton plus cranial skeleton	axial skeleton	
1055	UBERON:0001130	vertebral column	vertebral column	UBERON:0005944	axial skeleton plus cranial skeleton	axial skeleton	
1056	UBERON:0001130	vertebral column	vertebral column	UBERON:0005944	axial skeleton plus cranial skeleton	axial skeleton	
1057	UBERON:0001130	vertebral column	vertebral column	UBERON:0005944	axial skeleton plus cranial skeleton	axial skeleton	
1058	UBERON:0001130	vertebral column	vertebral column	UBERON:0005944	axial skeleton plus cranial skeleton	axial skeleton	
1059	UBERON:0001130	vertebral column	vertebral column	UBERON:0005944	axial skeleton plus cranial skeleton	axial skeleton	
1060	UBERON:0001130	vertebral column	vertebral column	UBERON:0005944	axial skeleton plus cranial skeleton	axial skeleton	
1061	UBERON:0001130	vertebral column	vertebral column	UBERON:0005944	axial skeleton plus cranial skeleton	axial skeleton	
1062	UBERON:0001130	vertebral column	vertebral column	UBERON:0005944	axial skeleton plus cranial skeleton	axial skeleton	
1063	UBERON:0001130	vertebral column	vertebral column	UBERON:0005944	axial skeleton plus cranial skeleton	axial skeleton	
1064	UBERON:0001130	vertebral column	vertebral column	UBERON:0005944	axial skeleton plus cranial skeleton	axial skeleton	
1065	UBERON:0001130	vertebral column	vertebral column	UBERON:0005944	axial skeleton plus cranial skeleton	axial skeleton	
1066	UBERON:0001130	vertebral column	vertebral column	UBERON:0005944	axial skeleton plus cranial skeleton	axial skeleton	
1067	UBERON:0001130	vertebral column	vertebral column	UBERON:0005944	axial skeleton plus cranial skeleton	axial skeleton	
1068	UBERON:0001130	vertebral column	vertebral column	UBERON:0005944	axial skeleton plus cranial skeleton	axial skeleton	
1069	UBERON:0001130	vertebral column	vertebral column	UBERON:0005944	axial skeleton plus cranial skeleton	axial skeleton	
1070	UBERON:0001130	vertebral column	vertebral column	UBERON:0005944	axial skeleton plus cranial skeleton	axial skeleton	
1071	UBERON:0001130	vertebral column	vertebral column	UBERON:0005944	axial skeleton plus cranial skeleton	axial skeleton	
1072	UBERON:0001130	vertebral column	vertebral column	UBERON:0005944	axial skeleton plus cranial skeleton	axial skeleton	
1073	UBERON:0001130	vertebral column	vertebral column	UBERON:0005944	axial skeleton plus cranial skeleton	axial skeleton	
1074	UBERON:0001130	vertebral column	vertebral column	UBERON:0005944	axial skeleton plus cranial skeleton	axial skeleton	
1075	UBERON:0001130	vertebral column	vertebral column	UBERON:0005944	axial skeleton plus cranial skeleton	axial skeleton	
1076	UBERON:0001130	vertebral column	vertebral column	UBERON:0005944	axial skeleton plus cranial skeleton	axial skeleton	
1077	UBERON:0001130	vertebral column	vertebral column	UBERON:0005944	axial skeleton plus cranial skeleton	axial skeleton	
1078	UBERON:0001130	vertebral column	vertebral column	UBERON:0005944	axial skeleton plus cranial skeleton	axial skeleton	
1079	UBERON:0001130	vertebral column	vertebral column	UBERON:0005944	axial skeleton plus cranial skeleton	axial skeleton	
1080	UBERON:0001130	vertebral column	vertebral column	UBERON:0005944	axial skeleton plus cranial skeleton	axial skeleton	
1081	UBERON:0001130	vertebral column	vertebral column	UBERON:0005944	axial skeleton plus cranial skeleton	axial skeleton	
1082	UBERON:0001130	vertebral column	vertebral column	UBERON:0005944	axial skeleton plus cranial skeleton	axial skeleton	
