s	slabel	user_slabel	o	olabel	user_olabel	row_number
CL:0000057	fibroblast	fibroblast	UBERON:0000947	aorta	aorta	37
CL:0000071	blood vessel endothelial cell	blood vessel endothelial cell	UBERON:0002016	pulmonary vein	pulmonary vein	16
CL:0000071	blood vessel endothelial cell	blood vessel endothelial cell	UBERON:8600085	hepatic portal venule	hepatic portal venule	2878
CL:0000071	blood vessel endothelial cell	blood vessel endothelial cell	UBERON:8600085	hepatic portal venule	hepatic portal venule	2880
CL:0000071	blood vessel endothelial cell	blood vessel endothelial cell	UBERON:0001639	hepatic portal vein	hepatic portal vein #2	2886
CL:0000071	blood vessel endothelial cell	blood vessel endothelial cell	UBERON:8600085	hepatic portal venule	hepatic portal venule	2888
CL:0000071	blood vessel endothelial cell	blood vessel endothelial cell	UBERON:8600085	hepatic portal venule	hepatic portal venule	2892
CL:0000071	blood vessel endothelial cell	blood vessel endothelial cell	UBERON:0001639	hepatic portal vein	hepatic portal vein	2898
CL:0000071	blood vessel endothelial cell	blood vessel endothelial cell	UBERON:0035392	cystic vein	cystic vein	2900
CL:0000071	blood vessel endothelial cell	blood vessel endothelial cell	UBERON:0001639	hepatic portal vein	hepatic portal vein	2902
CL:0000071	blood vessel endothelial cell	blood vessel endothelial cell	UBERON:0014690	left gastric vein	left gastric vein	2904
CL:0000071	blood vessel endothelial cell	blood vessel endothelial cell	UBERON:0035655	paraumbilical vein	paraumbilical vein	2906
CL:0000071	blood vessel endothelial cell	blood vessel endothelial cell	UBERON:0001639	hepatic portal vein	hepatic portal vein	2908
CL:0000071	blood vessel endothelial cell	blood vessel endothelial cell	UBERON:0014691	right gastric vein	right gastric vein	2910
CL:0000071	blood vessel endothelial cell	blood vessel endothelial cell	UBERON:0014691	right gastric vein	right gastric vein	2912
CL:0000071	blood vessel endothelial cell	blood vessel endothelial cell	UBERON:0003713	splenic vein	splenic vein	2914
CL:0000071	blood vessel endothelial cell	blood vessel endothelial cell	UBERON:0001215	inferior mesenteric vein	inferior mesenteric vein	2916
CL:0000071	blood vessel endothelial cell	blood vessel endothelial cell	UBERON:8410017	left colic vein	left colic vein	2918
CL:0000071	blood vessel endothelial cell	blood vessel endothelial cell	UBERON:8410017	left colic vein	left colic vein	2920
CL:0000071	blood vessel endothelial cell	blood vessel endothelial cell	UBERON:0001215	inferior mesenteric vein	inferior mesenteric vein	2922
CL:0000071	blood vessel endothelial cell	blood vessel endothelial cell	UBERON:0001215	inferior mesenteric vein	inferior mesenteric vein	2924
CL:0000071	blood vessel endothelial cell	blood vessel endothelial cell	UBERON:0001215	inferior mesenteric vein	inferior mesenteric vein	2926
CL:0000071	blood vessel endothelial cell	blood vessel endothelial cell	UBERON:0003713	splenic vein	splenic vein	2928
CL:0000071	blood vessel endothelial cell	blood vessel endothelial cell	UBERON:0001214	pancreatic tributary of splenic vein	pancreatic tributary of splenic vein	2930
CL:0000071	blood vessel endothelial cell	blood vessel endothelial cell	UBERON:0001281	hepatic sinusoid	hepatic sinusoid	2875
CL:0000071	blood vessel endothelial cell	blood vessel endothelial cell	UBERON:0006841	central vein of liver	central vein of liver	2873
CL:0000071	blood vessel endothelial cell	blood vessel endothelial cell	UBERON:0011955	left hepatic vein	left hepatic vein	2871
CL:0000071	blood vessel endothelial cell	blood vessel endothelial cell	UBERON:0011955	left hepatic vein	left hepatic vein	2869
CL:0000071	blood vessel endothelial cell	blood vessel endothelial cell	UBERON:0006656	deep dorsal vein of penis	deep dorsal vein of penis	2823
CL:0000071	blood vessel endothelial cell	blood vessel endothelial cell	UBERON:0001317	internal iliac vein	internal iliac vein	2825
CL:0000071	blood vessel endothelial cell	blood vessel endothelial cell	UBERON:0001318	inferior vesical vein	inferior vesical vein	2827
CL:0000071	blood vessel endothelial cell	blood vessel endothelial cell	UBERON:0009042	prostatic venous plexus	prostatic venous plexus	2829
CL:0000071	blood vessel endothelial cell	blood vessel endothelial cell	UBERON:8600084	prostatic venule	prostatic venule	2831
CL:0000071	blood vessel endothelial cell	blood vessel endothelial cell	UBERON:0018252	internal pudendal vein	internal pudendal vein	2833
CL:0000071	blood vessel endothelial cell	blood vessel endothelial cell	UBERON:0018252	internal pudendal vein	internal pudendal vein	2835
CL:0000071	blood vessel endothelial cell	blood vessel endothelial cell	UBERON:0018252	internal pudendal vein	internal pudendal vein	2837
CL:0000071	blood vessel endothelial cell	blood vessel endothelial cell	UBERON:0018252	internal pudendal vein	internal pudendal vein	2839
CL:0000071	blood vessel endothelial cell	blood vessel endothelial cell	UBERON:8600056	lateral sacral vein	lateral sacral vein	2841
CL:0000071	blood vessel endothelial cell	blood vessel endothelial cell	UBERON:8600057	middle hemorrhoidal vein	middle hemorrhoidal vein	2843
CL:0000071	blood vessel endothelial cell	blood vessel endothelial cell	UBERON:0001321	obturator vein	obturator vein	2845
CL:0000071	blood vessel endothelial cell	blood vessel endothelial cell	UBERON:0001362	perineal vein	perineal vein	2847
CL:0000071	blood vessel endothelial cell	blood vessel endothelial cell	UBERON:0001317	internal iliac vein	internal iliac vein	2849
CL:0000071	blood vessel endothelial cell	blood vessel endothelial cell	UBERON:0006355	superior vesical vein	superior vesical vein	2851
CL:0000071	blood vessel endothelial cell	blood vessel endothelial cell	UBERON:8600058	uterine vein	uterine vein	2853
CL:0000071	blood vessel endothelial cell	blood vessel endothelial cell	UBERON:0008889	uterine venous plexus	uterine venous plexus	2855
CL:0000071	blood vessel endothelial cell	blood vessel endothelial cell	UBERON:0001319	vaginal vein	vaginal vein	2857
CL:0000071	blood vessel endothelial cell	blood vessel endothelial cell	UBERON:0002460	vesical vein	vesical vein	2859
CL:0000071	blood vessel endothelial cell	blood vessel endothelial cell	UBERON:0006687	median sacral vein	median sacral vein	2861
CL:0000071	blood vessel endothelial cell	blood vessel endothelial cell	UBERON:0001072	inferior vena cava	inferior vena cava	2863
CL:0000071	blood vessel endothelial cell	blood vessel endothelial cell	UBERON:0011955	left hepatic vein	left hepatic vein	2865
CL:0000071	blood vessel endothelial cell	blood vessel endothelial cell	UBERON:0011955	left hepatic vein	left hepatic vein	2867
CL:0000071	blood vessel endothelial cell	blood vessel endothelial cell	UBERON:0003713	splenic vein	splenic vein	2932
CL:0000071	blood vessel endothelial cell	blood vessel endothelial cell	UBERON:0010400	spleen trabecular vein	spleen trabecular vein	2944
CL:0000071	blood vessel endothelial cell	blood vessel endothelial cell	UBERON:0010400	spleen trabecular vein	spleen trabecular vein	2946
CL:0000071	blood vessel endothelial cell	blood vessel endothelial cell	UBERON:0003910	splenic sinusoid	splenic venous sinusoid	2948
CL:0000071	blood vessel endothelial cell	blood vessel endothelial cell	UBERON:8600105	lumbar vein	lumbar vein	3033
CL:0000071	blood vessel endothelial cell	blood vessel endothelial cell	UBERON:8600105	lumbar vein	lumbar vein	3035
CL:0000071	blood vessel endothelial cell	blood vessel endothelial cell	UBERON:8600104	intervertebral vein	intervertebral vein	3037
CL:0000071	blood vessel endothelial cell	blood vessel endothelial cell	UBERON:8600103	anterior internal vertebral venous plexus	anterior internal vertebral venous plexus	3039
CL:0000071	blood vessel endothelial cell	blood vessel endothelial cell	UBERON:8600066	basivertebral vein	basivertebral vein	3041
CL:0000071	blood vessel endothelial cell	blood vessel endothelial cell	UBERON:8600104	intervertebral vein	intervertebral vein	3043
CL:0000071	blood vessel endothelial cell	blood vessel endothelial cell	UBERON:8600104	intervertebral vein	intervertebral vein	3049
CL:0000071	blood vessel endothelial cell	blood vessel endothelial cell	UBERON:8600104	intervertebral vein	intervertebral vein	3051
CL:0000071	blood vessel endothelial cell	blood vessel endothelial cell	UBERON:8600105	lumbar vein	lumbar vein	3061
CL:0000071	blood vessel endothelial cell	blood vessel endothelial cell	UBERON:0011957	middle hepatic vein	middle hepatic vein	3063
CL:0000071	blood vessel endothelial cell	blood vessel endothelial cell	UBERON:0000443	left testicular vein	left testicular vein	3031
CL:0000071	blood vessel endothelial cell	blood vessel endothelial cell	UBERON:0011957	middle hepatic vein	middle hepatic vein	3065
CL:0000071	blood vessel endothelial cell	blood vessel endothelial cell	UBERON:0011957	middle hepatic vein	middle hepatic vein	3069
CL:0000071	blood vessel endothelial cell	blood vessel endothelial cell	UBERON:0001140	renal vein	renal vein	3071
CL:0000071	blood vessel endothelial cell	blood vessel endothelial cell	UBERON:0001140	renal vein	renal vein	3073
CL:0000071	blood vessel endothelial cell	blood vessel endothelial cell	UBERON:0009887	interlobar vein	interlobar renal vein	3075
CL:0000071	blood vessel endothelial cell	blood vessel endothelial cell	UBERON:0004719	kidney arcuate vein	arcuate renal vein	3077
CL:0000071	blood vessel endothelial cell	blood vessel endothelial cell	UBERON:0005168	renal interlobular vein	interlobular renal vein	3079
CL:0000071	blood vessel endothelial cell	blood vessel endothelial cell	UBERON:0005168	renal interlobular vein	interlobular renal vein	3081
CL:0000071	blood vessel endothelial cell	blood vessel endothelial cell	UBERON:0010181	straight venules of kidney	straight venule of kidney	3083
CL:0000071	blood vessel endothelial cell	blood vessel endothelial cell	UBERON:0009091	ascending vasa recta	ascending vasa recta of kidney	3085
CL:0000071	blood vessel endothelial cell	blood vessel endothelial cell	UBERON:0001072	inferior vena cava	inferior vena cava	3087
CL:0000071	blood vessel endothelial cell	blood vessel endothelial cell	UBERON:0011957	middle hepatic vein	middle hepatic vein	3067
CL:0000071	blood vessel endothelial cell	blood vessel endothelial cell	UBERON:0035483	left suprarenal vein	left suprarenal vein	3029
CL:0000071	blood vessel endothelial cell	blood vessel endothelial cell	UBERON:0001142	left renal vein	left renal vein	3027
CL:0000071	blood vessel endothelial cell	blood vessel endothelial cell	UBERON:0001142	left renal vein	left renal vein	3025
CL:0000071	blood vessel endothelial cell	blood vessel endothelial cell	UBERON:0001138	superior mesenteric vein	superior mesenteric vein	2951
CL:0000071	blood vessel endothelial cell	blood vessel endothelial cell	UBERON:0001138	superior mesenteric vein	superior mesenteric vein	2953
CL:0000071	blood vessel endothelial cell	blood vessel endothelial cell	UBERON:0001217	ileal vein	ileal vein	2955
CL:0000071	blood vessel endothelial cell	blood vessel endothelial cell	UBERON:0001219	ileocolic vein	ileocolic vein	2957
CL:0000071	blood vessel endothelial cell	blood vessel endothelial cell	UBERON:0001219	ileocolic vein	ileocolic vein	2959
CL:0000071	blood vessel endothelial cell	blood vessel endothelial cell	UBERON:0001216	jejunal vein	jejunal vein	2969
CL:0000071	blood vessel endothelial cell	blood vessel endothelial cell	UBERON:0001218	middle colic vein	middle colic vein	2971
CL:0000071	blood vessel endothelial cell	blood vessel endothelial cell	UBERON:0001218	middle colic vein	middle colic vein	2973
CL:0000071	blood vessel endothelial cell	blood vessel endothelial cell	UBERON:0001138	superior mesenteric vein	superior mesenteric vein	2975
CL:0000071	blood vessel endothelial cell	blood vessel endothelial cell	UBERON:8410018	right colic vein	right colic vein	2977
CL:0000071	blood vessel endothelial cell	blood vessel endothelial cell	UBERON:8410018	right colic vein	right colic vein	2979
CL:0000071	blood vessel endothelial cell	blood vessel endothelial cell	UBERON:0001138	superior mesenteric vein	superior mesenteric vein	2981
CL:0000071	blood vessel endothelial cell	blood vessel endothelial cell	UBERON:0001639	hepatic portal vein	hepatic portal vein	2985
CL:0000071	blood vessel endothelial cell	blood vessel endothelial cell	UBERON:0001639	hepatic portal vein	hepatic portal vein	2987
CL:0000071	blood vessel endothelial cell	blood vessel endothelial cell	UBERON:0002066	umbilical vein	umbilical vein	2989
CL:0000071	blood vessel endothelial cell	blood vessel endothelial cell	UBERON:8600085	hepatic portal venule	hepatic portal venule	2991
CL:0000071	blood vessel endothelial cell	blood vessel endothelial cell	UBERON:8600085	hepatic portal venule	hepatic portal venule	2995
CL:0000071	blood vessel endothelial cell	blood vessel endothelial cell	UBERON:8600085	hepatic portal venule	hepatic portal venule	2999
CL:0000071	blood vessel endothelial cell	blood vessel endothelial cell	UBERON:8600085	hepatic portal venule	hepatic portal venule	3005
CL:0000071	blood vessel endothelial cell	blood vessel endothelial cell	UBERON:8600085	hepatic portal venule	hepatic portal venule	3009
CL:0000071	blood vessel endothelial cell	blood vessel endothelial cell	UBERON:8600085	hepatic portal venule	hepatic portal venule	3015
CL:0000071	blood vessel endothelial cell	blood vessel endothelial cell	UBERON:8600085	hepatic portal venule	hepatic portal venule	3019
CL:0000071	blood vessel endothelial cell	blood vessel endothelial cell	UBERON:0001142	left renal vein	left renal vein	3023
CL:0000071	blood vessel endothelial cell	blood vessel endothelial cell	UBERON:0006690	deep dorsal vein of clitoris	deep dorsal vein of clitoris	2821
CL:0000071	blood vessel endothelial cell	blood vessel endothelial cell	UBERON:0006690	deep dorsal vein of clitoris	deep dorsal vein of clitoris	2819
CL:0000071	blood vessel endothelial cell	blood vessel endothelial cell	UBERON:0001317	internal iliac vein	internal iliac vein	2817
CL:0000071	blood vessel endothelial cell	blood vessel endothelial cell	UBERON:0001320	iliolumbar vein	iliolumbar vein	2815
CL:0000071	blood vessel endothelial cell	blood vessel endothelial cell	UBERON:0018231	labyrinthine artery	labyrinthine artery	2577
CL:0000071	blood vessel endothelial cell	blood vessel endothelial cell	UBERON:0002505	spiral modiolar artery	spiral modiolar artery	2589
CL:0000071	blood vessel endothelial cell	blood vessel endothelial cell	UBERON:0001633	basilar artery	basilar artery	2597
CL:0000071	blood vessel endothelial cell	blood vessel endothelial cell	UBERON:0001633	basilar artery	basilar artery	2601
CL:0000071	blood vessel endothelial cell	blood vessel endothelial cell	UBERON:0001636	posterior cerebral artery	posterior cerebral artery	2605
CL:0000071	blood vessel endothelial cell	blood vessel endothelial cell	UBERON:0035183	calcarine artery	calcarine artery	2609
CL:0000071	blood vessel endothelial cell	blood vessel endothelial cell	UBERON:0001636	posterior cerebral artery	posterior cerebral artery	2613
CL:0000071	blood vessel endothelial cell	blood vessel endothelial cell	UBERON:0001636	posterior cerebral artery	posterior cerebral artery	2617
CL:0000071	blood vessel endothelial cell	blood vessel endothelial cell	UBERON:0001636	posterior cerebral artery	posterior cerebral artery	2621
CL:0000071	blood vessel endothelial cell	blood vessel endothelial cell	UBERON:0001634	mesencephalic artery	mesencephalic artery	2625
CL:0000071	blood vessel endothelial cell	blood vessel endothelial cell	UBERON:0018231	labyrinthine artery	labyrinthine artery	2573
CL:0000071	blood vessel endothelial cell	blood vessel endothelial cell	UBERON:0001636	posterior cerebral artery	posterior cerebral artery	2629
CL:0000071	blood vessel endothelial cell	blood vessel endothelial cell	UBERON:0001635	superior cerebellar artery	superior cerebellar artery	2637
CL:0000071	blood vessel endothelial cell	blood vessel endothelial cell	UBERON:0009688	posterior inferior cerebellar artery	posterior inferior cerebellar artery	2641
CL:0000071	blood vessel endothelial cell	blood vessel endothelial cell	UBERON:0007146	posterior spinal artery	posterior spinal artery	2645
CL:0000071	blood vessel endothelial cell	blood vessel endothelial cell	UBERON:0001535	vertebral artery	vertebral artery	2649
CL:0000071	blood vessel endothelial cell	blood vessel endothelial cell	UBERON:0001626	left coronary artery	left coronary artery	2653
CL:0000071	blood vessel endothelial cell	blood vessel endothelial cell	UBERON:8600102	left anterior descending artery	left anterior descending artery	2657
CL:0000071	blood vessel endothelial cell	blood vessel endothelial cell	UBERON:8600102	left anterior descending artery	left anterior descending artery	2661
CL:0000071	blood vessel endothelial cell	blood vessel endothelial cell	UBERON:8600102	left anterior descending artery	left anterior descending artery	2665
CL:0000071	blood vessel endothelial cell	blood vessel endothelial cell	UBERON:8600102	left anterior descending artery	left anterior descending artery	2669
CL:0000071	blood vessel endothelial cell	blood vessel endothelial cell	UBERON:8600063	septal perforating artery	septal perforating artery	2673
CL:0000071	blood vessel endothelial cell	blood vessel endothelial cell	UBERON:0001636	posterior cerebral artery	posterior cerebral artery	2633
CL:0000071	blood vessel endothelial cell	blood vessel endothelial cell	UBERON:0018231	labyrinthine artery	labyrinthine artery	2569
CL:0000071	blood vessel endothelial cell	blood vessel endothelial cell	UBERON:0009689	anterior inferior cerebellar artery	anterior inferior cerebellar artery	2565
CL:0000071	blood vessel endothelial cell	blood vessel endothelial cell	UBERON:0001633	basilar artery	basilar artery	2561
CL:0000071	blood vessel endothelial cell	blood vessel endothelial cell	UBERON:0006632	musculo-phrenic artery	musculophrenic artery	2443
CL:0000071	blood vessel endothelial cell	blood vessel endothelial cell	UBERON:0006632	musculo-phrenic artery	musculophrenic artery	2447
CL:0000071	blood vessel endothelial cell	blood vessel endothelial cell	UBERON:0006632	musculo-phrenic artery	musculophrenic artery	2451
CL:0000071	blood vessel endothelial cell	blood vessel endothelial cell	UBERON:0001651	right pulmonary artery	right pulmonary artery	3603
CL:0000071	blood vessel endothelial cell	blood vessel endothelial cell	UBERON:8600081	percardiacophrenic artery	percardiacophrenic artery	2459
CL:0000071	blood vessel endothelial cell	blood vessel endothelial cell	UBERON:0002456	internal thoracic artery	internal thoracic artery	2463
CL:0000071	blood vessel endothelial cell	blood vessel endothelial cell	UBERON:0007153	superior epigastric artery	superior epigastric artery	2471
CL:0000071	blood vessel endothelial cell	blood vessel endothelial cell	UBERON:0018243	thymic artery	thymic artery	2475
CL:0000071	blood vessel endothelial cell	blood vessel endothelial cell	UBERON:0018243	thymic artery	thymic artery	2479
CL:0000071	blood vessel endothelial cell	blood vessel endothelial cell	UBERON:8600062	thyrocervical trunk	thyrocervical trunk	2485
CL:0000071	blood vessel endothelial cell	blood vessel endothelial cell	UBERON:0007149	inferior thyroid artery	inferior thyroid artery	2489
CL:0000071	blood vessel endothelial cell	blood vessel endothelial cell	UBERON:0012322	ascending cervical artery	ascending cervical artery	2493
CL:0000071	blood vessel endothelial cell	blood vessel endothelial cell	UBERON:0012322	ascending cervical artery	ascending cervical artery	2497
CL:0000071	blood vessel endothelial cell	blood vessel endothelial cell	UBERON:0007149	inferior thyroid artery	inferior thyroid artery	2521
CL:0000071	blood vessel endothelial cell	blood vessel endothelial cell	UBERON:0007149	inferior thyroid artery	inferior thyroid artery	2525
CL:0000071	blood vessel endothelial cell	blood vessel endothelial cell	UBERON:0007149	inferior thyroid artery	inferior thyroid artery	2529
CL:0000071	blood vessel endothelial cell	blood vessel endothelial cell	UBERON:8600062	thyrocervical trunk	thyrocervical trunk	2533
CL:0000071	blood vessel endothelial cell	blood vessel endothelial cell	UBERON:0012324	transverse cervical artery	transverse cervical artery	2537
CL:0000071	blood vessel endothelial cell	blood vessel endothelial cell	UBERON:0012324	transverse cervical artery	transverse cervical artery	2541
CL:0000071	blood vessel endothelial cell	blood vessel endothelial cell	UBERON:0001071	superficial cervical artery	superficial cervical artery	2545
CL:0000071	blood vessel endothelial cell	blood vessel endothelial cell	UBERON:0001535	vertebral artery	vertebral artery	2549
CL:0000071	blood vessel endothelial cell	blood vessel endothelial cell	UBERON:0005431	anterior spinal artery	anterior spinal artery	2553
CL:0000071	blood vessel endothelial cell	blood vessel endothelial cell	UBERON:0005431	anterior spinal artery	anterior spinal artery	2557
CL:0000071	blood vessel endothelial cell	blood vessel endothelial cell	UBERON:0035422	circumflex branch of left coronary artery	left circumflex artery	2677
CL:0000071	blood vessel endothelial cell	blood vessel endothelial cell	UBERON:0035422	circumflex branch of left coronary artery	left circumflex artery	2681
CL:0000071	blood vessel endothelial cell	blood vessel endothelial cell	UBERON:0035422	circumflex branch of left coronary artery	left circumflex artery	2685
CL:0000071	blood vessel endothelial cell	blood vessel endothelial cell	UBERON:8600064	posterolateral artery	posterolateral artery	2689
CL:0000071	blood vessel endothelial cell	blood vessel endothelial cell	UBERON:8600082	superficial iliac circumflex vein	superficial iliac circumflex vein	2765
CL:0000071	blood vessel endothelial cell	blood vessel endothelial cell	UBERON:8600065	lateral femoral circumflex vein	lateral femoral circumflex vein	2767
CL:0000071	blood vessel endothelial cell	blood vessel endothelial cell	UBERON:0035234	medial circumflex femoral vein	medial circumflex femoral vein	2769
CL:0000071	blood vessel endothelial cell	blood vessel endothelial cell	UBERON:0001544	popliteal vein	popliteal vein	2771
CL:0000071	blood vessel endothelial cell	blood vessel endothelial cell	UBERON:0001545	anterior tibial vein	anterior tibial vein	2773
CL:0000071	blood vessel endothelial cell	blood vessel endothelial cell	UBERON:0008783	dorsal venous arch	dorsal venous arch of foot	2775
CL:0000071	blood vessel endothelial cell	blood vessel endothelial cell	UBERON:0001549	dorsal metatarsal vein	dorsal metatarsal vein	2777
CL:0000071	blood vessel endothelial cell	blood vessel endothelial cell	UBERON:0001549	dorsal metatarsal vein	dorsal metatarsal vein	2779
CL:0000071	blood vessel endothelial cell	blood vessel endothelial cell	UBERON:0013143	gastrocnemius vein	gastrocnemius vein	2781
CL:0000071	blood vessel endothelial cell	blood vessel endothelial cell	UBERON:0001544	popliteal vein	popliteal vein	2783
CL:0000071	blood vessel endothelial cell	blood vessel endothelial cell	UBERON:0013142	soleal vein	soleal vein	2785
CL:0000071	blood vessel endothelial cell	blood vessel endothelial cell	UBERON:0001546	posterior tibial vein	posterior tibial vein	2787
CL:0000071	blood vessel endothelial cell	blood vessel endothelial cell	UBERON:0001546	posterior tibial vein	posterior tibial vein	2789
CL:0000071	blood vessel endothelial cell	blood vessel endothelial cell	UBERON:0006139	plantar digital vein	plantar digital vein	2795
CL:0000071	blood vessel endothelial cell	blood vessel endothelial cell	UBERON:0006144	medial plantar digital vein	medial plantar vein	2797
CL:0000071	blood vessel endothelial cell	blood vessel endothelial cell	UBERON:0006144	medial plantar digital vein	medial plantar vein	2799
CL:0000071	blood vessel endothelial cell	blood vessel endothelial cell	UBERON:0013142	soleal vein	soleal vein #2	2801
CL:0000071	blood vessel endothelial cell	blood vessel endothelial cell	UBERON:0001547	small saphenous vein	small saphenous vein	2803
CL:0000071	blood vessel endothelial cell	blood vessel endothelial cell	UBERON:0008783	dorsal venous arch	dorsal venous arch of foot #3	2805
CL:0000071	blood vessel endothelial cell	blood vessel endothelial cell	UBERON:0001548	lateral marginal vein	lateral marginal vein	2807
CL:0000071	blood vessel endothelial cell	blood vessel endothelial cell	UBERON:0013144	vein of genicular venous plexus	vein of genicular venous plexus	2809
CL:0000071	blood vessel endothelial cell	blood vessel endothelial cell	UBERON:0007154	inferior epigastric vein	inferior epigastric vein	2811
CL:0000071	blood vessel endothelial cell	blood vessel endothelial cell	UBERON:0001316	external iliac vein	external iliac vein	2813
CL:0000071	blood vessel endothelial cell	blood vessel endothelial cell	UBERON:0009049	superficial external pudendal vein	superficial external pudendal vein	2763
CL:0000071	blood vessel endothelial cell	blood vessel endothelial cell	UBERON:0011956	right hepatic vein	right hepatic vein	3089
CL:0000071	blood vessel endothelial cell	blood vessel endothelial cell	UBERON:0014692	superficial epigastric vein	superficial epigastric vein	2761
CL:0000071	blood vessel endothelial cell	blood vessel endothelial cell	UBERON:0008783	dorsal venous arch	dorsal venous arch of foot #2	2757
CL:0000071	blood vessel endothelial cell	blood vessel endothelial cell	UBERON:0001625	right coronary artery	right coronary artery	2693
CL:0000071	blood vessel endothelial cell	blood vessel endothelial cell	UBERON:0001625	right coronary artery	right coronary artery	2697
CL:0000071	blood vessel endothelial cell	blood vessel endothelial cell	UBERON:0039232	conus artery	conus artery	2701
CL:0000071	blood vessel endothelial cell	blood vessel endothelial cell	UBERON:0001625	right coronary artery	right coronary artery	2705
CL:0000071	blood vessel endothelial cell	blood vessel endothelial cell	UBERON:0001625	right coronary artery	right coronary artery	2713
CL:0000071	blood vessel endothelial cell	blood vessel endothelial cell	UBERON:0001625	right coronary artery	right coronary artery	2717
CL:0000071	blood vessel endothelial cell	blood vessel endothelial cell	UBERON:0005438	coronary sinus	coronary sinus	2724
CL:0000071	blood vessel endothelial cell	blood vessel endothelial cell	UBERON:0006958	great vein of heart	great cardiac vein	2725
CL:0000071	blood vessel endothelial cell	blood vessel endothelial cell	UBERON:0006958	great vein of heart	great cardiac vein	2727
CL:0000071	blood vessel endothelial cell	blood vessel endothelial cell	UBERON:0009687	middle cardiac vein	middle cardiac vein	2729
CL:0000071	blood vessel endothelial cell	blood vessel endothelial cell	UBERON:0005438	coronary sinus	coronary sinus	2731
CL:0000071	blood vessel endothelial cell	blood vessel endothelial cell	UBERON:0005438	coronary sinus	coronary sinus	2733
CL:0000071	blood vessel endothelial cell	blood vessel endothelial cell	UBERON:0035374	small cardiac vein	small cardiac vein	2735
CL:0000071	blood vessel endothelial cell	blood vessel endothelial cell	UBERON:0001072	inferior vena cava	inferior vena cava	2737
CL:0000071	blood vessel endothelial cell	blood vessel endothelial cell	UBERON:0001139	common iliac vein	common iliac vein	2739
CL:0000071	blood vessel endothelial cell	blood vessel endothelial cell	UBERON:0001316	external iliac vein	external iliac vein	2741
CL:0000071	blood vessel endothelial cell	blood vessel endothelial cell	UBERON:0001360	deep circumflex iliac vein	deep circumflex iliac vein	2743
CL:0000071	blood vessel endothelial cell	blood vessel endothelial cell	UBERON:0001361	femoral vein	femoral vein	2745
CL:0000071	blood vessel endothelial cell	blood vessel endothelial cell	UBERON:0001363	great saphenous vein	great saphenous vein	2747
CL:0000071	blood vessel endothelial cell	blood vessel endothelial cell	UBERON:0001363	great saphenous vein	great saphenous vein	2749
CL:0000071	blood vessel endothelial cell	blood vessel endothelial cell	UBERON:0009048	deep external pudendal vein	deep external pudendal vein	2751
CL:0000071	blood vessel endothelial cell	blood vessel endothelial cell	UBERON:0018253	external pudendal vein	external pudendal vein	2753
CL:0000071	blood vessel endothelial cell	blood vessel endothelial cell	UBERON:0001550	medial marginal vein	medial marginal vein	2755
CL:0000071	blood vessel endothelial cell	blood vessel endothelial cell	UBERON:0001363	great saphenous vein	great saphenous vein	2759
CL:0000071	blood vessel endothelial cell	blood vessel endothelial cell	UBERON:0011956	right hepatic vein	right hepatic vein	3091
CL:0000071	blood vessel endothelial cell	blood vessel endothelial cell	UBERON:0011956	right hepatic vein	right hepatic vein	3093
CL:0000071	blood vessel endothelial cell	blood vessel endothelial cell	UBERON:0011956	right hepatic vein	right hepatic vein	3095
CL:0000071	blood vessel endothelial cell	blood vessel endothelial cell	UBERON:8600072	glandular venous plexus	glandular venous plexus	3378
CL:0000071	blood vessel endothelial cell	blood vessel endothelial cell	UBERON:0007157	superior thyroid vein	superior thyroid vein	3380
CL:0000071	blood vessel endothelial cell	blood vessel endothelial cell	UBERON:0001589	internal thoracic vein	internal thoracic vein	3382
CL:0000071	blood vessel endothelial cell	blood vessel endothelial cell	UBERON:0012200	anterior intercostal vein	anterior intercostal vein	3384
CL:0000071	blood vessel endothelial cell	blood vessel endothelial cell	UBERON:0001589	internal thoracic vein	internal thoracic vein	3386
CL:0000071	blood vessel endothelial cell	blood vessel endothelial cell	UBERON:0001589	internal thoracic vein	internal thoracic vein	3388
CL:0000071	blood vessel endothelial cell	blood vessel endothelial cell	UBERON:0001589	internal thoracic vein	internal thoracic vein	3390
CL:0000071	blood vessel endothelial cell	blood vessel endothelial cell	UBERON:0001589	internal thoracic vein	internal thoracic vein	3392
CL:0000071	blood vessel endothelial cell	blood vessel endothelial cell	UBERON:0001589	internal thoracic vein	internal thoracic vein	3394
CL:0000071	blood vessel endothelial cell	blood vessel endothelial cell	UBERON:0001589	internal thoracic vein	internal thoracic vein	3396
CL:0000071	blood vessel endothelial cell	blood vessel endothelial cell	UBERON:0007157	superior thyroid vein	superior thyroid vein	3376
CL:0000071	blood vessel endothelial cell	blood vessel endothelial cell	UBERON:0006662	musculo-phrenic vein	musculophrenic vein	3398
CL:0000071	blood vessel endothelial cell	blood vessel endothelial cell	UBERON:0006662	musculo-phrenic vein	musculophrenic vein	3402
CL:0000071	blood vessel endothelial cell	blood vessel endothelial cell	UBERON:0006662	musculo-phrenic vein	musculophrenic vein	3404
CL:0000071	blood vessel endothelial cell	blood vessel endothelial cell	UBERON:0007155	superior epigastric vein	superior epigastric vein	3406
CL:0000071	blood vessel endothelial cell	blood vessel endothelial cell	UBERON:0001590	pericardiacophrenic vein	pericardiacophrenic vein	3408
CL:0000071	blood vessel endothelial cell	blood vessel endothelial cell	UBERON:0001587	subclavian vein	subclavian vein	3410
CL:0000071	blood vessel endothelial cell	blood vessel endothelial cell	UBERON:0000985	axillary vein	axillary vein	3412
CL:0000071	blood vessel endothelial cell	blood vessel endothelial cell	UBERON:0001411	basilic vein	basilic vein	3414
CL:0000071	blood vessel endothelial cell	blood vessel endothelial cell	UBERON:0001411	basilic vein	basilic vein	3416
CL:0000071	blood vessel endothelial cell	blood vessel endothelial cell	UBERON:0001411	basilic vein	basilic vein	3422
CL:0000071	blood vessel endothelial cell	blood vessel endothelial cell	UBERON:0001414	median basilic vein	median cubital vein	3424
CL:0000071	blood vessel endothelial cell	blood vessel endothelial cell	UBERON:0006662	musculo-phrenic vein	musculophrenic vein	3400
CL:0000071	blood vessel endothelial cell	blood vessel endothelial cell	UBERON:0036074	vein of vestibular aqueduct	vein of vestibular aqueduct	3372
CL:0000071	blood vessel endothelial cell	blood vessel endothelial cell	UBERON:0003712	cavernous sinus	cavernous sinus #2	3369
CL:0000071	blood vessel endothelial cell	blood vessel endothelial cell	UBERON:0001641	transverse sinus	transverse sinus	3368
CL:0000071	blood vessel endothelial cell	blood vessel endothelial cell	UBERON:0034965	middle thyroid vein	middle thyroid vein	3328
CL:0000071	blood vessel endothelial cell	blood vessel endothelial cell	UBERON:0005475	sigmoid sinus	sigmoid sinus	3330
CL:0000071	blood vessel endothelial cell	blood vessel endothelial cell	UBERON:0017637	marginal venous sinus	marginal venous sinus	3331
CL:0000071	blood vessel endothelial cell	blood vessel endothelial cell	UBERON:0001641	transverse sinus	transverse sinus	3332
CL:0000071	blood vessel endothelial cell	blood vessel endothelial cell	UBERON:0001641	transverse sinus	transverse sinus	3333
CL:0000071	blood vessel endothelial cell	blood vessel endothelial cell	UBERON:0005481	tentorial sinus	straight sinus	3335
CL:0000071	blood vessel endothelial cell	blood vessel endothelial cell	UBERON:0006666	great cerebral vein	great cerebral vein	3336
CL:0000071	blood vessel endothelial cell	blood vessel endothelial cell	UBERON:0035530	basal vein	basal vein	3338
CL:0000071	blood vessel endothelial cell	blood vessel endothelial cell	UBERON:0001672	anterior cerebral vein	anterior cerebral vein	3340
CL:0000071	blood vessel endothelial cell	blood vessel endothelial cell	UBERON:0035532	deep middle cerebral vein	deep middle cerebral vein	3342
CL:0000071	blood vessel endothelial cell	blood vessel endothelial cell	UBERON:0035530	basal vein	basal vein	3344
CL:0000071	blood vessel endothelial cell	blood vessel endothelial cell	UBERON:0035530	basal vein	basal vein	3346
CL:0000071	blood vessel endothelial cell	blood vessel endothelial cell	UBERON:0035152	internal cerebral vein	internal cerebral vein	3348
CL:0000071	blood vessel endothelial cell	blood vessel endothelial cell	UBERON:0035152	internal cerebral vein	internal cerebral vein	3350
CL:0000071	blood vessel endothelial cell	blood vessel endothelial cell	UBERON:0035152	internal cerebral vein	internal cerebral vein	3352
CL:0000071	blood vessel endothelial cell	blood vessel endothelial cell	UBERON:0007152	inferior sagittal sinus	inferior sagittal sinus	3354
CL:0000071	blood vessel endothelial cell	blood vessel endothelial cell	UBERON:0001669	superior cerebellar vein	superior cerebellar vein	3355
CL:0000071	blood vessel endothelial cell	blood vessel endothelial cell	UBERON:0001642	superior sagittal sinus	superior sagittal sinus	3357
CL:0000071	blood vessel endothelial cell	blood vessel endothelial cell	UBERON:0001642	superior sagittal sinus	superior sagittal sinus	3358
CL:0000071	blood vessel endothelial cell	blood vessel endothelial cell	UBERON:0035150	superior cerebral vein	superior cerebral vein	3360
CL:0000071	blood vessel endothelial cell	blood vessel endothelial cell	UBERON:8600091	inferior anastomotic vein	inferior anastomotic vein	3362
CL:0000071	blood vessel endothelial cell	blood vessel endothelial cell	UBERON:0001670	inferior cerebellar vein	inferior cerebellar vein	3364
CL:0000071	blood vessel endothelial cell	blood vessel endothelial cell	UBERON:0001664	inferior cerebral vein	inferior cerebral vein	3366
CL:0000071	blood vessel endothelial cell	blood vessel endothelial cell	UBERON:0001413	brachial vein	brachial vein	3426
CL:0000071	blood vessel endothelial cell	blood vessel endothelial cell	UBERON:0006634	lingual vein	lingual vein	3326
CL:0000071	blood vessel endothelial cell	blood vessel endothelial cell	UBERON:8600092	radial vein	radial vein	3428
CL:0000071	blood vessel endothelial cell	blood vessel endothelial cell	UBERON:8600093	ulnar vein	ulnar vein	3432
CL:0000071	blood vessel endothelial cell	blood vessel endothelial cell	UBERON:8600076	suboccipital venous plexus	suboccipital venous plexus	3494
CL:0000071	blood vessel endothelial cell	blood vessel endothelial cell	UBERON:8600076	suboccipital venous plexus	suboccipital venous plexus	3496
CL:0000071	blood vessel endothelial cell	blood vessel endothelial cell	UBERON:0001588	vertebral vein	vertebral vein	3498
CL:0000071	blood vessel endothelial cell	blood vessel endothelial cell	UBERON:0001588	vertebral vein	vertebral vein	3500
CL:0000071	blood vessel endothelial cell	blood vessel endothelial cell	UBERON:0001585	anterior vena cava	superior vena cava	3502
CL:0000071	blood vessel endothelial cell	blood vessel endothelial cell	UBERON:0012195	left superior intercostal vein	left superior intercostal vein	3504
CL:0000071	blood vessel endothelial cell	blood vessel endothelial cell	UBERON:0012195	left superior intercostal vein	left superior intercostal vein	3506
CL:0000071	blood vessel endothelial cell	blood vessel endothelial cell	UBERON:0012195	left superior intercostal vein	left superior intercostal vein	3508
CL:0000071	blood vessel endothelial cell	blood vessel endothelial cell	UBERON:0001591	thymic vein	thymic vein	3510
CL:0000071	blood vessel endothelial cell	blood vessel endothelial cell	UBERON:0001591	thymic vein	thymic vein	3512
CL:0000071	blood vessel endothelial cell	blood vessel endothelial cell	UBERON:8600059	deep cervical vein	deep cervical vein	3492
CL:0000071	blood vessel endothelial cell	blood vessel endothelial cell	UBERON:0001585	anterior vena cava	superior vena cava	3514
CL:0000071	blood vessel endothelial cell	blood vessel endothelial cell	UBERON:0001652	left pulmonary artery	left pulmonary artery	3521
CL:0000071	blood vessel endothelial cell	blood vessel endothelial cell	UBERON:0001652	left pulmonary artery	left pulmonary artery	3525
CL:0000071	blood vessel endothelial cell	blood vessel endothelial cell	UBERON:0001652	left pulmonary artery	left pulmonary artery	3537
CL:0000071	blood vessel endothelial cell	blood vessel endothelial cell	UBERON:0001652	left pulmonary artery	left pulmonary artery	3577
CL:0000071	blood vessel endothelial cell	blood vessel endothelial cell	UBERON:8600060	subsegmental pulmonary artery	subsegmental pulmonary artery	3581
CL:0000071	blood vessel endothelial cell	blood vessel endothelial cell	UBERON:8600077	pulmonary arteriole	pulmonary arteriole	3585
CL:0000071	blood vessel endothelial cell	blood vessel endothelial cell	UBERON:8600094	intra-acinar arteriole	intra-acinar arteriole	3589
CL:0000071	blood vessel endothelial cell	blood vessel endothelial cell	UBERON:8600094	intra-acinar arteriole	intra-acinar arteriole	3593
CL:0000071	blood vessel endothelial cell	blood vessel endothelial cell	UBERON:0016405	pulmonary capillary	pulmonary capillary	3597
CL:0000071	blood vessel endothelial cell	blood vessel endothelial cell	UBERON:0001651	right pulmonary artery	right pulmonary artery	3599
CL:0000071	blood vessel endothelial cell	blood vessel endothelial cell	UBERON:0002333	pulmonary trunk	pulmonary trunk	3517
CL:0000071	blood vessel endothelial cell	blood vessel endothelial cell	UBERON:0001588	vertebral vein	vertebral vein	3490
CL:0000071	blood vessel endothelial cell	blood vessel endothelial cell	UBERON:0001588	vertebral vein	vertebral vein	3488
CL:0000071	blood vessel endothelial cell	blood vessel endothelial cell	UBERON:0001588	vertebral vein	vertebral vein	3486
CL:0000071	blood vessel endothelial cell	blood vessel endothelial cell	UBERON:8600093	ulnar vein	ulnar vein	3434
CL:0000071	blood vessel endothelial cell	blood vessel endothelial cell	UBERON:0001412	common palmar digital vein	common palmar digital vein	3436
CL:0000071	blood vessel endothelial cell	blood vessel endothelial cell	UBERON:0004561	proper palmar digital vein	proper palmar digital vein	3438
CL:0000071	blood vessel endothelial cell	blood vessel endothelial cell	UBERON:0001106	cephalic vein	cephalic vein	3446
CL:0000071	blood vessel endothelial cell	blood vessel endothelial cell	UBERON:0001106	cephalic vein	cephalic vein	3448
CL:0000071	blood vessel endothelial cell	blood vessel endothelial cell	UBERON:8600073	circumflex humeral vein	circumflex humeral vein	3450
CL:0000071	blood vessel endothelial cell	blood vessel endothelial cell	UBERON:0002088	lateral thoracic vein	lateral thoracic vein	3452
CL:0000071	blood vessel endothelial cell	blood vessel endothelial cell	UBERON:0001420	subscapular vein	subscapular vein	3454
CL:0000071	blood vessel endothelial cell	blood vessel endothelial cell	UBERON:8600074	thoracoacromial vein	thoracoacromial vein	3456
CL:0000071	blood vessel endothelial cell	blood vessel endothelial cell	UBERON:0002089	thoracodorsal vein	thoracodorsal vein	3458
CL:0000071	blood vessel endothelial cell	blood vessel endothelial cell	UBERON:0001101	external jugular vein	external jugular vein	3460
CL:0000071	blood vessel endothelial cell	blood vessel endothelial cell	UBERON:0001104	anterior jugular vein	anterior jugular vein	3462
CL:0000071	blood vessel endothelial cell	blood vessel endothelial cell	UBERON:0001104	anterior jugular vein	anterior jugular vein	3464
CL:0000071	blood vessel endothelial cell	blood vessel endothelial cell	UBERON:0001104	anterior jugular vein	anterior jugular vein	3466
CL:0000071	blood vessel endothelial cell	blood vessel endothelial cell	UBERON:0001104	anterior jugular vein	anterior jugular vein	3468
CL:0000071	blood vessel endothelial cell	blood vessel endothelial cell	UBERON:0006199	posterior auricular vein	posterior auricular vein	3470
CL:0000071	blood vessel endothelial cell	blood vessel endothelial cell	UBERON:0001101	external jugular vein	external jugular vein	3472
CL:0000071	blood vessel endothelial cell	blood vessel endothelial cell	UBERON:0001656	retromandibular vein	retromandibular vein #2	3474
CL:0000071	blood vessel endothelial cell	blood vessel endothelial cell	UBERON:0035249	posterior external jugular vein	posterior external jugular vein	3476
CL:0000071	blood vessel endothelial cell	blood vessel endothelial cell	UBERON:0001101	external jugular vein	external jugular vein	3478
CL:0000071	blood vessel endothelial cell	blood vessel endothelial cell	UBERON:8600075	transverse cervical vein	transverse cervical vein	3480
CL:0000071	blood vessel endothelial cell	blood vessel endothelial cell	UBERON:8600054	supreme intercostal vein	supreme intercostal vein	3482
CL:0000071	blood vessel endothelial cell	blood vessel endothelial cell	UBERON:0001588	vertebral vein	vertebral vein	3484
CL:0000071	blood vessel endothelial cell	blood vessel endothelial cell	UBERON:8600092	radial vein	radial vein	3430
CL:0000071	blood vessel endothelial cell	blood vessel endothelial cell	UBERON:8600071	sublingual vein	sublingual vein	3324
CL:0000071	blood vessel endothelial cell	blood vessel endothelial cell	UBERON:8600071	sublingual vein	sublingual vein	3320
CL:0000071	blood vessel endothelial cell	blood vessel endothelial cell	UBERON:8600071	sublingual vein	sublingual vein	3318
CL:0000071	blood vessel endothelial cell	blood vessel endothelial cell	UBERON:0012199	posterior intercostal vein	posterior intercostal vein	3153
CL:0000071	blood vessel endothelial cell	blood vessel endothelial cell	UBERON:0001594	azygos vein	azygos vein	3155
CL:0000071	blood vessel endothelial cell	blood vessel endothelial cell	UBERON:0001594	azygos vein	azygos vein	3157
CL:0000071	blood vessel endothelial cell	blood vessel endothelial cell	UBERON:0001594	azygos vein	azygos vein	3159
CL:0000071	blood vessel endothelial cell	blood vessel endothelial cell	UBERON:0001594	azygos vein	azygos vein	3161
CL:0000071	blood vessel endothelial cell	blood vessel endothelial cell	UBERON:0001594	azygos vein	azygos vein	3163
CL:0000071	blood vessel endothelial cell	blood vessel endothelial cell	UBERON:0001594	azygos vein	azygos vein	3165
CL:0000071	blood vessel endothelial cell	blood vessel endothelial cell	UBERON:0001594	azygos vein	azygos vein	3167
CL:0000071	blood vessel endothelial cell	blood vessel endothelial cell	UBERON:0001594	azygos vein	azygos vein	3169
CL:0000071	blood vessel endothelial cell	blood vessel endothelial cell	UBERON:0035474	right subcostal vein	right subcostal vein	3171
CL:0000071	blood vessel endothelial cell	blood vessel endothelial cell	UBERON:0012199	posterior intercostal vein	posterior intercostal vein	3151
CL:0000071	blood vessel endothelial cell	blood vessel endothelial cell	UBERON:0012196	right superior intercostal vein	right superior intercostal vein	3173
CL:0000071	blood vessel endothelial cell	blood vessel endothelial cell	UBERON:0012196	right superior intercostal vein	right superior intercostal vein	3177
CL:0000071	blood vessel endothelial cell	blood vessel endothelial cell	UBERON:0012196	right superior intercostal vein	right superior intercostal vein	3179
CL:0000071	blood vessel endothelial cell	blood vessel endothelial cell	UBERON:0012194	superior intercostal vein	superior intercostal vein	3181
CL:0000071	blood vessel endothelial cell	blood vessel endothelial cell	UBERON:0012237	superior phrenic vein	superior phrenic vein	3183
CL:0000071	blood vessel endothelial cell	blood vessel endothelial cell	UBERON:0003711	brachiocephalic vein	brachiocephalic vein	3185
CL:0000071	blood vessel endothelial cell	blood vessel endothelial cell	UBERON:0007156	inferior thyroid vein	inferior thyroid vein	3187
CL:0000071	blood vessel endothelial cell	blood vessel endothelial cell	UBERON:0007156	inferior thyroid vein	inferior thyroid vein	3189
CL:0000071	blood vessel endothelial cell	blood vessel endothelial cell	UBERON:0007156	inferior thyroid vein	inferior thyroid vein	3191
CL:0000071	blood vessel endothelial cell	blood vessel endothelial cell	UBERON:0007156	inferior thyroid vein	inferior thyroid vein	3193
CL:0000071	blood vessel endothelial cell	blood vessel endothelial cell	UBERON:0001586	internal jugular vein	internal jugular vein	3195
CL:0000071	blood vessel endothelial cell	blood vessel endothelial cell	UBERON:0012196	right superior intercostal vein	right superior intercostal vein	3175
CL:0000071	blood vessel endothelial cell	blood vessel endothelial cell	UBERON:0012199	posterior intercostal vein	posterior intercostal vein	3149
CL:0000071	blood vessel endothelial cell	blood vessel endothelial cell	UBERON:0012199	posterior intercostal vein	posterior intercostal vein	3147
CL:0000071	blood vessel endothelial cell	blood vessel endothelial cell	UBERON:0035252	left subcostal vein	left subcostal vein	3145
CL:0000071	blood vessel endothelial cell	blood vessel endothelial cell	UBERON:0001072	inferior vena cava	inferior vena cava	3097
CL:0000071	blood vessel endothelial cell	blood vessel endothelial cell	UBERON:0001072	inferior vena cava	inferior vena cava	3099
CL:0000071	blood vessel endothelial cell	blood vessel endothelial cell	UBERON:0001141	right renal vein	right renal vein	3101
CL:0000071	blood vessel endothelial cell	blood vessel endothelial cell	UBERON:0035435	right suprarenal vein	right suprarenal vein	3103
CL:0000071	blood vessel endothelial cell	blood vessel endothelial cell	UBERON:0000442	right testicular vein	right testicular vein	3105
CL:0000071	blood vessel endothelial cell	blood vessel endothelial cell	UBERON:0001330	pampiniform plexus	pampiniform venous plexus	3107
CL:0000071	blood vessel endothelial cell	blood vessel endothelial cell	UBERON:0000442	right testicular vein	right testicular vein	3109
CL:0000071	blood vessel endothelial cell	blood vessel endothelial cell	UBERON:0001585	anterior vena cava	superior vena cava	3113
CL:0000071	blood vessel endothelial cell	blood vessel endothelial cell	UBERON:0001594	azygos vein	azygos vein	3115
CL:0000071	blood vessel endothelial cell	blood vessel endothelial cell	UBERON:0006665	accessory hemiazygos vein	accessory hemiazygos vein	3117
CL:0000071	blood vessel endothelial cell	blood vessel endothelial cell	UBERON:0001592	bronchial vein	bronchial vein	3119
CL:0000071	blood vessel endothelial cell	blood vessel endothelial cell	UBERON:8600067	bronchial venule	bronchial venule	3121
CL:0000071	blood vessel endothelial cell	blood vessel endothelial cell	UBERON:0006665	accessory hemiazygos vein	accessory hemiazygos vein	3123
CL:0000071	blood vessel endothelial cell	blood vessel endothelial cell	UBERON:0006665	accessory hemiazygos vein	accessory hemiazygos vein	3125
CL:0000071	blood vessel endothelial cell	blood vessel endothelial cell	UBERON:0006665	accessory hemiazygos vein	accessory hemiazygos vein	3127
CL:0000071	blood vessel endothelial cell	blood vessel endothelial cell	UBERON:0006665	accessory hemiazygos vein	accessory hemiazygos vein	3129
CL:0000071	blood vessel endothelial cell	blood vessel endothelial cell	UBERON:0006665	accessory hemiazygos vein	accessory hemiazygos vein	3131
CL:0000071	blood vessel endothelial cell	blood vessel endothelial cell	UBERON:0006665	accessory hemiazygos vein	accessory hemiazygos vein	3133
CL:0000071	blood vessel endothelial cell	blood vessel endothelial cell	UBERON:8600053	esophageal vein	esophageal vein	3135
CL:0000071	blood vessel endothelial cell	blood vessel endothelial cell	UBERON:0006663	hemiazygos vein	hemiazygos vein	3137
CL:0000071	blood vessel endothelial cell	blood vessel endothelial cell	UBERON:0006663	hemiazygos vein	hemiazygos vein	3139
CL:0000071	blood vessel endothelial cell	blood vessel endothelial cell	UBERON:0006663	hemiazygos vein	hemiazygos vein	3141
CL:0000071	blood vessel endothelial cell	blood vessel endothelial cell	UBERON:0006663	hemiazygos vein	hemiazygos vein	3143
CL:0000071	blood vessel endothelial cell	blood vessel endothelial cell	UBERON:0001586	internal jugular vein	internal jugular vein	3197
CL:0000071	blood vessel endothelial cell	blood vessel endothelial cell	UBERON:0001656	retromandibular vein	retromandibular vein	3201
CL:0000071	blood vessel endothelial cell	blood vessel endothelial cell	UBERON:0001656	retromandibular vein	retromandibular vein	3203
CL:0000071	blood vessel endothelial cell	blood vessel endothelial cell	UBERON:0001660	maxillary vein	maxillary vein	3205
CL:0000071	blood vessel endothelial cell	blood vessel endothelial cell	UBERON:0003477	vein of upper lip	superior labial vein	3271
CL:0000071	blood vessel endothelial cell	blood vessel endothelial cell	UBERON:0007160	inferior petrosal sinus	inferior petrosal sinus	3275
CL:0000071	blood vessel endothelial cell	blood vessel endothelial cell	UBERON:0003712	cavernous sinus	cavernous sinus	3276
CL:0000071	blood vessel endothelial cell	blood vessel endothelial cell	UBERON:0001673	central retinal vein	central retinal vein	3277
CL:0000071	blood vessel endothelial cell	blood vessel endothelial cell	UBERON:0036300	tributary of central retinal vein	tributary of central retinal vein	3279
CL:0000071	blood vessel endothelial cell	blood vessel endothelial cell	UBERON:8600090	hypophyseal vein	hypophyseal vein	3281
CL:0000071	blood vessel endothelial cell	blood vessel endothelial cell	UBERON:0011193	inferior ophthalmic vein	inferior ophthalmic vein	3283
CL:0000071	blood vessel endothelial cell	blood vessel endothelial cell	UBERON:0035547	posterior ciliary vein	vorticose vein	3285
CL:0000071	blood vessel endothelial cell	blood vessel endothelial cell	UBERON:0035231	superficial middle cerebral vein	superficial middle cerebral vein	3287
CL:0000071	blood vessel endothelial cell	blood vessel endothelial cell	UBERON:0035231	superficial middle cerebral vein	superficial middle cerebral vein	3289
CL:0000071	blood vessel endothelial cell	blood vessel endothelial cell	UBERON:0011192	superior ophthalmic vein	superior ophthalmic vein	3290
CL:0000071	blood vessel endothelial cell	blood vessel endothelial cell	UBERON:0011192	superior ophthalmic vein	superior ophthalmic vein	3292
CL:0000071	blood vessel endothelial cell	blood vessel endothelial cell	UBERON:0011192	superior ophthalmic vein	superior ophthalmic vein	3294
CL:0000071	blood vessel endothelial cell	blood vessel endothelial cell	UBERON:0018256	lacrimal vein	lacrimal vein	3296
CL:0000071	blood vessel endothelial cell	blood vessel endothelial cell	UBERON:0004689	naso-frontal vein	nasofrontal vein	3298
CL:0000071	blood vessel endothelial cell	blood vessel endothelial cell	UBERON:0035547	posterior ciliary vein	vorticose vein #2	3300
CL:0000071	blood vessel endothelial cell	blood vessel endothelial cell	UBERON:0006634	lingual vein	lingual vein	3302
CL:0000071	blood vessel endothelial cell	blood vessel endothelial cell	UBERON:8600069	deep lingual vein	deep lingual vein	3304
CL:0000071	blood vessel endothelial cell	blood vessel endothelial cell	UBERON:8600069	deep lingual vein	deep lingual vein	3306
CL:0000071	blood vessel endothelial cell	blood vessel endothelial cell	UBERON:8600069	deep lingual vein	deep lingual vein	3308
CL:0000071	blood vessel endothelial cell	blood vessel endothelial cell	UBERON:8600070	dorsal lingual vein	dorsal lingual vein	3310
CL:0000071	blood vessel endothelial cell	blood vessel endothelial cell	UBERON:8600070	dorsal lingual vein	dorsal lingual vein	3312
CL:0000071	blood vessel endothelial cell	blood vessel endothelial cell	UBERON:0006634	lingual vein	lingual vein	3314
CL:0000071	blood vessel endothelial cell	blood vessel endothelial cell	UBERON:0003477	vein of upper lip	superior labial vein	3269
CL:0000071	blood vessel endothelial cell	blood vessel endothelial cell	UBERON:0002456	internal thoracic artery	internal thoracic artery	2439
CL:0000071	blood vessel endothelial cell	blood vessel endothelial cell	UBERON:0001655	submental vein	submental vein	3267
CL:0000071	blood vessel endothelial cell	blood vessel endothelial cell	UBERON:8600068	mental vein	mental vein	3263
CL:0000071	blood vessel endothelial cell	blood vessel endothelial cell	UBERON:0014685	pterygoid plexus	pterygoid venous plexus	3207
CL:0000071	blood vessel endothelial cell	blood vessel endothelial cell	UBERON:0014685	pterygoid plexus	pterygoid venous plexus	3209
CL:0000071	blood vessel endothelial cell	blood vessel endothelial cell	UBERON:0001661	deep temporal vein	deep temporal vein	3211
CL:0000071	blood vessel endothelial cell	blood vessel endothelial cell	UBERON:0014685	pterygoid plexus	pterygoid venous plexus	3213
CL:0000071	blood vessel endothelial cell	blood vessel endothelial cell	UBERON:0014685	pterygoid plexus	pterygoid venous plexus	3219
CL:0000071	blood vessel endothelial cell	blood vessel endothelial cell	UBERON:0014685	pterygoid plexus	pterygoid venous plexus	3221
CL:0000071	blood vessel endothelial cell	blood vessel endothelial cell	UBERON:0014685	pterygoid plexus	pterygoid venous plexus	3225
CL:0000071	blood vessel endothelial cell	blood vessel endothelial cell	UBERON:0001658	middle temporal vein	middle temporal vein	3231
CL:0000071	blood vessel endothelial cell	blood vessel endothelial cell	UBERON:0001657	superficial temporal vein	superficial temporal vein	3233
CL:0000071	blood vessel endothelial cell	blood vessel endothelial cell	UBERON:0001659	transverse facial vein	transverse facial vein	3235
CL:0000071	blood vessel endothelial cell	blood vessel endothelial cell	UBERON:0001656	retromandibular vein	retromandibular vein	3237
CL:0000071	blood vessel endothelial cell	blood vessel endothelial cell	UBERON:0001659	transverse facial vein	transverse facial vein #2	3239
CL:0000071	blood vessel endothelial cell	blood vessel endothelial cell	UBERON:0001653	facial vein	facial vein	3241
CL:0000071	blood vessel endothelial cell	blood vessel endothelial cell	UBERON:0014686	angular vein	angular vein	3243
CL:0000071	blood vessel endothelial cell	blood vessel endothelial cell	UBERON:8600087	external nasal vein	external nasal vein	3245
CL:0000071	blood vessel endothelial cell	blood vessel endothelial cell	UBERON:0002459	inferior palpebral vein	inferior palpebral vein	3247
CL:0000071	blood vessel endothelial cell	blood vessel endothelial cell	UBERON:0014768	superior palpebral vein	superior palpebral vein	3249
CL:0000071	blood vessel endothelial cell	blood vessel endothelial cell	UBERON:0001654	supraorbital vein	supraorbital vein	3251
CL:0000071	blood vessel endothelial cell	blood vessel endothelial cell	UBERON:8600088	supratrochlear vein	supratrochlear vein	3253
CL:0000071	blood vessel endothelial cell	blood vessel endothelial cell	UBERON:8600089	transverse nasal root vein	transverse nasal root vein	3255
CL:0000071	blood vessel endothelial cell	blood vessel endothelial cell	UBERON:0035659	deep facial vein	deep facial vein	3257
CL:0000071	blood vessel endothelial cell	blood vessel endothelial cell	UBERON:0003478	vein of lower lip	inferior labial vein	3259
CL:0000071	blood vessel endothelial cell	blood vessel endothelial cell	UBERON:0003478	vein of lower lip	inferior labial vein	3261
CL:0000071	blood vessel endothelial cell	blood vessel endothelial cell	UBERON:0035662	parotid vein	parotid vein	3265
CL:0000071	blood vessel endothelial cell	blood vessel endothelial cell	UBERON:0002456	internal thoracic artery	internal thoracic artery	2435
CL:0000071	blood vessel endothelial cell	blood vessel endothelial cell	UBERON:0006632	musculo-phrenic artery	musculophrenic artery	2455
CL:0000071	blood vessel endothelial cell	blood vessel endothelial cell	UBERON:0001651	right pulmonary artery	right pulmonary artery	3639
CL:0000071	blood vessel endothelial cell	blood vessel endothelial cell	UBERON:0002070	superior pancreaticoduodenal artery	superior pancreaticoduodenal artery	773
CL:0000071	blood vessel endothelial cell	blood vessel endothelial cell	UBERON:0002070	superior pancreaticoduodenal artery	superior pancreaticoduodenal artery	777
CL:0000071	blood vessel endothelial cell	blood vessel endothelial cell	UBERON:0002070	superior pancreaticoduodenal artery	superior pancreaticoduodenal artery	781
CL:0000071	blood vessel endothelial cell	blood vessel endothelial cell	UBERON:0010132	gastroduodenal artery	gastroduodenal artery	785
CL:0000071	blood vessel endothelial cell	blood vessel endothelial cell	UBERON:0015480	proper hepatic artery	proper hepatic artery	789
CL:0000071	blood vessel endothelial cell	blood vessel endothelial cell	UBERON:0015481	left hepatic artery	left hepatic artery	793
CL:0000071	blood vessel endothelial cell	blood vessel endothelial cell	UBERON:0015481	left hepatic artery	left hepatic artery	797
CL:0000071	blood vessel endothelial cell	blood vessel endothelial cell	UBERON:0015481	left hepatic artery	left hepatic artery	801
CL:0000071	blood vessel endothelial cell	blood vessel endothelial cell	UBERON:0015481	left hepatic artery	left hepatic artery	813
CL:0000071	blood vessel endothelial cell	blood vessel endothelial cell	UBERON:0015481	left hepatic artery	left hepatic artery	825
CL:0000071	blood vessel endothelial cell	blood vessel endothelial cell	UBERON:0015482	right hepatic artery	right hepatic artery	833
CL:0000071	blood vessel endothelial cell	blood vessel endothelial cell	UBERON:0015482	right hepatic artery	right hepatic artery	837
CL:0000071	blood vessel endothelial cell	blood vessel endothelial cell	UBERON:0015482	right hepatic artery	right hepatic artery	841
CL:0000071	blood vessel endothelial cell	blood vessel endothelial cell	UBERON:0015482	right hepatic artery	right hepatic artery	853
CL:0000071	blood vessel endothelial cell	blood vessel endothelial cell	UBERON:0015482	right hepatic artery	right hepatic artery	857
CL:0000071	blood vessel endothelial cell	blood vessel endothelial cell	UBERON:0005436	common hepatic artery	common hepatic artery	869
CL:0000071	blood vessel endothelial cell	blood vessel endothelial cell	UBERON:0001192	left gastric artery	left gastric artery	873
CL:0000071	blood vessel endothelial cell	blood vessel endothelial cell	UBERON:0001192	left gastric artery	left gastric artery	877
CL:0000071	blood vessel endothelial cell	blood vessel endothelial cell	UBERON:0001194	splenic artery	splenic artery	881
CL:0000071	blood vessel endothelial cell	blood vessel endothelial cell	UBERON:0001194	splenic artery	splenic artery	885
CL:0000071	blood vessel endothelial cell	blood vessel endothelial cell	UBERON:0001194	splenic artery	splenic artery	889
CL:0000071	blood vessel endothelial cell	blood vessel endothelial cell	UBERON:0035829	right gastroepiploic artery	right gastroepiploic artery	769
CL:0000071	blood vessel endothelial cell	blood vessel endothelial cell	UBERON:0010132	gastroduodenal artery	gastroduodenal artery	765
CL:0000071	blood vessel endothelial cell	blood vessel endothelial cell	UBERON:0010132	gastroduodenal artery	gastroduodenal artery	761
CL:0000071	blood vessel endothelial cell	blood vessel endothelial cell	UBERON:0005436	common hepatic artery	common hepatic artery	757
CL:0000071	blood vessel endothelial cell	blood vessel endothelial cell	UBERON:0001619	ophthalmic artery	ophthalmic artery	655
CL:0000071	blood vessel endothelial cell	blood vessel endothelial cell	UBERON:0012318	anterior ethmoidal artery	anterior ethmoidal artery	659
CL:0000071	blood vessel endothelial cell	blood vessel endothelial cell	UBERON:0010251	anterior meningeal artery	anterior meningeal artery	663
CL:0000071	blood vessel endothelial cell	blood vessel endothelial cell	UBERON:0001620	central retinal artery	central retinal artery	667
CL:0000071	blood vessel endothelial cell	blood vessel endothelial cell	UBERON:0001623	dorsal nasal artery	dorsal nasal artery	671
CL:0000071	blood vessel endothelial cell	blood vessel endothelial cell	UBERON:0002270	hyaloid artery	hyaloid artery	675
CL:0000071	blood vessel endothelial cell	blood vessel endothelial cell	UBERON:0001622	lacrimal artery	lacrimal artery	679
CL:0000071	blood vessel endothelial cell	blood vessel endothelial cell	UBERON:0014772	lateral palpebral artery	lateral palpebral artery	683
CL:0000071	blood vessel endothelial cell	blood vessel endothelial cell	UBERON:0001622	lacrimal artery	lacrimal artery	687
CL:0000071	blood vessel endothelial cell	blood vessel endothelial cell	UBERON:0001622	lacrimal artery	lacrimal artery	691
CL:0000071	blood vessel endothelial cell	blood vessel endothelial cell	UBERON:0001194	splenic artery	splenic artery	897
CL:0000071	blood vessel endothelial cell	blood vessel endothelial cell	UBERON:0001622	lacrimal artery	lacrimal artery	695
CL:0000071	blood vessel endothelial cell	blood vessel endothelial cell	UBERON:0014773	medial palpebral artery	medial palpebral artery	703
CL:0000071	blood vessel endothelial cell	blood vessel endothelial cell	UBERON:0012319	posterior ethmoidal artery	posterior ethmoidal artery	707
CL:0000071	blood vessel endothelial cell	blood vessel endothelial cell	UBERON:0001619	ophthalmic artery	ophthalmic artery	711
CL:0000071	blood vessel endothelial cell	blood vessel endothelial cell	UBERON:0005336	capillary layer of choroid	capillary layer of choroid	715
CL:0000071	blood vessel endothelial cell	blood vessel endothelial cell	UBERON:0015160	supraorbital artery	supraorbital artery	717
CL:0000071	blood vessel endothelial cell	blood vessel endothelial cell	UBERON:0012187	frontal artery	supratrochlear artery	721
CL:0000071	blood vessel endothelial cell	blood vessel endothelial cell	UBERON:0001628	posterior communicating artery	posterior communicating artery	725
CL:0000071	blood vessel endothelial cell	blood vessel endothelial cell	UBERON:0035404	superior hypophysial artery	superior hypophyseal artery	729
CL:0000071	blood vessel endothelial cell	blood vessel endothelial cell	UBERON:0035404	superior hypophysial artery	superior hypophyseal artery	733
CL:0000071	blood vessel endothelial cell	blood vessel endothelial cell	UBERON:0001640	celiac artery	celiac artery	753
CL:0000071	blood vessel endothelial cell	blood vessel endothelial cell	UBERON:0001619	ophthalmic artery	ophthalmic artery	699
CL:0000071	blood vessel endothelial cell	blood vessel endothelial cell	UBERON:0001619	ophthalmic artery	ophthalmic artery	651
CL:0000071	blood vessel endothelial cell	blood vessel endothelial cell	UBERON:0001194	splenic artery	splenic artery	901
CL:0000071	blood vessel endothelial cell	blood vessel endothelial cell	UBERON:0001194	splenic artery	splenic artery	909
CL:0000071	blood vessel endothelial cell	blood vessel endothelial cell	UBERON:0001537	anterior tibial artery	anterior tibial artery	1102
CL:0000071	blood vessel endothelial cell	blood vessel endothelial cell	UBERON:0001537	anterior tibial artery	anterior tibial artery	1106
CL:0000071	blood vessel endothelial cell	blood vessel endothelial cell	UBERON:0001610	lingual artery	lingual artery	187
CL:0000071	blood vessel endothelial cell	blood vessel endothelial cell	UBERON:0001539	dorsalis pedis artery	dorsalis pedis artery	1110
CL:0000071	blood vessel endothelial cell	blood vessel endothelial cell	UBERON:0002456	internal thoracic artery	internal thoracic artery	2431
CL:0000071	blood vessel endothelial cell	blood vessel endothelial cell	UBERON:0034927	arcuate artery of foot	arcuate artery of foot	1114
CL:0000071	blood vessel endothelial cell	blood vessel endothelial cell	UBERON:0034927	arcuate artery of foot	arcuate artery of foot	1118
CL:0000071	blood vessel endothelial cell	blood vessel endothelial cell	UBERON:0001612	facial artery	facial artery	183
CL:0000071	blood vessel endothelial cell	blood vessel endothelial cell	UBERON:0034927	arcuate artery of foot	arcuate artery of foot	1134
CL:0000071	blood vessel endothelial cell	blood vessel endothelial cell	UBERON:0003470	artery of upper lip	superior labial artery	177
CL:0000071	blood vessel endothelial cell	blood vessel endothelial cell	UBERON:0034927	arcuate artery of foot	arcuate artery of foot	1146
CL:0000071	blood vessel endothelial cell	blood vessel endothelial cell	UBERON:0001539	dorsalis pedis artery	dorsalis pedis artery	1158
CL:0000071	blood vessel endothelial cell	blood vessel endothelial cell	UBERON:0001539	dorsalis pedis artery	dorsalis pedis artery	1162
CL:0000071	blood vessel endothelial cell	blood vessel endothelial cell	UBERON:0001539	dorsalis pedis artery	dorsalis pedis artery	1178
CL:0000071	blood vessel endothelial cell	blood vessel endothelial cell	UBERON:0001553	medial tarsal artery	medial tarsal artery	1182
CL:0000071	blood vessel endothelial cell	blood vessel endothelial cell	UBERON:0001537	anterior tibial artery	anterior tibial artery	1186
CL:0000071	blood vessel endothelial cell	blood vessel endothelial cell	UBERON:0001537	anterior tibial artery	anterior tibial artery	1190
CL:0000071	blood vessel endothelial cell	blood vessel endothelial cell	UBERON:0002250	popliteal artery	popliteal artery	1194
CL:0000071	blood vessel endothelial cell	blood vessel endothelial cell	UBERON:0002250	popliteal artery	popliteal artery	1198
CL:0000071	blood vessel endothelial cell	blood vessel endothelial cell	UBERON:0002250	popliteal artery	popliteal artery	1202
CL:0000071	blood vessel endothelial cell	blood vessel endothelial cell	UBERON:0002250	popliteal artery	popliteal artery	1206
CL:0000071	blood vessel endothelial cell	blood vessel endothelial cell	UBERON:0001537	anterior tibial artery	anterior tibial artery	1094
CL:0000071	blood vessel endothelial cell	blood vessel endothelial cell	UBERON:0001537	anterior tibial artery	anterior tibial artery	1090
CL:0000071	blood vessel endothelial cell	blood vessel endothelial cell	UBERON:0002250	popliteal artery	popliteal artery	1086
CL:0000071	blood vessel endothelial cell	blood vessel endothelial cell	UBERON:0015350	saphenous artery	saphenous branch of descending genicular artery	1082
CL:0000071	blood vessel endothelial cell	blood vessel endothelial cell	UBERON:0010399	spleen trabecular artery	spleen trabecular artery	917
CL:0000071	blood vessel endothelial cell	blood vessel endothelial cell	UBERON:0010401	spleen central arteriole	spleen central arteriole	921
CL:0000071	blood vessel endothelial cell	blood vessel endothelial cell	UBERON:0010401	spleen central arteriole	spleen central arteriole	925
CL:0000071	blood vessel endothelial cell	blood vessel endothelial cell	UBERON:0013132	penicillar arteriole	penicillar arteriole of spleen	938
CL:0000071	blood vessel endothelial cell	blood vessel endothelial cell	UBERON:0013132	penicillar arteriole	penicillar arteriole of spleen	942
CL:0000071	blood vessel endothelial cell	blood vessel endothelial cell	UBERON:0010401	spleen central arteriole	spleen central arteriole	944
CL:0000071	blood vessel endothelial cell	blood vessel endothelial cell	UBERON:0001194	splenic artery	splenic artery	948
CL:0000071	blood vessel endothelial cell	blood vessel endothelial cell	UBERON:0001194	splenic artery	splenic artery	1002
CL:0000071	blood vessel endothelial cell	blood vessel endothelial cell	UBERON:0001194	splenic artery	splenic artery	1006
CL:0000071	blood vessel endothelial cell	blood vessel endothelial cell	UBERON:0001191	common iliac artery	common iliac artery	1010
CL:0000071	blood vessel endothelial cell	blood vessel endothelial cell	UBERON:0035830	left gastroepiploic artery	left gastroepiploic artery	905
CL:0000071	blood vessel endothelial cell	blood vessel endothelial cell	UBERON:0001308	external iliac artery	external iliac artery	1014
CL:0000071	blood vessel endothelial cell	blood vessel endothelial cell	UBERON:0007316	deep external pudendal artery	deep external pudendal artery	1022
CL:0000071	blood vessel endothelial cell	blood vessel endothelial cell	UBERON:0001355	deep femoral artery	deep femoral artery	1026
CL:0000071	blood vessel endothelial cell	blood vessel endothelial cell	UBERON:0001355	deep femoral artery	deep femoral artery	1030
CL:0000071	blood vessel endothelial cell	blood vessel endothelial cell	UBERON:0001356	medial circumflex femoral artery	medial circumflex femoral artery	1042
CL:0000071	blood vessel endothelial cell	blood vessel endothelial cell	UBERON:0001356	medial circumflex femoral artery	medial circumflex femoral artery	1046
CL:0000071	blood vessel endothelial cell	blood vessel endothelial cell	UBERON:0001356	medial circumflex femoral artery	medial circumflex femoral artery	1050
CL:0000071	blood vessel endothelial cell	blood vessel endothelial cell	UBERON:0001355	deep femoral artery	deep femoral artery	1054
CL:0000071	blood vessel endothelial cell	blood vessel endothelial cell	UBERON:0009041	superficial circumflex iliac artery	superficial circumflex iliac artery	1058
CL:0000071	blood vessel endothelial cell	blood vessel endothelial cell	UBERON:0034964	superficial epigastric artery	superficial epigastric artery	1062
CL:0000071	blood vessel endothelial cell	blood vessel endothelial cell	UBERON:0007317	superficial external pudendal artery	superficial external pudendal artery	1066
CL:0000071	blood vessel endothelial cell	blood vessel endothelial cell	UBERON:0001308	external iliac artery	external iliac artery	1018
CL:0000071	blood vessel endothelial cell	blood vessel endothelial cell	UBERON:0002250	popliteal artery	popliteal artery	1210
CL:0000071	blood vessel endothelial cell	blood vessel endothelial cell	UBERON:0001627	middle cerebral artery	middle cerebral artery	647
CL:0000071	blood vessel endothelial cell	blood vessel endothelial cell	UBERON:0035222	posterior parietal artery	posterior parietal artery	639
CL:0000071	blood vessel endothelial cell	blood vessel endothelial cell	UBERON:0014693	inferior alveolar artery	inferior alveolar artery	323
CL:0000071	blood vessel endothelial cell	blood vessel endothelial cell	UBERON:0014693	inferior alveolar artery	inferior alveolar artery	327
CL:0000071	blood vessel endothelial cell	blood vessel endothelial cell	UBERON:0004646	infraorbital artery	infraorbital artery	333
CL:0000071	blood vessel endothelial cell	blood vessel endothelial cell	UBERON:0004646	infraorbital artery	infraorbital artery	337
CL:0000071	blood vessel endothelial cell	blood vessel endothelial cell	UBERON:0013648	masseteric artery	masseteric artery	341
CL:0000071	blood vessel endothelial cell	blood vessel endothelial cell	UBERON:0010250	middle meningeal artery	middle meningeal artery	345
CL:0000071	blood vessel endothelial cell	blood vessel endothelial cell	UBERON:0001616	maxillary artery	maxillary artery	349
CL:0000071	blood vessel endothelial cell	blood vessel endothelial cell	UBERON:0001616	maxillary artery	maxillary artery	353
CL:0000071	blood vessel endothelial cell	blood vessel endothelial cell	UBERON:0018397	posterior superior alveolar artery	posterior superior alveolar artery	357
CL:0000071	blood vessel endothelial cell	blood vessel endothelial cell	UBERON:0018397	posterior superior alveolar artery	posterior superior alveolar artery	361
CL:0000071	blood vessel endothelial cell	blood vessel endothelial cell	UBERON:0018397	posterior superior alveolar artery	posterior superior alveolar artery	367
CL:0000071	blood vessel endothelial cell	blood vessel endothelial cell	UBERON:0018397	posterior superior alveolar artery	posterior superior alveolar artery	373
CL:0000071	blood vessel endothelial cell	blood vessel endothelial cell	UBERON:0001616	maxillary artery	maxillary artery	375
CL:0000071	blood vessel endothelial cell	blood vessel endothelial cell	UBERON:0001616	maxillary artery	maxillary artery	379
CL:0000071	blood vessel endothelial cell	blood vessel endothelial cell	UBERON:0001613	occipital artery	occipital artery	391
CL:0000071	blood vessel endothelial cell	blood vessel endothelial cell	UBERON:0001613	occipital artery	occipital artery	395
CL:0000071	blood vessel endothelial cell	blood vessel endothelial cell	UBERON:0001613	occipital artery	occipital artery	399
CL:0000071	blood vessel endothelial cell	blood vessel endothelial cell	UBERON:0001613	occipital artery	occipital artery	403
CL:0000071	blood vessel endothelial cell	blood vessel endothelial cell	UBERON:0001613	occipital artery	occipital artery	407
CL:0000071	blood vessel endothelial cell	blood vessel endothelial cell	UBERON:0001613	occipital artery	occipital artery	411
CL:0000071	blood vessel endothelial cell	blood vessel endothelial cell	UBERON:0001613	occipital artery	occipital artery	415
CL:0000071	blood vessel endothelial cell	blood vessel endothelial cell	UBERON:0001617	mental artery	mental artery	319
CL:0000071	blood vessel endothelial cell	blood vessel endothelial cell	UBERON:0014693	inferior alveolar artery	inferior alveolar artery	313
CL:0000071	blood vessel endothelial cell	blood vessel endothelial cell	UBERON:0014693	inferior alveolar artery	inferior alveolar artery	309
CL:0000071	blood vessel endothelial cell	blood vessel endothelial cell	UBERON:0014693	inferior alveolar artery	inferior alveolar artery	305
CL:0000071	blood vessel endothelial cell	blood vessel endothelial cell	UBERON:8600098	dorsal lingual artery	dorsal lingual artery	201
CL:0000071	blood vessel endothelial cell	blood vessel endothelial cell	UBERON:8600098	dorsal lingual artery	dorsal lingual artery	205
CL:0000071	blood vessel endothelial cell	blood vessel endothelial cell	UBERON:0001611	sublingual artery	sublingual artery	211
CL:0000071	blood vessel endothelial cell	blood vessel endothelial cell	UBERON:0001611	sublingual artery	sublingual artery	215
CL:0000071	blood vessel endothelial cell	blood vessel endothelial cell	UBERON:0001610	lingual artery	lingual artery	221
CL:0000071	blood vessel endothelial cell	blood vessel endothelial cell	UBERON:0001616	maxillary artery	maxillary artery	227
CL:0000071	blood vessel endothelial cell	blood vessel endothelial cell	UBERON:8600099	accessory meningeal artery	accessory meningeal artery	231
CL:0000071	blood vessel endothelial cell	blood vessel endothelial cell	UBERON:0009654	alveolar artery	alveolar artery	235
CL:0000071	blood vessel endothelial cell	blood vessel endothelial cell	UBERON:0001616	maxillary artery	maxillary artery	239
CL:0000071	blood vessel endothelial cell	blood vessel endothelial cell	UBERON:0001616	maxillary artery	maxillary artery	243
CL:0000071	blood vessel endothelial cell	blood vessel endothelial cell	UBERON:0001613	occipital artery	occipital artery	419
CL:0000071	blood vessel endothelial cell	blood vessel endothelial cell	UBERON:8600100	artery of pterygoid canal	artery of pterygoid canal	247
CL:0000071	blood vessel endothelial cell	blood vessel endothelial cell	UBERON:0001618	buccal artery	buccal artery	255
CL:0000071	blood vessel endothelial cell	blood vessel endothelial cell	UBERON:0014695	deep auricular artery	deep auricular artery	261
CL:0000071	blood vessel endothelial cell	blood vessel endothelial cell	UBERON:0001616	maxillary artery	maxillary artery	265
CL:0000071	blood vessel endothelial cell	blood vessel endothelial cell	UBERON:8600101	descending palatine artery	descending palatine artery	271
CL:0000071	blood vessel endothelial cell	blood vessel endothelial cell	UBERON:0006664	greater palatine artery	greater palatine artery	275
CL:0000071	blood vessel endothelial cell	blood vessel endothelial cell	UBERON:0006664	greater palatine artery	greater palatine artery	279
CL:0000071	blood vessel endothelial cell	blood vessel endothelial cell	UBERON:8600101	descending palatine artery	descending palatine artery	285
CL:0000071	blood vessel endothelial cell	blood vessel endothelial cell	UBERON:0014693	inferior alveolar artery	inferior alveolar artery	289
CL:0000071	blood vessel endothelial cell	blood vessel endothelial cell	UBERON:0014693	inferior alveolar artery	inferior alveolar artery	293
CL:0000071	blood vessel endothelial cell	blood vessel endothelial cell	UBERON:8600086	incisor artery	incisor artery	301
CL:0000071	blood vessel endothelial cell	blood vessel endothelial cell	UBERON:0001618	buccal artery	buccal artery	251
CL:0000071	blood vessel endothelial cell	blood vessel endothelial cell	UBERON:0001627	middle cerebral artery	middle cerebral artery	643
CL:0000071	blood vessel endothelial cell	blood vessel endothelial cell	UBERON:0014694	posterior auricular artery	posterior auricular artery	423
CL:0000071	blood vessel endothelial cell	blood vessel endothelial cell	UBERON:0014694	posterior auricular artery	posterior auricular artery	431
CL:0000071	blood vessel endothelial cell	blood vessel endothelial cell	UBERON:0001624	anterior cerebral artery	anterior cerebral artery	541
CL:0000071	blood vessel endothelial cell	blood vessel endothelial cell	UBERON:0001624	anterior cerebral artery	anterior cerebral artery	545
CL:0000071	blood vessel endothelial cell	blood vessel endothelial cell	UBERON:0001624	anterior cerebral artery	anterior cerebral artery	549
CL:0000071	blood vessel endothelial cell	blood vessel endothelial cell	UBERON:0001624	anterior cerebral artery	anterior cerebral artery	553
CL:0000071	blood vessel endothelial cell	blood vessel endothelial cell	UBERON:0001624	anterior cerebral artery	anterior cerebral artery	557
CL:0000071	blood vessel endothelial cell	blood vessel endothelial cell	UBERON:0001624	anterior cerebral artery	anterior cerebral artery	561
CL:0000071	blood vessel endothelial cell	blood vessel endothelial cell	UBERON:0014696	anterior choroidal artery	anterior choroidal artery	565
CL:0000071	blood vessel endothelial cell	blood vessel endothelial cell	UBERON:0007693	caroticotympanic artery	caroticotympanic artery	569
CL:0000071	blood vessel endothelial cell	blood vessel endothelial cell	UBERON:0001532	internal carotid artery	internal carotid artery	573
CL:0000071	blood vessel endothelial cell	blood vessel endothelial cell	UBERON:8600079	dural artery	dural artery	589
CL:0000071	blood vessel endothelial cell	blood vessel endothelial cell	UBERON:0035492	inferior hypophysial artery	inferior hypophyseal artery	593
CL:0000071	blood vessel endothelial cell	blood vessel endothelial cell	UBERON:0035492	inferior hypophysial artery	inferior hypophyseal artery	597
CL:0000071	blood vessel endothelial cell	blood vessel endothelial cell	UBERON:0001627	middle cerebral artery	middle cerebral artery	603
CL:0000071	blood vessel endothelial cell	blood vessel endothelial cell	UBERON:0035225	anterior temporal artery	anterior temporal artery	607
CL:0000071	blood vessel endothelial cell	blood vessel endothelial cell	UBERON:0001627	middle cerebral artery	middle cerebral artery	611
CL:0000071	blood vessel endothelial cell	blood vessel endothelial cell	UBERON:0035462	anterior parietal artery	artery of postcentral sulcus	615
CL:0000071	blood vessel endothelial cell	blood vessel endothelial cell	UBERON:0001627	middle cerebral artery	middle cerebral artery	619
CL:0000071	blood vessel endothelial cell	blood vessel endothelial cell	UBERON:0001627	middle cerebral artery	middle cerebral artery	623
CL:0000071	blood vessel endothelial cell	blood vessel endothelial cell	UBERON:0001627	middle cerebral artery	middle cerebral artery	627
CL:0000071	blood vessel endothelial cell	blood vessel endothelial cell	UBERON:0001627	middle cerebral artery	middle cerebral artery	631
CL:0000071	blood vessel endothelial cell	blood vessel endothelial cell	UBERON:0001627	middle cerebral artery	middle cerebral artery	635
CL:0000071	blood vessel endothelial cell	blood vessel endothelial cell	UBERON:0001624	anterior cerebral artery	anterior cerebral artery	537
CL:0000071	blood vessel endothelial cell	blood vessel endothelial cell	UBERON:0001624	anterior cerebral artery	anterior cerebral artery	533
CL:0000071	blood vessel endothelial cell	blood vessel endothelial cell	UBERON:0001624	anterior cerebral artery	anterior cerebral artery	529
CL:0000071	blood vessel endothelial cell	blood vessel endothelial cell	UBERON:0001624	anterior cerebral artery	anterior cerebral artery	525
CL:0000071	blood vessel endothelial cell	blood vessel endothelial cell	UBERON:0014694	posterior auricular artery	posterior auricular artery	435
CL:0000071	blood vessel endothelial cell	blood vessel endothelial cell	UBERON:0014694	posterior auricular artery	posterior auricular artery	439
CL:0000071	blood vessel endothelial cell	blood vessel endothelial cell	UBERON:0006345	stapedial artery	stapedial artery	443
CL:0000071	blood vessel endothelial cell	blood vessel endothelial cell	UBERON:0014694	posterior auricular artery	posterior auricular artery	447
CL:0000071	blood vessel endothelial cell	blood vessel endothelial cell	UBERON:0001614	superficial temporal artery	superficial temporal artery	451
CL:0000071	blood vessel endothelial cell	blood vessel endothelial cell	UBERON:0001614	superficial temporal artery	superficial temporal artery	455
CL:0000071	blood vessel endothelial cell	blood vessel endothelial cell	UBERON:0001614	superficial temporal artery	superficial temporal artery	459
CL:0000071	blood vessel endothelial cell	blood vessel endothelial cell	UBERON:0035042	middle temporal artery	middle temporal artery	463
CL:0000071	blood vessel endothelial cell	blood vessel endothelial cell	UBERON:0035261	posterior temporal artery	posterior temporal artery	467
CL:0000071	blood vessel endothelial cell	blood vessel endothelial cell	UBERON:0001614	superficial temporal artery	superficial temporal artery	471
CL:0000071	blood vessel endothelial cell	blood vessel endothelial cell	UBERON:0014694	posterior auricular artery	posterior auricular artery	427
CL:0000071	blood vessel endothelial cell	blood vessel endothelial cell	UBERON:0001615	transverse facial artery	transverse facial artery	477
CL:0000071	blood vessel endothelial cell	blood vessel endothelial cell	UBERON:0007150	superior thyroid artery	superior thyroid artery	485
CL:0000071	blood vessel endothelial cell	blood vessel endothelial cell	UBERON:0007150	superior thyroid artery	superior thyroid artery	489
CL:0000071	blood vessel endothelial cell	blood vessel endothelial cell	UBERON:0005608	hyoid artery	infrahyoid artery	493
CL:0000071	blood vessel endothelial cell	blood vessel endothelial cell	UBERON:0007150	superior thyroid artery	superior thyroid artery	497
CL:0000071	blood vessel endothelial cell	blood vessel endothelial cell	UBERON:0007150	superior thyroid artery	superior thyroid artery	501
CL:0000071	blood vessel endothelial cell	blood vessel endothelial cell	UBERON:0001532	internal carotid artery	internal carotid artery	505
CL:0000071	blood vessel endothelial cell	blood vessel endothelial cell	UBERON:0001624	anterior cerebral artery	anterior cerebral artery	509
CL:0000071	blood vessel endothelial cell	blood vessel endothelial cell	UBERON:0006764	anterior communicating artery	anterior communicating artery	513
CL:0000071	blood vessel endothelial cell	blood vessel endothelial cell	UBERON:0001624	anterior cerebral artery	anterior cerebral artery	517
CL:0000071	blood vessel endothelial cell	blood vessel endothelial cell	UBERON:0001624	anterior cerebral artery	anterior cerebral artery	521
CL:0000071	blood vessel endothelial cell	blood vessel endothelial cell	UBERON:0015157	zygomatico-orbital artery	zygomatico-orbital artery	481
CL:0000071	blood vessel endothelial cell	blood vessel endothelial cell	UBERON:8600097	deep lingual artery	deep lingual artery	195
CL:0000071	blood vessel endothelial cell	blood vessel endothelial cell	UBERON:0002250	popliteal artery	popliteal artery	1214
CL:0000071	blood vessel endothelial cell	blood vessel endothelial cell	UBERON:0002250	popliteal artery	popliteal artery	1222
CL:0000071	blood vessel endothelial cell	blood vessel endothelial cell	UBERON:0002040	bronchial artery	bronchial artery	1893
CL:0000071	blood vessel endothelial cell	blood vessel endothelial cell	UBERON:0002040	bronchial artery	bronchial artery	1897
CL:0000071	blood vessel endothelial cell	blood vessel endothelial cell	UBERON:0035539	esophageal artery	esophageal artery	1903
CL:0000071	blood vessel endothelial cell	blood vessel endothelial cell	UBERON:8600080	pericardial artery	pericardial artery	1959
CL:0000071	blood vessel endothelial cell	blood vessel endothelial cell	UBERON:0001561	subcostal artery	subcostal artery	2023
CL:0000071	blood vessel endothelial cell	blood vessel endothelial cell	UBERON:0013133	superior phrenic artery	superior phrenic artery	2031
CL:0000071	blood vessel endothelial cell	blood vessel endothelial cell	UBERON:0001536	left common carotid artery plus branches	left common carotid artery	2035
CL:0000071	blood vessel endothelial cell	blood vessel endothelial cell	UBERON:0001584	left subclavian artery	left subclavian artery	2039
CL:0000071	blood vessel endothelial cell	blood vessel endothelial cell	UBERON:0001533	subclavian artery	subclavian artery	2043
CL:0000071	blood vessel endothelial cell	blood vessel endothelial cell	UBERON:0001531	right common carotid artery plus branches	right common carotid artery	51
CL:0000071	blood vessel endothelial cell	blood vessel endothelial cell	UBERON:0001394	axillary artery	axillary artery	2047
CL:0000071	blood vessel endothelial cell	blood vessel endothelial cell	UBERON:0001394	axillary artery	axillary artery	2051
CL:0000071	blood vessel endothelial cell	blood vessel endothelial cell	UBERON:0001398	brachial artery	brachial artery	2055
CL:0000071	blood vessel endothelial cell	blood vessel endothelial cell	UBERON:0001399	deep brachial artery	deep brachial artery	2059
CL:0000071	blood vessel endothelial cell	blood vessel endothelial cell	UBERON:0001399	deep brachial artery	deep brachial artery	2063
CL:0000071	blood vessel endothelial cell	blood vessel endothelial cell	UBERON:0001399	deep brachial artery	deep brachial artery	2067
CL:0000071	blood vessel endothelial cell	blood vessel endothelial cell	UBERON:0001398	brachial artery	brachial artery	2071
CL:0000071	blood vessel endothelial cell	blood vessel endothelial cell	UBERON:0001404	radial artery	radial artery	2075
CL:0000071	blood vessel endothelial cell	blood vessel endothelial cell	UBERON:0001404	radial artery	radial artery	2079
CL:0000071	blood vessel endothelial cell	blood vessel endothelial cell	UBERON:0001404	radial artery	radial artery	2095
CL:0000071	blood vessel endothelial cell	blood vessel endothelial cell	UBERON:0001404	radial artery	radial artery	2139
CL:0000071	blood vessel endothelial cell	blood vessel endothelial cell	UBERON:0001187	testicular artery	testicular artery	1889
CL:0000071	blood vessel endothelial cell	blood vessel endothelial cell	UBERON:0001404	radial artery	radial artery	2151
CL:0000071	blood vessel endothelial cell	blood vessel endothelial cell	UBERON:8410023	right colic artery	right colic artery	1885
CL:0000071	blood vessel endothelial cell	blood vessel endothelial cell	UBERON:0018255	jejunal artery	jejunal branches	1869
CL:0000071	blood vessel endothelial cell	blood vessel endothelial cell	UBERON:0001070	external carotid artery	external carotid artery	63
CL:0000071	blood vessel endothelial cell	blood vessel endothelial cell	UBERON:0001530	common carotid artery plus branches	common carotid artery	59
CL:0000071	blood vessel endothelial cell	blood vessel endothelial cell	UBERON:0009202	descending vasa recta	descending vasa recta of kidney	1759
CL:0000071	blood vessel endothelial cell	blood vessel endothelial cell	UBERON:0004726	vasa recta	vasa recta of kidney	1761
CL:0000071	blood vessel endothelial cell	blood vessel endothelial cell	UBERON:0005272	peritubular capillary	peritubular capillary	1763
CL:0000071	blood vessel endothelial cell	blood vessel endothelial cell	UBERON:0001534	right subclavian artery	right subclavian artery	55
CL:0000071	blood vessel endothelial cell	blood vessel endothelial cell	UBERON:0001184	renal artery	renal artery	1765
CL:0000071	blood vessel endothelial cell	blood vessel endothelial cell	UBERON:0003468	ureteric segment of renal artery	ureteric segment of renal artery	1769
CL:0000071	blood vessel endothelial cell	blood vessel endothelial cell	UBERON:0035322	right common iliac artery	right common iliac artery	1773
CL:0000071	blood vessel endothelial cell	blood vessel endothelial cell	UBERON:0001185	right renal artery	right renal artery	1809
CL:0000071	blood vessel endothelial cell	blood vessel endothelial cell	UBERON:0001188	right testicular artery	right testicular artery	1813
CL:0000071	blood vessel endothelial cell	blood vessel endothelial cell	UBERON:0001182	superior mesenteric artery	superior mesenteric artery	1817
CL:0000071	blood vessel endothelial cell	blood vessel endothelial cell	UBERON:0005628	ileal artery	ileal artery	1821
CL:0000071	blood vessel endothelial cell	blood vessel endothelial cell	UBERON:0005628	ileal artery	ileal artery	1825
CL:0000071	blood vessel endothelial cell	blood vessel endothelial cell	UBERON:0001197	ileocolic artery	ileocolic artery	1829
CL:0000071	blood vessel endothelial cell	blood vessel endothelial cell	UBERON:0001197	ileocolic artery	ileocolic artery	1833
CL:0000071	blood vessel endothelial cell	blood vessel endothelial cell	UBERON:0001197	ileocolic artery	ileocolic artery	1845
CL:0000071	blood vessel endothelial cell	blood vessel endothelial cell	UBERON:0001195	inferior pancreaticoduodenal artery	inferior pancreaticoduodenal artery	1853
CL:0000071	blood vessel endothelial cell	blood vessel endothelial cell	UBERON:0001195	inferior pancreaticoduodenal artery	inferior pancreaticoduodenal artery	1857
CL:0000071	blood vessel endothelial cell	blood vessel endothelial cell	UBERON:0001195	inferior pancreaticoduodenal artery	inferior pancreaticoduodenal artery	1861
CL:0000071	blood vessel endothelial cell	blood vessel endothelial cell	UBERON:0018255	jejunal artery	jejunal branches	1865
CL:0000071	blood vessel endothelial cell	blood vessel endothelial cell	UBERON:0001196	middle colic artery	middle colic artery	1881
CL:0000071	blood vessel endothelial cell	blood vessel endothelial cell	UBERON:0001404	radial artery	radial artery	2159
CL:0000071	blood vessel endothelial cell	blood vessel endothelial cell	UBERON:0001404	radial artery	radial artery	2171
CL:0000071	blood vessel endothelial cell	blood vessel endothelial cell	UBERON:0001404	radial artery	radial artery	2175
CL:0000071	blood vessel endothelial cell	blood vessel endothelial cell	UBERON:0001395	thoraco-acromial artery	thoracoacromial artery	2375
CL:0000071	blood vessel endothelial cell	blood vessel endothelial cell	UBERON:0001395	thoraco-acromial artery	thoracoacromial artery	2379
CL:0000071	blood vessel endothelial cell	blood vessel endothelial cell	UBERON:0004688	costo-cervical trunk	costocervical trunk	2383
CL:0000071	blood vessel endothelial cell	blood vessel endothelial cell	UBERON:0012321	deep cervical artery	deep cervical artery	2387
CL:0000071	blood vessel endothelial cell	blood vessel endothelial cell	UBERON:0012321	deep cervical artery	deep cervical artery	2391
CL:0000071	blood vessel endothelial cell	blood vessel endothelial cell	UBERON:0006198	dorsal intercostal artery	supreme intercostal artery	2395
CL:0000071	blood vessel endothelial cell	blood vessel endothelial cell	UBERON:0006198	dorsal intercostal artery	supreme intercostal artery	2399
CL:0000071	blood vessel endothelial cell	blood vessel endothelial cell	UBERON:0006198	dorsal intercostal artery	supreme intercostal artery	2403
CL:0000071	blood vessel endothelial cell	blood vessel endothelial cell	UBERON:0001533	subclavian artery	subclavian artery	2407
CL:0000071	blood vessel endothelial cell	blood vessel endothelial cell	UBERON:0002456	internal thoracic artery	internal thoracic artery	2411
CL:0000071	blood vessel endothelial cell	blood vessel endothelial cell	UBERON:0001529	brachiocephalic artery	brachiocephalic artery	47
CL:0000071	blood vessel endothelial cell	blood vessel endothelial cell	UBERON:0002456	internal thoracic artery	internal thoracic artery	2415
CL:0000071	blood vessel endothelial cell	blood vessel endothelial cell	UBERON:0000947	aorta	aorta	35
CL:0000071	blood vessel endothelial cell	blood vessel endothelial cell	UBERON:0002456	internal thoracic artery	internal thoracic artery	2419
CL:0000071	blood vessel endothelial cell	blood vessel endothelial cell	UBERON:8600061	intra-acinar venule	intra-acinar venule	28
CL:0000071	blood vessel endothelial cell	blood vessel endothelial cell	UBERON:0002456	internal thoracic artery	internal thoracic artery	2423
CL:0000071	blood vessel endothelial cell	blood vessel endothelial cell	UBERON:8600061	intra-acinar venule	intra-acinar venule	26
CL:0000071	blood vessel endothelial cell	blood vessel endothelial cell	UBERON:8600052	subsegmental pulmonary vein	subsegmental pulmonary vein	22
CL:0000071	blood vessel endothelial cell	blood vessel endothelial cell	UBERON:0002456	internal thoracic artery	internal thoracic artery	2427
CL:0000071	blood vessel endothelial cell	blood vessel endothelial cell	UBERON:8600052	subsegmental pulmonary vein	subsegmental pulmonary vein	20
CL:0000071	blood vessel endothelial cell	blood vessel endothelial cell	UBERON:0014904	intersegmental pulmonary vein	intersegmental pulmonary vein	18
CL:0000071	blood vessel endothelial cell	blood vessel endothelial cell	UBERON:0001395	thoraco-acromial artery	thoracoacromial artery	2371
CL:0000071	blood vessel endothelial cell	blood vessel endothelial cell	UBERON:0001395	thoraco-acromial artery	thoracoacromial artery	2367
CL:0000071	blood vessel endothelial cell	blood vessel endothelial cell	UBERON:0001395	thoraco-acromial artery	thoracoacromial artery	2363
CL:0000071	blood vessel endothelial cell	blood vessel endothelial cell	UBERON:0035273	superior thoracic artery	superior thoracic artery	2359
CL:0000071	blood vessel endothelial cell	blood vessel endothelial cell	UBERON:0001404	radial artery	radial artery	2187
CL:0000071	blood vessel endothelial cell	blood vessel endothelial cell	UBERON:0001398	brachial artery	brachial artery	2191
CL:0000071	blood vessel endothelial cell	blood vessel endothelial cell	UBERON:0001406	ulnar artery	ulnar artery	2195
CL:0000071	blood vessel endothelial cell	blood vessel endothelial cell	UBERON:0001406	ulnar artery	ulnar artery	2199
CL:0000071	blood vessel endothelial cell	blood vessel endothelial cell	UBERON:0001406	ulnar artery	ulnar artery	2203
CL:0000071	blood vessel endothelial cell	blood vessel endothelial cell	UBERON:0001406	ulnar artery	ulnar artery	2215
CL:0000071	blood vessel endothelial cell	blood vessel endothelial cell	UBERON:0001406	ulnar artery	ulnar artery	2219
CL:0000071	blood vessel endothelial cell	blood vessel endothelial cell	UBERON:0002249	median artery	median artery	2231
CL:0000071	blood vessel endothelial cell	blood vessel endothelial cell	UBERON:0001406	ulnar artery	ulnar artery	2235
CL:0000071	blood vessel endothelial cell	blood vessel endothelial cell	UBERON:0001406	ulnar artery	ulnar artery	2239
CL:0000071	blood vessel endothelial cell	blood vessel endothelial cell	UBERON:0002250	popliteal artery	popliteal artery	1218
CL:0000071	blood vessel endothelial cell	blood vessel endothelial cell	UBERON:0006564	superficial palmar arch	superficial palmar arch	2243
CL:0000071	blood vessel endothelial cell	blood vessel endothelial cell	UBERON:0006137	proper palmar digital artery	proper palmar digital artery	2251
CL:0000071	blood vessel endothelial cell	blood vessel endothelial cell	UBERON:0006564	superficial palmar arch	superficial palmar arch	2255
CL:0000071	blood vessel endothelial cell	blood vessel endothelial cell	UBERON:0006564	superficial palmar arch	superficial palmar arch	2275
CL:0000071	blood vessel endothelial cell	blood vessel endothelial cell	UBERON:0006564	superficial palmar arch	superficial palmar arch	2299
CL:0000071	blood vessel endothelial cell	blood vessel endothelial cell	UBERON:0006564	superficial palmar arch	superficial palmar arch	2319
CL:0000071	blood vessel endothelial cell	blood vessel endothelial cell	UBERON:0001396	lateral thoracic artery	lateral thoracic artery	2339
CL:0000071	blood vessel endothelial cell	blood vessel endothelial cell	UBERON:0001394	axillary artery	axillary artery	2343
CL:0000071	blood vessel endothelial cell	blood vessel endothelial cell	UBERON:0001397	subscapular artery	subscapular artery	2347
CL:0000071	blood vessel endothelial cell	blood vessel endothelial cell	UBERON:0001397	subscapular artery	subscapular artery	2351
CL:0000071	blood vessel endothelial cell	blood vessel endothelial cell	UBERON:0002011	thoracodorsal artery	thoracodorsal artery	2355
CL:0000071	blood vessel endothelial cell	blood vessel endothelial cell	UBERON:0001410	common palmar digital artery	common palmar digital artery	2247
CL:0000071	blood vessel endothelial cell	blood vessel endothelial cell	UBERON:8600078	ascending pharyngeal artery	ascending pharyngeal artery	67
CL:0000071	blood vessel endothelial cell	blood vessel endothelial cell	UBERON:0004640	renal efferent arteriole	renal efferent arteriole	1755
CL:0000071	blood vessel endothelial cell	blood vessel endothelial cell	UBERON:8600078	ascending pharyngeal artery	ascending pharyngeal artery	71
CL:0000071	blood vessel endothelial cell	blood vessel endothelial cell	UBERON:0008320	common penile artery	common penile artery	1424
CL:0000071	blood vessel endothelial cell	blood vessel endothelial cell	UBERON:0008320	common penile artery	common penile artery	1428
CL:0000071	blood vessel endothelial cell	blood vessel endothelial cell	UBERON:0008321	deep artery of penis	deep artery of penis	1432
CL:0000071	blood vessel endothelial cell	blood vessel endothelial cell	UBERON:0015174	helicine artery of penis	helicine artery of penis	1436
CL:0000071	blood vessel endothelial cell	blood vessel endothelial cell	UBERON:0001340	dorsal artery of penis	dorsal artery of penis	1440
CL:0000071	blood vessel endothelial cell	blood vessel endothelial cell	UBERON:0008322	deep artery of clitoris	deep artery of clitoris	1444
CL:0000071	blood vessel endothelial cell	blood vessel endothelial cell	UBERON:0008323	dorsal artery of clitoris	dorsal artery of clitoris	1448
CL:0000071	blood vessel endothelial cell	blood vessel endothelial cell	UBERON:0001357	inferior rectal artery	inferior rectal artery	1452
CL:0000071	blood vessel endothelial cell	blood vessel endothelial cell	UBERON:0001358	perineal artery	perineal artery	1456
CL:0000071	blood vessel endothelial cell	blood vessel endothelial cell	UBERON:0001358	perineal artery	perineal artery	1460
CL:0000071	blood vessel endothelial cell	blood vessel endothelial cell	UBERON:0007315	internal pudendal artery	internal pudendal artery	1464
CL:0000071	blood vessel endothelial cell	blood vessel endothelial cell	UBERON:0007315	internal pudendal artery	internal pudendal artery	1468
CL:0000071	blood vessel endothelial cell	blood vessel endothelial cell	UBERON:0034727	vestibular bulb artery	vestibular bulb artery	1472
CL:0000071	blood vessel endothelial cell	blood vessel endothelial cell	UBERON:0001314	obturator artery	obturator artery	1480
CL:0000071	blood vessel endothelial cell	blood vessel endothelial cell	UBERON:0001314	obturator artery	obturator artery	1484
CL:0000071	blood vessel endothelial cell	blood vessel endothelial cell	UBERON:0001314	obturator artery	obturator artery	1488
CL:0000071	blood vessel endothelial cell	blood vessel endothelial cell	UBERON:0001314	obturator artery	obturator artery	1492
CL:0000071	blood vessel endothelial cell	blood vessel endothelial cell	UBERON:0001312	superior vesical artery	superior vesical artery	1496
CL:0000071	blood vessel endothelial cell	blood vessel endothelial cell	UBERON:0035640	middle vesical artery	middle vesical artery	1500
CL:0000071	blood vessel endothelial cell	blood vessel endothelial cell	UBERON:0001612	facial artery	facial artery	161
CL:0000071	blood vessel endothelial cell	blood vessel endothelial cell	UBERON:0001310	umbilical artery	umbilical artery	1504
CL:0000071	blood vessel endothelial cell	blood vessel endothelial cell	UBERON:0008320	common penile artery	common penile artery	1420
CL:0000071	blood vessel endothelial cell	blood vessel endothelial cell	UBERON:0003471	artery of lower lip	inferior labial artery	155
CL:0000071	blood vessel endothelial cell	blood vessel endothelial cell	UBERON:0007315	internal pudendal artery	internal pudendal artery	1416
CL:0000071	blood vessel endothelial cell	blood vessel endothelial cell	UBERON:0001311	inferior vesical artery	inferior vesical artery	1394
CL:0000071	blood vessel endothelial cell	blood vessel endothelial cell	UBERON:0001540	peroneal artery	peroneal artery	1226
CL:0000071	blood vessel endothelial cell	blood vessel endothelial cell	UBERON:0001540	peroneal artery	peroneal artery	1230
CL:0000071	blood vessel endothelial cell	blood vessel endothelial cell	UBERON:0001540	peroneal artery	peroneal artery	1234
CL:0000071	blood vessel endothelial cell	blood vessel endothelial cell	UBERON:0001540	peroneal artery	peroneal artery	1238
CL:0000071	blood vessel endothelial cell	blood vessel endothelial cell	UBERON:0001538	posterior tibial artery	posterior tibial artery	1242
CL:0000071	blood vessel endothelial cell	blood vessel endothelial cell	UBERON:0001538	posterior tibial artery	posterior tibial artery	1246
CL:0000071	blood vessel endothelial cell	blood vessel endothelial cell	UBERON:0001538	posterior tibial artery	posterior tibial artery	1250
CL:0000071	blood vessel endothelial cell	blood vessel endothelial cell	UBERON:0001538	posterior tibial artery	posterior tibial artery	1346
CL:0000071	blood vessel endothelial cell	blood vessel endothelial cell	UBERON:0001541	medial plantar artery	medial plantar artery	1350
CL:0000071	blood vessel endothelial cell	blood vessel endothelial cell	UBERON:0001541	medial plantar artery	medial plantar artery	1354
CL:0000071	blood vessel endothelial cell	blood vessel endothelial cell	UBERON:0001541	medial plantar artery	medial plantar artery	1358
CL:0000071	blood vessel endothelial cell	blood vessel endothelial cell	UBERON:0003470	artery of upper lip	superior labial artery	173
CL:0000071	blood vessel endothelial cell	blood vessel endothelial cell	UBERON:0009040	deep circumflex iliac artery	deep circumflex iliac artery	1362
CL:0000071	blood vessel endothelial cell	blood vessel endothelial cell	UBERON:8600096	submental artery	submental artery	169
CL:0000071	blood vessel endothelial cell	blood vessel endothelial cell	UBERON:0001354	inferior epigastric artery	inferior epigastric artery	1366
CL:0000071	blood vessel endothelial cell	blood vessel endothelial cell	UBERON:8600096	submental artery	submental artery	165
CL:0000071	blood vessel endothelial cell	blood vessel endothelial cell	UBERON:0001354	inferior epigastric artery	inferior epigastric artery	1370
CL:0000071	blood vessel endothelial cell	blood vessel endothelial cell	UBERON:0034693	cremasteric artery	cremasteric artery	1374
CL:0000071	blood vessel endothelial cell	blood vessel endothelial cell	UBERON:0001354	inferior epigastric artery	inferior epigastric artery	1378
CL:0000071	blood vessel endothelial cell	blood vessel endothelial cell	UBERON:0001309	internal iliac artery	internal iliac artery	1382
CL:0000071	blood vessel endothelial cell	blood vessel endothelial cell	UBERON:0001309	internal iliac artery	internal iliac artery	1386
CL:0000071	blood vessel endothelial cell	blood vessel endothelial cell	UBERON:0001311	inferior vesical artery	inferior vesical artery	1398
CL:0000071	blood vessel endothelial cell	blood vessel endothelial cell	UBERON:0004212	glomerular capillary	glomerular capillary	1753
CL:0000071	blood vessel endothelial cell	blood vessel endothelial cell	UBERON:8600041	chorionic terminal villous capillary	chorionic terminal villous capillary	1508
CL:0000071	blood vessel endothelial cell	blood vessel endothelial cell	UBERON:0005192	deferent duct artery	deferent duct artery	1511
CL:0000071	blood vessel endothelial cell	blood vessel endothelial cell	UBERON:0006636	lumbar artery	lumbar artery	1689
CL:0000071	blood vessel endothelial cell	blood vessel endothelial cell	UBERON:0006636	lumbar artery	lumbar artery	1693
CL:0000071	blood vessel endothelial cell	blood vessel endothelial cell	UBERON:0005464	median sacral artery	median sacral artery	1697
CL:0000071	blood vessel endothelial cell	blood vessel endothelial cell	UBERON:0012173	middle suprarenal artery	middle suprarenal artery	1701
CL:0000071	blood vessel endothelial cell	blood vessel endothelial cell	UBERON:0001190	ovarian artery	ovarian artery	1705
CL:0000071	blood vessel endothelial cell	blood vessel endothelial cell	UBERON:0001184	renal artery	renal artery	1709
CL:0000071	blood vessel endothelial cell	blood vessel endothelial cell	UBERON:0001184	renal artery	renal artery	1713
CL:0000071	blood vessel endothelial cell	blood vessel endothelial cell	UBERON:0001184	renal artery	renal artery	1717
CL:0000071	blood vessel endothelial cell	blood vessel endothelial cell	UBERON:0001184	renal artery	renal artery	1721
CL:0000071	blood vessel endothelial cell	blood vessel endothelial cell	UBERON:0002056	inferior suprarenal artery	inferior suprarenal artery	1725
CL:0000071	blood vessel endothelial cell	blood vessel endothelial cell	UBERON:0001184	renal artery	renal artery	1729
CL:0000071	blood vessel endothelial cell	blood vessel endothelial cell	UBERON:0001184	renal artery	renal artery	1733
CL:0000071	blood vessel endothelial cell	blood vessel endothelial cell	UBERON:0009885	interlobar artery	interlobar renal artery	1737
CL:0000071	blood vessel endothelial cell	blood vessel endothelial cell	UBERON:0001552	kidney arcuate artery	arcuate renal artery	1741
CL:0000071	blood vessel endothelial cell	blood vessel endothelial cell	UBERON:0001612	facial artery	facial artery	123
CL:0000071	blood vessel endothelial cell	blood vessel endothelial cell	UBERON:8600078	ascending pharyngeal artery	ascending pharyngeal artery	119
CL:0000071	blood vessel endothelial cell	blood vessel endothelial cell	UBERON:0004723	interlobular artery	interlobular renal artery	1745
CL:0000071	blood vessel endothelial cell	blood vessel endothelial cell	UBERON:8600078	ascending pharyngeal artery	ascending pharyngeal artery	95
CL:0000071	blood vessel endothelial cell	blood vessel endothelial cell	UBERON:0010249	posterior meningeal artery	posterior meningeal artery	91
CL:0000071	blood vessel endothelial cell	blood vessel endothelial cell	UBERON:0004639	renal afferent arteriole	renal afferent arteriole	1749
CL:0000071	blood vessel endothelial cell	blood vessel endothelial cell	UBERON:8600078	ascending pharyngeal artery	ascending pharyngeal artery	75
CL:0000071	blood vessel endothelial cell	blood vessel endothelial cell	UBERON:0001189	left testicular artery	left testicular artery	1685
CL:0000071	blood vessel endothelial cell	blood vessel endothelial cell	UBERON:0003471	artery of lower lip	inferior labial artery	151
CL:0000071	blood vessel endothelial cell	blood vessel endothelial cell	UBERON:0001186	left renal artery	left renal artery	1681
CL:0000071	blood vessel endothelial cell	blood vessel endothelial cell	UBERON:0001198	superior suprarenal artery	superior suprarenal artery	1641
CL:0000071	blood vessel endothelial cell	blood vessel endothelial cell	UBERON:0002493	uterine artery	uterine artery	1515
CL:0000071	blood vessel endothelial cell	blood vessel endothelial cell	UBERON:0001612	facial artery	facial artery	141
CL:0000071	blood vessel endothelial cell	blood vessel endothelial cell	UBERON:0015173	helicine branch of uterine artery	arcuate artery of uterus	1519
CL:0000071	blood vessel endothelial cell	blood vessel endothelial cell	UBERON:0015173	helicine branch of uterine artery	arcuate artery of uterus	1523
CL:0000071	blood vessel endothelial cell	blood vessel endothelial cell	UBERON:0015171	uterine spiral artery	uterine spiral artery	1527
CL:0000071	blood vessel endothelial cell	blood vessel endothelial cell	UBERON:8600095	ascending palatine artery	ascending palatine artery	135
CL:0000071	blood vessel endothelial cell	blood vessel endothelial cell	UBERON:0001309	internal iliac artery	internal iliac artery	1535
CL:0000071	blood vessel endothelial cell	blood vessel endothelial cell	UBERON:0001313	iliolumbar artery	iliolumbar artery	1539
CL:0000071	blood vessel endothelial cell	blood vessel endothelial cell	UBERON:0001313	iliolumbar artery	iliolumbar artery	1543
CL:0000071	blood vessel endothelial cell	blood vessel endothelial cell	UBERON:8600095	ascending palatine artery	ascending palatine artery	131
CL:0000071	blood vessel endothelial cell	blood vessel endothelial cell	UBERON:0035529	left common iliac artery	left common iliac artery	1645
CL:0000071	blood vessel endothelial cell	blood vessel endothelial cell	UBERON:0001313	iliolumbar artery	iliolumbar artery	1547
CL:0000071	blood vessel endothelial cell	blood vessel endothelial cell	UBERON:0001315	superior gluteal artery	superior gluteal artery	1555
CL:0000071	blood vessel endothelial cell	blood vessel endothelial cell	UBERON:0001315	superior gluteal artery	superior gluteal artery	1559
CL:0000071	blood vessel endothelial cell	blood vessel endothelial cell	UBERON:0001315	superior gluteal artery	superior gluteal artery	1563
CL:0000071	blood vessel endothelial cell	blood vessel endothelial cell	UBERON:0001183	inferior mesenteric artery	inferior mesenteric artery	1567
CL:0000071	blood vessel endothelial cell	blood vessel endothelial cell	UBERON:8410022	left colic artery	left colic artery	1571
CL:0000071	blood vessel endothelial cell	blood vessel endothelial cell	UBERON:8410022	left colic artery	left colic artery	1575
CL:0000071	blood vessel endothelial cell	blood vessel endothelial cell	UBERON:8410022	left colic artery	left colic artery	1625
CL:0000071	blood vessel endothelial cell	blood vessel endothelial cell	UBERON:0035180	sigmoid artery	sigmoid artery	1629
CL:0000071	blood vessel endothelial cell	blood vessel endothelial cell	UBERON:0035040	superior rectal artery	superior rectal artery	1633
CL:0000071	blood vessel endothelial cell	blood vessel endothelial cell	UBERON:0012255	inferior phrenic artery	inferior phrenic artery	1637
CL:0000071	blood vessel endothelial cell	blood vessel endothelial cell	UBERON:0010408	ocular angle artery	angular artery	127
CL:0000071	blood vessel endothelial cell	blood vessel endothelial cell	UBERON:8600097	deep lingual artery	deep lingual artery	191
CL:0000359	vascular associated smooth muscle cell	vascular smooth muscle cell	UBERON:0001529	brachiocephalic artery	brachiocephalic artery	50
CL:0000359	vascular associated smooth muscle cell	vascular smooth muscle cell	UBERON:0000947	aorta	aorta	38
CL:0000359	vascular associated smooth muscle cell	vascular smooth muscle cell	UBERON:0002456	internal thoracic artery	internal thoracic artery	2434
CL:0000359	vascular associated smooth muscle cell	vascular smooth muscle cell	UBERON:0004639	renal afferent arteriole	renal afferent arteriole	1752
CL:0000359	vascular associated smooth muscle cell	vascular smooth muscle cell	UBERON:0004723	interlobular artery	interlobular renal artery	1748
CL:0000359	vascular associated smooth muscle cell	vascular smooth muscle cell	UBERON:0001533	subclavian artery	subclavian artery	2046
CL:0000359	vascular associated smooth muscle cell	vascular smooth muscle cell	UBERON:0001552	kidney arcuate artery	arcuate renal artery	1744
CL:0000359	vascular associated smooth muscle cell	vascular smooth muscle cell	UBERON:0001533	subclavian artery	subclavian artery	2410
CL:0000359	vascular associated smooth muscle cell	vascular smooth muscle cell	UBERON:0002456	internal thoracic artery	internal thoracic artery	2414
CL:0000359	vascular associated smooth muscle cell	vascular smooth muscle cell	UBERON:0004640	renal efferent arteriole	renal efferent arteriole	1758
CL:0000359	vascular associated smooth muscle cell	vascular smooth muscle cell	UBERON:0002456	internal thoracic artery	internal thoracic artery	2418
CL:0000359	vascular associated smooth muscle cell	vascular smooth muscle cell	UBERON:0002456	internal thoracic artery	internal thoracic artery	2466
CL:0000359	vascular associated smooth muscle cell	vascular smooth muscle cell	UBERON:0001310	umbilical artery	umbilical artery	1507
CL:0000359	vascular associated smooth muscle cell	vascular smooth muscle cell	UBERON:0002456	internal thoracic artery	internal thoracic artery	2426
CL:0000359	vascular associated smooth muscle cell	vascular smooth muscle cell	UBERON:0002456	internal thoracic artery	internal thoracic artery	2442
CL:0000359	vascular associated smooth muscle cell	vascular smooth muscle cell	UBERON:0002456	internal thoracic artery	internal thoracic artery	2438
CL:0000359	vascular associated smooth muscle cell	vascular smooth muscle cell	UBERON:0002456	internal thoracic artery	internal thoracic artery	2430
CL:0000359	vascular associated smooth muscle cell	vascular smooth muscle cell	UBERON:0002456	internal thoracic artery	internal thoracic artery	2422
CL:0002144	capillary endothelial cell	capillary endothelial cell	UBERON:0016405	pulmonary capillary	pulmonary capillary	3598
CL:0002144	capillary endothelial cell	capillary endothelial cell	UBERON:0005272	peritubular capillary	peritubular capillary	1764
CL:0002144	capillary endothelial cell	capillary endothelial cell	UBERON:0004212	glomerular capillary	glomerular capillary	1754
CL:0002262	endothelial cell of sinusoid	endothelial cell of sinusoid	UBERON:0001281	hepatic sinusoid	hepatic sinusoid	2877
CL:0002543	vein endothelial cell	endothelial cell of vein	UBERON:0001140	renal vein	renal vein	3074
CL:0002543	vein endothelial cell	endothelial cell of vein	UBERON:0005168	renal interlobular vein	interlobular renal vein	3080
CL:0002543	vein endothelial cell	endothelial cell of vein	UBERON:0006841	central vein of liver	central vein of liver	2874
CL:0002543	vein endothelial cell	endothelial cell of vein	UBERON:0001639	hepatic portal vein	hepatic portal vein #2	2887
CL:0002543	vein endothelial cell	endothelial cell of vein	UBERON:0001639	hepatic portal vein	hepatic portal vein	2899
CL:0002543	vein endothelial cell	endothelial cell of vein	UBERON:0001639	hepatic portal vein	hepatic portal vein	2903
CL:0002543	vein endothelial cell	endothelial cell of vein	UBERON:0001639	hepatic portal vein	hepatic portal vein	2909
CL:0002543	vein endothelial cell	endothelial cell of vein	UBERON:0001639	hepatic portal vein	hepatic portal vein	2986
CL:0002543	vein endothelial cell	endothelial cell of vein	UBERON:0001639	hepatic portal vein	hepatic portal vein	2988
CL:0002543	vein endothelial cell	endothelial cell of vein	UBERON:0002066	umbilical vein	umbilical vein	2990
CL:0002543	vein endothelial cell	endothelial cell of vein	UBERON:0001140	renal vein	renal vein	3072
CL:0002543	vein endothelial cell	endothelial cell of vein	UBERON:0004719	kidney arcuate vein	arcuate renal vein	3078
CL:1000412	endothelial cell of arteriole	endothelial cell of arteriole	UBERON:0004639	renal afferent arteriole	renal afferent arteriole	1750
CL:1000412	endothelial cell of arteriole	endothelial cell of arteriole	UBERON:0004640	renal efferent arteriole	renal efferent arteriole	1756
CL:1000413	endothelial cell of artery	endothelial cell of artery	UBERON:0004723	interlobular artery	interlobular renal artery	1746
CL:1000413	endothelial cell of artery	endothelial cell of artery	UBERON:0001552	kidney arcuate artery	arcuate renal artery	1742
CL:1000413	endothelial cell of artery	endothelial cell of artery	UBERON:0000947	aorta	aorta	36
