row_number	s	slabel	user_slabel	o	olabel	user_olabel
11	CL:0001035	bone cell	bone cell	UBERON:0004288	skeleton	skeleton
717	CL:0001035	bone cell	bone cell	UBERON:0004612	mammalian cervical vertebra 3	cervical vertebra 3
718	CL:0001035	bone cell	bone cell	UBERON:0004613	mammalian cervical vertebra 4	cervical vertebra 4
720	CL:0001035	bone cell	bone cell	UBERON:0004613	mammalian cervical vertebra 4	cervical vertebra 4
721	CL:0001035	bone cell	bone cell	UBERON:0004613	mammalian cervical vertebra 4	cervical vertebra 4
722	CL:0001035	bone cell	bone cell	UBERON:0004613	mammalian cervical vertebra 4	cervical vertebra 4
723	CL:0001035	bone cell	bone cell	UBERON:0004613	mammalian cervical vertebra 4	cervical vertebra 4
724	CL:0001035	bone cell	bone cell	UBERON:0004613	mammalian cervical vertebra 4	cervical vertebra 4
726	CL:0001035	bone cell	bone cell	UBERON:0004613	mammalian cervical vertebra 4	cervical vertebra 4
727	CL:0001035	bone cell	bone cell	UBERON:0004613	mammalian cervical vertebra 4	cervical vertebra 4
728	CL:0001035	bone cell	bone cell	UBERON:0004613	mammalian cervical vertebra 4	cervical vertebra 4
729	CL:0001035	bone cell	bone cell	UBERON:0004613	mammalian cervical vertebra 4	cervical vertebra 4
730	CL:0001035	bone cell	bone cell	UBERON:1200295	vertebral arch of fourth cervical vertebra	vertebral arch of fourth cervical vertebra
731	CL:0001035	bone cell	bone cell	UBERON:0004613	mammalian cervical vertebra 4	cervical vertebra 4
716	CL:0001035	bone cell	bone cell	UBERON:0004612	mammalian cervical vertebra 3	cervical vertebra 3
732	CL:0001035	bone cell	bone cell	UBERON:0004613	mammalian cervical vertebra 4	cervical vertebra 4
734	CL:0001035	bone cell	bone cell	UBERON:1200086	inferior articular facet of fifth cervical vertebra	inferior articular facet of fifth cervical vertebra
735	CL:0001035	bone cell	bone cell	UBERON:0004614	mammalian cervical vertebra 5	cervical vertebra 5
736	CL:0001035	bone cell	bone cell	UBERON:0004614	mammalian cervical vertebra 5	cervical vertebra 5
737	CL:0001035	bone cell	bone cell	UBERON:0004614	mammalian cervical vertebra 5	cervical vertebra 5
738	CL:0001035	bone cell	bone cell	UBERON:0004614	mammalian cervical vertebra 5	cervical vertebra 5
739	CL:0001035	bone cell	bone cell	UBERON:0004614	mammalian cervical vertebra 5	cervical vertebra 5
740	CL:0001035	bone cell	bone cell	UBERON:1200228	superior articular facet of fifth cervical vertebra	superior articular facet of fifth cervical vertebra
741	CL:0001035	bone cell	bone cell	UBERON:0004614	mammalian cervical vertebra 5	cervical vertebra 5
742	CL:0001035	bone cell	bone cell	UBERON:0004614	mammalian cervical vertebra 5	cervical vertebra 5
743	CL:0001035	bone cell	bone cell	UBERON:0004614	mammalian cervical vertebra 5	cervical vertebra 5
744	CL:0001035	bone cell	bone cell	UBERON:0004614	mammalian cervical vertebra 5	cervical vertebra 5
745	CL:0001035	bone cell	bone cell	UBERON:1200290	vertebral arch of fifth cervical vertebra	vertebral arch of fifth cervical vertebra
746	CL:0001035	bone cell	bone cell	UBERON:0004614	mammalian cervical vertebra 5	cervical vertebra 5
733	CL:0001035	bone cell	bone cell	UBERON:0004614	mammalian cervical vertebra 5	cervical vertebra 5
715	CL:0001035	bone cell	bone cell	UBERON:1200307	vertebral arch of third cervical vertebra	vertebral arch of third cervical vertebra
714	CL:0001035	bone cell	bone cell	UBERON:0004612	mammalian cervical vertebra 3	cervical vertebra 3
713	CL:0001035	bone cell	bone cell	UBERON:0004612	mammalian cervical vertebra 3	cervical vertebra 3
683	CL:0001035	bone cell	bone cell	UBERON:0001077	transverse process of vertebra	transverse process of first cervical vertebra
684	CL:0001035	bone cell	bone cell	UBERON:0001092	vertebral bone 1	cervical vertebra 1
685	CL:0001035	bone cell	bone cell	UBERON:0001092	vertebral bone 1	cervical vertebra 1
686	CL:0001035	bone cell	bone cell	UBERON:0001093	vertebral bone 2	cervical vertebra 2
687	CL:0001035	bone cell	bone cell	UBERON:1200023	body of second cervical vertebra	body of second cervical vertebra
688	CL:0001035	bone cell	bone cell	UBERON:1200093	inferior articular facet of second cervical vertebra	inferior articular facet of second cervical vertebra
690	CL:0001035	bone cell	bone cell	UBERON:0001093	vertebral bone 2	cervical vertebra 2
691	CL:0001035	bone cell	bone cell	UBERON:1200122	lamina of second cervical vertebra	lamina of second cervical vertebra
692	CL:0001035	bone cell	bone cell	UBERON:0004096	odontoid process of cervical vertebra 2	odontoid process of second cervical vertebra
693	CL:0001035	bone cell	bone cell	UBERON:1200169	pedicle of second cervical vertebra	pedicle of second cervical vertebra
694	CL:0001035	bone cell	bone cell	UBERON:1200207	spinous process of second cervical vertebra	spinous process of second cervical vertebra
695	CL:0001035	bone cell	bone cell	UBERON:1200238	superior articular facet of second cervical vertebra	superior articular facet of second cervical vertebra
696	CL:0001035	bone cell	bone cell	UBERON:1200251	superior articular process of second cervical vertebra	superior articular process of second cervical vertebra
697	CL:0001035	bone cell	bone cell	UBERON:1200256	superior vertebral notch of second cervical vertebra	superior vertebral notch of second cervical vertebra
698	CL:0001035	bone cell	bone cell	UBERON:0001093	vertebral bone 2	cervical vertebra 2
699	CL:0001035	bone cell	bone cell	UBERON:0001077	transverse process of vertebra	transverse process of second cervical vertebra
700	CL:0001035	bone cell	bone cell	UBERON:1200299	vertebral arch of second cervical vertebra	vertebral arch of second cervical vertebra
701	CL:0001035	bone cell	bone cell	UBERON:0001093	vertebral bone 2	cervical vertebra 2
702	CL:0001035	bone cell	bone cell	UBERON:0001093	vertebral bone 2	cervical vertebra 2
703	CL:0001035	bone cell	bone cell	UBERON:0004612	mammalian cervical vertebra 3	cervical vertebra 3
704	CL:0001035	bone cell	bone cell	UBERON:1200100	inferior articular facet of third cervical vertebra	inferior articular facet of third cervical vertebra
705	CL:0001035	bone cell	bone cell	UBERON:0004612	mammalian cervical vertebra 3	cervical vertebra 3
706	CL:0001035	bone cell	bone cell	UBERON:0004612	mammalian cervical vertebra 3	cervical vertebra 3
707	CL:0001035	bone cell	bone cell	UBERON:0004612	mammalian cervical vertebra 3	cervical vertebra 3
708	CL:0001035	bone cell	bone cell	UBERON:0004612	mammalian cervical vertebra 3	cervical vertebra 3
709	CL:0001035	bone cell	bone cell	UBERON:0004612	mammalian cervical vertebra 3	cervical vertebra 3
710	CL:0001035	bone cell	bone cell	UBERON:1200246	superior articular facet of third cervical vertebra	superior articular facet of third cervical vertebra
711	CL:0001035	bone cell	bone cell	UBERON:0004612	mammalian cervical vertebra 3	cervical vertebra 3
712	CL:0001035	bone cell	bone cell	UBERON:0004612	mammalian cervical vertebra 3	cervical vertebra 3
747	CL:0001035	bone cell	bone cell	UBERON:0004614	mammalian cervical vertebra 5	cervical vertebra 5
682	CL:0001035	bone cell	bone cell	UBERON:0001092	vertebral bone 1	cervical vertebra 1
748	CL:0001035	bone cell	bone cell	UBERON:0004615	mammalian cervical vertebra 6	cervical vertebra 6
750	CL:0001035	bone cell	bone cell	UBERON:0004615	mammalian cervical vertebra 6	cervical vertebra 6
785	CL:0001035	bone cell	bone cell	UBERON:0004617	lumbar vertebra 1	lumbar vertebra 1
786	CL:0001035	bone cell	bone cell	UBERON:1200130	mammillary process of first lumbar vertebra	mammillary process of first lumbar vertebra
787	CL:0001035	bone cell	bone cell	UBERON:0004617	lumbar vertebra 1	lumbar vertebra 1
788	CL:0001035	bone cell	bone cell	UBERON:0004617	lumbar vertebra 1	lumbar vertebra 1
789	CL:0001035	bone cell	bone cell	UBERON:1200232	superior articular facet of first lumbar vertebra	superior articular facet of first lumbar vertebra
790	CL:0001035	bone cell	bone cell	UBERON:0004617	lumbar vertebra 1	lumbar vertebra 1
791	CL:0001035	bone cell	bone cell	UBERON:0004617	lumbar vertebra 1	lumbar vertebra 1
792	CL:0001035	bone cell	bone cell	UBERON:0004617	lumbar vertebra 1	lumbar vertebra 1
793	CL:0001035	bone cell	bone cell	UBERON:1200293	vertebral arch of first lumbar vertebra	vertebral arch of first lumbar vertebra
794	CL:0001035	bone cell	bone cell	UBERON:0004617	lumbar vertebra 1	lumbar vertebra 1
795	CL:0001035	bone cell	bone cell	UBERON:0004617	lumbar vertebra 1	lumbar vertebra 1
796	CL:0001035	bone cell	bone cell	UBERON:0004618	lumbar vertebra 2	lumbar vertebra 2
797	CL:0001035	bone cell	bone cell	UBERON:0004618	lumbar vertebra 2	lumbar vertebra 2
784	CL:0001035	bone cell	bone cell	UBERON:0004617	lumbar vertebra 1	lumbar vertebra 1
798	CL:0001035	bone cell	bone cell	UBERON:0004618	lumbar vertebra 2	lumbar vertebra 2
800	CL:0001035	bone cell	bone cell	UBERON:0004618	lumbar vertebra 2	lumbar vertebra 2
801	CL:0001035	bone cell	bone cell	UBERON:0004618	lumbar vertebra 2	lumbar vertebra 2
802	CL:0001035	bone cell	bone cell	UBERON:1200132	mammillary process of second lumbar vertebra	mammillary process of second lumbar vertebra
803	CL:0001035	bone cell	bone cell	UBERON:0004618	lumbar vertebra 2	lumbar vertebra 2
804	CL:0001035	bone cell	bone cell	UBERON:0004618	lumbar vertebra 2	lumbar vertebra 2
805	CL:0001035	bone cell	bone cell	UBERON:1200239	superior articular facet of second lumbar vertebra	superior articular facet of second lumbar vertebra
806	CL:0001035	bone cell	bone cell	UBERON:0004618	lumbar vertebra 2	lumbar vertebra 2
807	CL:0001035	bone cell	bone cell	UBERON:0004618	lumbar vertebra 2	lumbar vertebra 2
808	CL:0001035	bone cell	bone cell	UBERON:0004618	lumbar vertebra 2	lumbar vertebra 2
809	CL:0001035	bone cell	bone cell	UBERON:1200300	vertebral arch of second lumbar vertebra	vertebral arch of second lumbar vertebra
810	CL:0001035	bone cell	bone cell	UBERON:0004618	lumbar vertebra 2	lumbar vertebra 2
811	CL:0001035	bone cell	bone cell	UBERON:0004618	lumbar vertebra 2	lumbar vertebra 2
812	CL:0001035	bone cell	bone cell	UBERON:0004619	lumbar vertebra 3	lumbar vertebra 3
799	CL:0001035	bone cell	bone cell	UBERON:0004618	lumbar vertebra 2	lumbar vertebra 2
783	CL:0001035	bone cell	bone cell	UBERON:0004617	lumbar vertebra 1	lumbar vertebra 1
782	CL:0001035	bone cell	bone cell	UBERON:0004617	lumbar vertebra 1	lumbar vertebra 1
781	CL:0001035	bone cell	bone cell	UBERON:0004617	lumbar vertebra 1	lumbar vertebra 1
751	CL:0001035	bone cell	bone cell	UBERON:0004615	mammalian cervical vertebra 6	cervical vertebra 6
752	CL:0001035	bone cell	bone cell	UBERON:0004615	mammalian cervical vertebra 6	cervical vertebra 6
753	CL:0001035	bone cell	bone cell	UBERON:0004615	mammalian cervical vertebra 6	cervical vertebra 6
754	CL:0001035	bone cell	bone cell	UBERON:0004615	mammalian cervical vertebra 6	cervical vertebra 6
755	CL:0001035	bone cell	bone cell	UBERON:1200243	superior articular facet of sixth cervical vertebra	superior articular facet of sixth cervical vertebra
756	CL:0001035	bone cell	bone cell	UBERON:0004615	mammalian cervical vertebra 6	cervical vertebra 6
757	CL:0001035	bone cell	bone cell	UBERON:0004615	mammalian cervical vertebra 6	cervical vertebra 6
758	CL:0001035	bone cell	bone cell	UBERON:0004615	mammalian cervical vertebra 6	cervical vertebra 6
759	CL:0001035	bone cell	bone cell	UBERON:0004615	mammalian cervical vertebra 6	cervical vertebra 6
760	CL:0001035	bone cell	bone cell	UBERON:1200304	vertebral arch of sixth cervical vertebra	vertebral arch of sixth cervical vertebra
761	CL:0001035	bone cell	bone cell	UBERON:0004615	mammalian cervical vertebra 6	cervical vertebra 6
762	CL:0001035	bone cell	bone cell	UBERON:0004615	mammalian cervical vertebra 6	cervical vertebra 6
763	CL:0001035	bone cell	bone cell	UBERON:0004616	mammalian cervical vertebra 7	cervical vertebra 7
765	CL:0001035	bone cell	bone cell	UBERON:0004616	mammalian cervical vertebra 7	cervical vertebra 7
766	CL:0001035	bone cell	bone cell	UBERON:0004616	mammalian cervical vertebra 7	cervical vertebra 7
767	CL:0001035	bone cell	bone cell	UBERON:0004616	mammalian cervical vertebra 7	cervical vertebra 7
768	CL:0001035	bone cell	bone cell	UBERON:0004616	mammalian cervical vertebra 7	cervical vertebra 7
769	CL:0001035	bone cell	bone cell	UBERON:0004616	mammalian cervical vertebra 7	cervical vertebra 7
770	CL:0001035	bone cell	bone cell	UBERON:1200241	superior articular facet of seventh cervical vertebra	superior articular facet of seventh cervical vertebra
771	CL:0001035	bone cell	bone cell	UBERON:0004616	mammalian cervical vertebra 7	cervical vertebra 7
772	CL:0001035	bone cell	bone cell	UBERON:0004616	mammalian cervical vertebra 7	cervical vertebra 7
773	CL:0001035	bone cell	bone cell	UBERON:0004616	mammalian cervical vertebra 7	cervical vertebra 7
774	CL:0001035	bone cell	bone cell	UBERON:0004616	mammalian cervical vertebra 7	cervical vertebra 7
775	CL:0001035	bone cell	bone cell	UBERON:1200287	vertebra prominens of seventh cervical vertebra	vertebra prominens of seventh cervical vertebra
776	CL:0001035	bone cell	bone cell	UBERON:1200302	vertebral arch of seventh cervical vertebra	vertebral arch of seventh cervical vertebra
777	CL:0001035	bone cell	bone cell	UBERON:0004616	mammalian cervical vertebra 7	cervical vertebra 7
778	CL:0001035	bone cell	bone cell	UBERON:0004616	mammalian cervical vertebra 7	cervical vertebra 7
779	CL:0001035	bone cell	bone cell	UBERON:0002414	lumbar vertebra	lumbar vertebra
780	CL:0001035	bone cell	bone cell	UBERON:0004617	lumbar vertebra 1	lumbar vertebra 1
749	CL:0001035	bone cell	bone cell	UBERON:1200097	inferior articular facet of sixth cervical vertebra	inferior articular facet of sixth cervical vertebra
681	CL:0001035	bone cell	bone cell	UBERON:1200255	superior vertebral notch of first cervical vertebra	superior vertebral notch of first cervical vertebra
680	CL:0001035	bone cell	bone cell	UBERON:1200250	superior articular process of first cervical vertebra	superior articular process of first cervical vertebra
678	CL:0001035	bone cell	bone cell	UBERON:1200206	spinous process of first cervical vertebra	spinous process of first cervical vertebra
580	CL:0001035	bone cell	bone cell	UBERON:0004604	rib 4	rib 4
581	CL:0001035	bone cell	bone cell	UBERON:0004604	rib 4	rib 4
582	CL:0001035	bone cell	bone cell	UBERON:1200152	non-articular facet of tubercle of fourth rib	non-articular facet of tubercle of fourth rib
583	CL:0001035	bone cell	bone cell	UBERON:1200213	sternal end of fourth rib	sternal end of fourth rib
584	CL:0001035	bone cell	bone cell	UBERON:0004604	rib 4	rib 4
585	CL:0001035	bone cell	bone cell	UBERON:0004604	rib 4	rib 4
586	CL:0001035	bone cell	bone cell	UBERON:0004605	rib 5	rib 5
587	CL:0001035	bone cell	bone cell	UBERON:0004605	rib 5	rib 5
588	CL:0001035	bone cell	bone cell	UBERON:0004605	rib 5	rib 5
589	CL:0001035	bone cell	bone cell	UBERON:0004605	rib 5	rib 5
590	CL:0001035	bone cell	bone cell	UBERON:0004605	rib 5	rib 5
591	CL:0001035	bone cell	bone cell	UBERON:0004605	rib 5	rib 5
592	CL:0001035	bone cell	bone cell	UBERON:0004605	rib 5	rib 5
579	CL:0001035	bone cell	bone cell	UBERON:0004604	rib 4	rib 4
593	CL:0001035	bone cell	bone cell	UBERON:0004605	rib 5	rib 5
595	CL:0001035	bone cell	bone cell	UBERON:1200150	non-articular facet of tubercle of fifth rib	non-articular facet of tubercle of fifth rib
596	CL:0001035	bone cell	bone cell	UBERON:1200211	sternal end of fifth rib	sternal end of fifth rib
597	CL:0001035	bone cell	bone cell	UBERON:0004605	rib 5	rib 5
598	CL:0001035	bone cell	bone cell	UBERON:0004605	rib 5	rib 5
599	CL:0001035	bone cell	bone cell	UBERON:0004606	rib 6	rib 6
600	CL:0001035	bone cell	bone cell	UBERON:0004606	rib 6	rib 6
601	CL:0001035	bone cell	bone cell	UBERON:0004606	rib 6	rib 6
602	CL:0001035	bone cell	bone cell	UBERON:0004606	rib 6	rib 6
603	CL:0001035	bone cell	bone cell	UBERON:0004606	rib 6	rib 6
604	CL:0001035	bone cell	bone cell	UBERON:0004606	rib 6	rib 6
605	CL:0001035	bone cell	bone cell	UBERON:0004606	rib 6	rib 6
606	CL:0001035	bone cell	bone cell	UBERON:0004606	rib 6	rib 6
607	CL:0001035	bone cell	bone cell	UBERON:0004606	rib 6	rib 6
594	CL:0001035	bone cell	bone cell	UBERON:0004605	rib 5	rib 5
578	CL:0001035	bone cell	bone cell	UBERON:0004604	rib 4	rib 4
577	CL:0001035	bone cell	bone cell	UBERON:0004604	rib 4	rib 4
576	CL:0001035	bone cell	bone cell	UBERON:0004604	rib 4	rib 4
545	CL:0001035	bone cell	bone cell	UBERON:1200041	facet of twelfth rib	facet of twelfth rib
546	CL:0001035	bone cell	bone cell	UBERON:0004611	rib 12	rib 12
547	CL:0001035	bone cell	bone cell	UBERON:1200220	sternal end of twelfth rib	sternal end of twelfth rib
548	CL:0001035	bone cell	bone cell	UBERON:0004602	rib 2	rib 2
549	CL:0001035	bone cell	bone cell	UBERON:0004602	rib 2	rib 2
550	CL:0001035	bone cell	bone cell	UBERON:0004602	rib 2	rib 2
551	CL:0001035	bone cell	bone cell	UBERON:0004602	rib 2	rib 2
552	CL:0001035	bone cell	bone cell	UBERON:0004602	rib 2	rib 2
553	CL:0001035	bone cell	bone cell	UBERON:0004602	rib 2	rib 2
554	CL:0001035	bone cell	bone cell	UBERON:0004602	rib 2	rib 2
555	CL:0001035	bone cell	bone cell	UBERON:0004602	rib 2	rib 2
557	CL:0001035	bone cell	bone cell	UBERON:1200215	sternal end of second rib	sternal end of second rib
558	CL:0001035	bone cell	bone cell	UBERON:0004602	rib 2	rib 2
559	CL:0001035	bone cell	bone cell	UBERON:0004602	rib 2	rib 2
560	CL:0001035	bone cell	bone cell	UBERON:0004603	rib 3	rib 3
561	CL:0001035	bone cell	bone cell	UBERON:0004603	rib 3	rib 3
562	CL:0001035	bone cell	bone cell	UBERON:0004603	rib 3	rib 3
563	CL:0001035	bone cell	bone cell	UBERON:0004603	rib 3	rib 3
564	CL:0001035	bone cell	bone cell	UBERON:0004603	rib 3	rib 3
565	CL:0001035	bone cell	bone cell	UBERON:0004603	rib 3	rib 3
566	CL:0001035	bone cell	bone cell	UBERON:0004603	rib 3	rib 3
567	CL:0001035	bone cell	bone cell	UBERON:0004603	rib 3	rib 3
568	CL:0001035	bone cell	bone cell	UBERON:0004603	rib 3	rib 3
569	CL:0001035	bone cell	bone cell	UBERON:1200158	non-articular facet of tubercle of third rib	non-articular facet of tubercle of third rib
571	CL:0001035	bone cell	bone cell	UBERON:0004603	rib 3	rib 3
572	CL:0001035	bone cell	bone cell	UBERON:0004603	rib 3	rib 3
573	CL:0001035	bone cell	bone cell	UBERON:0004604	rib 4	rib 4
574	CL:0001035	bone cell	bone cell	UBERON:0004604	rib 4	rib 4
575	CL:0001035	bone cell	bone cell	UBERON:0004604	rib 4	rib 4
608	CL:0001035	bone cell	bone cell	UBERON:1200156	non-articular facet of tubercle of sixth rib	non-articular facet of tubercle of sixth rib
609	CL:0001035	bone cell	bone cell	UBERON:1200217	sternal end of sixth rib	sternal end of sixth rib
610	CL:0001035	bone cell	bone cell	UBERON:0004606	rib 6	rib 6
611	CL:0001035	bone cell	bone cell	UBERON:0004606	rib 6	rib 6
645	CL:0001035	bone cell	bone cell	UBERON:0004608	rib 9	rib 9
646	CL:0001035	bone cell	bone cell	UBERON:0004608	rib 9	rib 9
648	CL:0001035	bone cell	bone cell	UBERON:1200214	sternal end of ninth rib	sternal end of ninth rib
649	CL:0001035	bone cell	bone cell	UBERON:0004608	rib 9	rib 9
650	CL:0001035	bone cell	bone cell	UBERON:0004608	rib 9	rib 9
651	CL:0001035	bone cell	bone cell	UBERON:1200221	sternal region bone	sternal region bone
652	CL:0001035	bone cell	bone cell	UBERON:0000975	sternum	sternum
653	CL:0001035	bone cell	bone cell	UBERON:0000975	sternum	sternum
655	CL:0001035	bone cell	bone cell	UBERON:0000975	sternum	sternum
656	CL:0001035	bone cell	bone cell	UBERON:0002205	manubrium of sternum	manubrium of sternum
657	CL:0001035	bone cell	bone cell	UBERON:1200208	sternal angle of sternum	sternal angle of sternum
658	CL:0001035	bone cell	bone cell	UBERON:0006820	body of sternum	sternal body of sternum
659	CL:0001035	bone cell	bone cell	UBERON:1200278	transverse ridges of sternum	transverse ridges of sternum
660	CL:0001035	bone cell	bone cell	UBERON:0000975	sternum	sternum
661	CL:0001035	bone cell	bone cell	UBERON:0001130	vertebral column	vertebral column
662	CL:0001035	bone cell	bone cell	UBERON:0001095	caudal vertebra	caudal vertebra
663	CL:0001035	bone cell	bone cell	UBERON:0001350	coccyx	coccyx
664	CL:0001035	bone cell	bone cell	UBERON:1200026	coccygeal cornu of coccyx	coccygeal cornu of coccyx
665	CL:0001035	bone cell	bone cell	UBERON:0001077	transverse process of vertebra	transverse process of coccyx
666	CL:0001035	bone cell	bone cell	UBERON:0002413	cervical vertebra	cervical vertebra
667	CL:0001035	bone cell	bone cell	UBERON:0001092	vertebral bone 1	cervical vertebra 1
668	CL:0001035	bone cell	bone cell	UBERON:1200008	anterior arch of first cervical vertebra	anterior arch of first cervical vertebra
669	CL:0001035	bone cell	bone cell	UBERON:1200012	anterior tubercle of first cervical vertebra	anterior tubercle of first cervical vertebra
671	CL:0001035	bone cell	bone cell	UBERON:1200088	inferior articular facet of first cervical vertebra	inferior articular facet of first cervical vertebra
673	CL:0001035	bone cell	bone cell	UBERON:1200109	inferior vertebral notch of first cervical vertebra	inferior vertebral notch of first cervical vertebra
674	CL:0001035	bone cell	bone cell	UBERON:1200121	lamina of first cervical vertebra	lamina of first cervical vertebra
675	CL:0001035	bone cell	bone cell	UBERON:1200168	pedicle of first cervical vertebra	pedicle of first cervical vertebra
676	CL:0001035	bone cell	bone cell	UBERON:1200172	posterior arch of first cervical vertebra	posterior arch of first cervical vertebra
677	CL:0001035	bone cell	bone cell	UBERON:0001092	vertebral bone 1	cervical vertebra 1
644	CL:0001035	bone cell	bone cell	UBERON:0004608	rib 9	rib 9
813	CL:0001035	bone cell	bone cell	UBERON:0004619	lumbar vertebra 3	lumbar vertebra 3
643	CL:0001035	bone cell	bone cell	UBERON:0004608	rib 9	rib 9
641	CL:0001035	bone cell	bone cell	UBERON:0004608	rib 9	rib 9
612	CL:0001035	bone cell	bone cell	UBERON:0004607	rib 7	rib 7
613	CL:0001035	bone cell	bone cell	UBERON:0004607	rib 7	rib 7
614	CL:0001035	bone cell	bone cell	UBERON:0004607	rib 7	rib 7
615	CL:0001035	bone cell	bone cell	UBERON:0004607	rib 7	rib 7
616	CL:0001035	bone cell	bone cell	UBERON:0004607	rib 7	rib 7
617	CL:0001035	bone cell	bone cell	UBERON:0004607	rib 7	rib 7
618	CL:0001035	bone cell	bone cell	UBERON:0004607	rib 7	rib 7
619	CL:0001035	bone cell	bone cell	UBERON:0004607	rib 7	rib 7
620	CL:0001035	bone cell	bone cell	UBERON:0004607	rib 7	rib 7
621	CL:0001035	bone cell	bone cell	UBERON:1200155	non-articular facet of tubercle of seventh rib	non-articular facet of tubercle of seventh rib
622	CL:0001035	bone cell	bone cell	UBERON:1200216	sternal end of seventh rib	sternal end of seventh rib
623	CL:0001035	bone cell	bone cell	UBERON:0004607	rib 7	rib 7
624	CL:0001035	bone cell	bone cell	UBERON:0004607	rib 7	rib 7
625	CL:0001035	bone cell	bone cell	UBERON:0010757	rib 8	rib 8
626	CL:0001035	bone cell	bone cell	UBERON:0010757	rib 8	rib 8
627	CL:0001035	bone cell	bone cell	UBERON:0010757	rib 8	rib 8
628	CL:0001035	bone cell	bone cell	UBERON:0010757	rib 8	rib 8
629	CL:0001035	bone cell	bone cell	UBERON:0010757	rib 8	rib 8
630	CL:0001035	bone cell	bone cell	UBERON:0010757	rib 8	rib 8
631	CL:0001035	bone cell	bone cell	UBERON:0010757	rib 8	rib 8
632	CL:0001035	bone cell	bone cell	UBERON:0010757	rib 8	rib 8
633	CL:0001035	bone cell	bone cell	UBERON:0010757	rib 8	rib 8
634	CL:0001035	bone cell	bone cell	UBERON:1200149	non-articular facet of tubercle of eighth rib	non-articular facet of tubercle of eighth rib
635	CL:0001035	bone cell	bone cell	UBERON:1200209	sternal end of eighth rib	sternal end of eighth rib
636	CL:0001035	bone cell	bone cell	UBERON:0010757	rib 8	rib 8
637	CL:0001035	bone cell	bone cell	UBERON:0010757	rib 8	rib 8
638	CL:0001035	bone cell	bone cell	UBERON:0004608	rib 9	rib 9
639	CL:0001035	bone cell	bone cell	UBERON:0004608	rib 9	rib 9
640	CL:0001035	bone cell	bone cell	UBERON:0004608	rib 9	rib 9
642	CL:0001035	bone cell	bone cell	UBERON:0004608	rib 9	rib 9
544	CL:0001035	bone cell	bone cell	UBERON:1200029	costal groove of twelfth rib	costal groove of twelfth rib
814	CL:0001035	bone cell	bone cell	UBERON:0004619	lumbar vertebra 3	lumbar vertebra 3
816	CL:0001035	bone cell	bone cell	UBERON:0004619	lumbar vertebra 3	lumbar vertebra 3
986	CL:0001035	bone cell	bone cell	UBERON:0004629	thoracic vertebra 4	thoracic vertebra 4
987	CL:0001035	bone cell	bone cell	UBERON:0004629	thoracic vertebra 4	thoracic vertebra 4
988	CL:0001035	bone cell	bone cell	UBERON:0004629	thoracic vertebra 4	thoracic vertebra 4
989	CL:0001035	bone cell	bone cell	UBERON:1200236	superior articular facet of fourth thoracic vertebra	superior articular facet of fourth thoracic vertebra
990	CL:0001035	bone cell	bone cell	UBERON:0004629	thoracic vertebra 4	thoracic vertebra 4
991	CL:0001035	bone cell	bone cell	UBERON:0004629	thoracic vertebra 4	thoracic vertebra 4
992	CL:0001035	bone cell	bone cell	UBERON:0004629	thoracic vertebra 4	thoracic vertebra 4
993	CL:0001035	bone cell	bone cell	UBERON:1200269	transverse costal facet of fourth thoracic vertebra	transverse costal facet of fourth thoracic vertebra
994	CL:0001035	bone cell	bone cell	UBERON:0004629	thoracic vertebra 4	thoracic vertebra 4
995	CL:0001035	bone cell	bone cell	UBERON:1200297	vertebral arch of fourth thoracic vertebra	vertebral arch of fourth thoracic vertebra
996	CL:0001035	bone cell	bone cell	UBERON:0004629	thoracic vertebra 4	thoracic vertebra 4
997	CL:0001035	bone cell	bone cell	UBERON:0004629	thoracic vertebra 4	thoracic vertebra 4
998	CL:0001035	bone cell	bone cell	UBERON:0004630	thoracic vertebra 5	thoracic vertebra 5
985	CL:0001035	bone cell	bone cell	UBERON:0004629	thoracic vertebra 4	thoracic vertebra 4
999	CL:0001035	bone cell	bone cell	UBERON:1200087	inferior articular facet of fifth thoracic vertebra	inferior articular facet of fifth thoracic vertebra
1001	CL:0001035	bone cell	bone cell	UBERON:0004630	thoracic vertebra 5	thoracic vertebra 5
1002	CL:0001035	bone cell	bone cell	UBERON:0004630	thoracic vertebra 5	thoracic vertebra 5
1003	CL:0001035	bone cell	bone cell	UBERON:0004630	thoracic vertebra 5	thoracic vertebra 5
1004	CL:0001035	bone cell	bone cell	UBERON:0004630	thoracic vertebra 5	thoracic vertebra 5
1005	CL:0001035	bone cell	bone cell	UBERON:0004630	thoracic vertebra 5	thoracic vertebra 5
1006	CL:0001035	bone cell	bone cell	UBERON:1200230	superior articular facet of fifth thoracic vertebra	superior articular facet of fifth thoracic vertebra
1007	CL:0001035	bone cell	bone cell	UBERON:0004630	thoracic vertebra 5	thoracic vertebra 5
1008	CL:0001035	bone cell	bone cell	UBERON:0004630	thoracic vertebra 5	thoracic vertebra 5
1009	CL:0001035	bone cell	bone cell	UBERON:0004630	thoracic vertebra 5	thoracic vertebra 5
1011	CL:0001035	bone cell	bone cell	UBERON:0004630	thoracic vertebra 5	thoracic vertebra 5
1012	CL:0001035	bone cell	bone cell	UBERON:1200292	vertebral arch of fifth thoracic vertebra	vertebral arch of fifth thoracic vertebra
1013	CL:0001035	bone cell	bone cell	UBERON:0004630	thoracic vertebra 5	thoracic vertebra 5
1014	CL:0001035	bone cell	bone cell	UBERON:0004630	thoracic vertebra 5	thoracic vertebra 5
1000	CL:0001035	bone cell	bone cell	UBERON:0004630	thoracic vertebra 5	thoracic vertebra 5
984	CL:0001035	bone cell	bone cell	UBERON:0004629	thoracic vertebra 4	thoracic vertebra 4
983	CL:0001035	bone cell	bone cell	UBERON:0004629	thoracic vertebra 4	thoracic vertebra 4
982	CL:0001035	bone cell	bone cell	UBERON:1200091	inferior articular facet of fourth thoracic vertebra	inferior articular facet of fourth thoracic vertebra
951	CL:0001035	bone cell	bone cell	UBERON:0004627	thoracic vertebra 2	thoracic vertebra 2
952	CL:0001035	bone cell	bone cell	UBERON:0004627	thoracic vertebra 2	thoracic vertebra 2
953	CL:0001035	bone cell	bone cell	UBERON:0004627	thoracic vertebra 2	thoracic vertebra 2
954	CL:0001035	bone cell	bone cell	UBERON:0004627	thoracic vertebra 2	thoracic vertebra 2
955	CL:0001035	bone cell	bone cell	UBERON:1200240	superior articular facet of second thoracic vertebra	superior articular facet of second thoracic vertebra
956	CL:0001035	bone cell	bone cell	UBERON:0004627	thoracic vertebra 2	thoracic vertebra 2
957	CL:0001035	bone cell	bone cell	UBERON:0004627	thoracic vertebra 2	thoracic vertebra 2
958	CL:0001035	bone cell	bone cell	UBERON:0004627	thoracic vertebra 2	thoracic vertebra 2
959	CL:0001035	bone cell	bone cell	UBERON:1200271	transverse costal facet of second thoracic vertebra	transverse costal facet of second thoracic vertebra
960	CL:0001035	bone cell	bone cell	UBERON:0004627	thoracic vertebra 2	thoracic vertebra 2
961	CL:0001035	bone cell	bone cell	UBERON:1200301	vertebral arch of second thoracic vertebra	vertebral arch of second thoracic vertebra
962	CL:0001035	bone cell	bone cell	UBERON:0004627	thoracic vertebra 2	thoracic vertebra 2
963	CL:0001035	bone cell	bone cell	UBERON:0004627	thoracic vertebra 2	thoracic vertebra 2
964	CL:0001035	bone cell	bone cell	UBERON:0004628	thoracic vertebra 3	thoracic vertebra 3
966	CL:0001035	bone cell	bone cell	UBERON:0004628	thoracic vertebra 3	thoracic vertebra 3
967	CL:0001035	bone cell	bone cell	UBERON:0004628	thoracic vertebra 3	thoracic vertebra 3
968	CL:0001035	bone cell	bone cell	UBERON:0004628	thoracic vertebra 3	thoracic vertebra 3
969	CL:0001035	bone cell	bone cell	UBERON:0004628	thoracic vertebra 3	thoracic vertebra 3
970	CL:0001035	bone cell	bone cell	UBERON:0004628	thoracic vertebra 3	thoracic vertebra 3
971	CL:0001035	bone cell	bone cell	UBERON:0004628	thoracic vertebra 3	thoracic vertebra 3
972	CL:0001035	bone cell	bone cell	UBERON:1200248	superior articular facet of third thoracic vertebra	superior articular facet of third thoracic vertebra
973	CL:0001035	bone cell	bone cell	UBERON:0004628	thoracic vertebra 3	thoracic vertebra 3
974	CL:0001035	bone cell	bone cell	UBERON:0004628	thoracic vertebra 3	thoracic vertebra 3
975	CL:0001035	bone cell	bone cell	UBERON:0004628	thoracic vertebra 3	thoracic vertebra 3
977	CL:0001035	bone cell	bone cell	UBERON:0004628	thoracic vertebra 3	thoracic vertebra 3
978	CL:0001035	bone cell	bone cell	UBERON:1200309	vertebral arch of third thoracic vertebra	vertebral arch of third thoracic vertebra
979	CL:0001035	bone cell	bone cell	UBERON:0004628	thoracic vertebra 3	thoracic vertebra 3
980	CL:0001035	bone cell	bone cell	UBERON:0004628	thoracic vertebra 3	thoracic vertebra 3
981	CL:0001035	bone cell	bone cell	UBERON:0004629	thoracic vertebra 4	thoracic vertebra 4
1015	CL:0001035	bone cell	bone cell	UBERON:0004631	thoracic vertebra 6	thoracic vertebra 6
950	CL:0001035	bone cell	bone cell	UBERON:0004627	thoracic vertebra 2	thoracic vertebra 2
1016	CL:0001035	bone cell	bone cell	UBERON:1200098	inferior articular facet of sixth thoracic vertebra	inferior articular facet of sixth thoracic vertebra
1018	CL:0001035	bone cell	bone cell	UBERON:0004631	thoracic vertebra 6	thoracic vertebra 6
1052	CL:0001035	bone cell	bone cell	UBERON:0011050	thoracic vertebra 8	thoracic vertebra 8
1053	CL:0001035	bone cell	bone cell	UBERON:0011050	thoracic vertebra 8	thoracic vertebra 8
1054	CL:0001035	bone cell	bone cell	UBERON:0011050	thoracic vertebra 8	thoracic vertebra 8
1055	CL:0001035	bone cell	bone cell	UBERON:0011050	thoracic vertebra 8	thoracic vertebra 8
1056	CL:0001035	bone cell	bone cell	UBERON:0011050	thoracic vertebra 8	thoracic vertebra 8
1057	CL:0001035	bone cell	bone cell	UBERON:1200226	superior articular facet of eighth thoracic vertebra	superior articular facet of eighth thoracic vertebra
1058	CL:0001035	bone cell	bone cell	UBERON:0011050	thoracic vertebra 8	thoracic vertebra 8
1059	CL:0001035	bone cell	bone cell	UBERON:0011050	thoracic vertebra 8	thoracic vertebra 8
1060	CL:0001035	bone cell	bone cell	UBERON:0011050	thoracic vertebra 8	thoracic vertebra 8
1061	CL:0001035	bone cell	bone cell	UBERON:1200265	transverse costal facet of eighth thoracic vertebra	transverse costal facet of eighth thoracic vertebra
1062	CL:0001035	bone cell	bone cell	UBERON:0011050	thoracic vertebra 8	thoracic vertebra 8
1063	CL:0001035	bone cell	bone cell	UBERON:1200288	vertebral arch of eighth thoracic vertebra	vertebral arch of eighth thoracic vertebra
1064	CL:0001035	bone cell	bone cell	UBERON:0011050	thoracic vertebra 8	thoracic vertebra 8
1051	CL:0001035	bone cell	bone cell	UBERON:0011050	thoracic vertebra 8	thoracic vertebra 8
1065	CL:0001035	bone cell	bone cell	UBERON:0011050	thoracic vertebra 8	thoracic vertebra 8
1067	CL:0001035	bone cell	bone cell	UBERON:1200092	inferior articular facet of ninth thoracic vertebra	inferior articular facet of ninth thoracic vertebra
1068	CL:0001035	bone cell	bone cell	UBERON:0004633	thoracic vertebra 9	thoracic vertebra 9
1069	CL:0001035	bone cell	bone cell	UBERON:0004633	thoracic vertebra 9	thoracic vertebra 9
1070	CL:0001035	bone cell	bone cell	UBERON:0004633	thoracic vertebra 9	thoracic vertebra 9
1071	CL:0001035	bone cell	bone cell	UBERON:0004633	thoracic vertebra 9	thoracic vertebra 9
1072	CL:0001035	bone cell	bone cell	UBERON:0004633	thoracic vertebra 9	thoracic vertebra 9
1073	CL:0001035	bone cell	bone cell	UBERON:0004633	thoracic vertebra 9	thoracic vertebra 9
1074	CL:0001035	bone cell	bone cell	UBERON:1200237	superior articular facet of ninth thoracic vertebra	superior articular facet of ninth thoracic vertebra
1075	CL:0001035	bone cell	bone cell	UBERON:0004633	thoracic vertebra 9	thoracic vertebra 9
1076	CL:0001035	bone cell	bone cell	UBERON:0004633	thoracic vertebra 9	thoracic vertebra 9
1077	CL:0001035	bone cell	bone cell	UBERON:0004633	thoracic vertebra 9	thoracic vertebra 9
1078	CL:0001035	bone cell	bone cell	UBERON:1200270	transverse costal facet of ninth thoracic vertebra	transverse costal facet of ninth thoracic vertebra
1079	CL:0001035	bone cell	bone cell	UBERON:0004633	thoracic vertebra 9	thoracic vertebra 9
1066	CL:0001035	bone cell	bone cell	UBERON:0004633	thoracic vertebra 9	thoracic vertebra 9
1050	CL:0001035	bone cell	bone cell	UBERON:1200084	inferior articular facet of eighth thoracic vertebra	inferior articular facet of eighth thoracic vertebra
1049	CL:0001035	bone cell	bone cell	UBERON:0011050	thoracic vertebra 8	thoracic vertebra 8
1048	CL:0001035	bone cell	bone cell	UBERON:0004632	thoracic vertebra 7	thoracic vertebra 7
1019	CL:0001035	bone cell	bone cell	UBERON:0004631	thoracic vertebra 6	thoracic vertebra 6
1020	CL:0001035	bone cell	bone cell	UBERON:0004631	thoracic vertebra 6	thoracic vertebra 6
1021	CL:0001035	bone cell	bone cell	UBERON:0004631	thoracic vertebra 6	thoracic vertebra 6
1022	CL:0001035	bone cell	bone cell	UBERON:0004631	thoracic vertebra 6	thoracic vertebra 6
1023	CL:0001035	bone cell	bone cell	UBERON:1200244	superior articular facet of sixth thoracic vertebra	superior articular facet of sixth thoracic vertebra
1024	CL:0001035	bone cell	bone cell	UBERON:0004631	thoracic vertebra 6	thoracic vertebra 6
1025	CL:0001035	bone cell	bone cell	UBERON:0004631	thoracic vertebra 6	thoracic vertebra 6
1026	CL:0001035	bone cell	bone cell	UBERON:0004631	thoracic vertebra 6	thoracic vertebra 6
1027	CL:0001035	bone cell	bone cell	UBERON:1200273	transverse costal facet of sixth thoracic vertebra	transverse costal facet of sixth thoracic vertebra
1028	CL:0001035	bone cell	bone cell	UBERON:0004631	thoracic vertebra 6	thoracic vertebra 6
1029	CL:0001035	bone cell	bone cell	UBERON:1200305	vertebral arch of sixth thoracic vertebra	vertebral arch of sixth thoracic vertebra
1030	CL:0001035	bone cell	bone cell	UBERON:0004631	thoracic vertebra 6	thoracic vertebra 6
1031	CL:0001035	bone cell	bone cell	UBERON:0004631	thoracic vertebra 6	thoracic vertebra 6
1032	CL:0001035	bone cell	bone cell	UBERON:0004632	thoracic vertebra 7	thoracic vertebra 7
1033	CL:0001035	bone cell	bone cell	UBERON:1200096	inferior articular facet of seventh thoracic vertebra	inferior articular facet of seventh thoracic vertebra
1034	CL:0001035	bone cell	bone cell	UBERON:0004632	thoracic vertebra 7	thoracic vertebra 7
1035	CL:0001035	bone cell	bone cell	UBERON:0004632	thoracic vertebra 7	thoracic vertebra 7
1036	CL:0001035	bone cell	bone cell	UBERON:0004632	thoracic vertebra 7	thoracic vertebra 7
1037	CL:0001035	bone cell	bone cell	UBERON:0004632	thoracic vertebra 7	thoracic vertebra 7
1038	CL:0001035	bone cell	bone cell	UBERON:0004632	thoracic vertebra 7	thoracic vertebra 7
1039	CL:0001035	bone cell	bone cell	UBERON:0004632	thoracic vertebra 7	thoracic vertebra 7
1040	CL:0001035	bone cell	bone cell	UBERON:1200242	superior articular facet of seventh thoracic vertebra	superior articular facet of seventh thoracic vertebra
1041	CL:0001035	bone cell	bone cell	UBERON:0004632	thoracic vertebra 7	thoracic vertebra 7
1042	CL:0001035	bone cell	bone cell	UBERON:0004632	thoracic vertebra 7	thoracic vertebra 7
1043	CL:0001035	bone cell	bone cell	UBERON:0004632	thoracic vertebra 7	thoracic vertebra 7
1044	CL:0001035	bone cell	bone cell	UBERON:1200272	transverse costal facet of seventh thoracic vertebra	transverse costal facet of seventh thoracic vertebra
1045	CL:0001035	bone cell	bone cell	UBERON:0004632	thoracic vertebra 7	thoracic vertebra 7
1046	CL:0001035	bone cell	bone cell	UBERON:1200303	vertebral arch of seventh thoracic vertebra	vertebral arch of seventh thoracic vertebra
1047	CL:0001035	bone cell	bone cell	UBERON:0004632	thoracic vertebra 7	thoracic vertebra 7
1017	CL:0001035	bone cell	bone cell	UBERON:0004631	thoracic vertebra 6	thoracic vertebra 6
949	CL:0001035	bone cell	bone cell	UBERON:0004627	thoracic vertebra 2	thoracic vertebra 2
948	CL:0001035	bone cell	bone cell	UBERON:1200094	inferior articular facet of second thoracic vertebra	inferior articular facet of second thoracic vertebra
947	CL:0001035	bone cell	bone cell	UBERON:0004627	thoracic vertebra 2	thoracic vertebra 2
850	CL:0001035	bone cell	bone cell	UBERON:1200129	mammillary process of fifth lumbar vertebra	mammillary process of fifth lumbar vertebra
851	CL:0001035	bone cell	bone cell	UBERON:0004621	lumbar vertebra 5	lumbar vertebra 5
852	CL:0001035	bone cell	bone cell	UBERON:0004621	lumbar vertebra 5	lumbar vertebra 5
853	CL:0001035	bone cell	bone cell	UBERON:1200229	superior articular facet of fifth lumbar vertebra	superior articular facet of fifth lumbar vertebra
854	CL:0001035	bone cell	bone cell	UBERON:0004621	lumbar vertebra 5	lumbar vertebra 5
855	CL:0001035	bone cell	bone cell	UBERON:0004621	lumbar vertebra 5	lumbar vertebra 5
856	CL:0001035	bone cell	bone cell	UBERON:0004621	lumbar vertebra 5	lumbar vertebra 5
857	CL:0001035	bone cell	bone cell	UBERON:1200291	vertebral arch of fifth lumbar vertebra	vertebral arch of fifth lumbar vertebra
858	CL:0001035	bone cell	bone cell	UBERON:0004621	lumbar vertebra 5	lumbar vertebra 5
859	CL:0001035	bone cell	bone cell	UBERON:0004621	lumbar vertebra 5	lumbar vertebra 5
860	CL:0001035	bone cell	bone cell	UBERON:0001094	sacral vertebra	sacral vertebra
861	CL:0001035	bone cell	bone cell	UBERON:0003690	fused sacrum	sacrum
862	CL:0001035	bone cell	bone cell	UBERON:1200006	alae of sacrum	alae of sacrum
849	CL:0001035	bone cell	bone cell	UBERON:0004621	lumbar vertebra 5	lumbar vertebra 5
863	CL:0001035	bone cell	bone cell	UBERON:1200011	anterior sacral foramina of sacrum	anterior sacral foramina of sacrum
865	CL:0001035	bone cell	bone cell	UBERON:1200114	intermediate sacral crest of sacrum	intermediate sacral crest of sacrum
866	CL:0001035	bone cell	bone cell	UBERON:1200125	lateral sacral crest of sacrum	lateral sacral crest of sacrum
867	CL:0001035	bone cell	bone cell	UBERON:1200127	linea terminalis of sacrum	linea terminalis of sacrum
868	CL:0001035	bone cell	bone cell	UBERON:1200143	median sacral crest of sacrum	median sacral crest of sacrum
869	CL:0001035	bone cell	bone cell	UBERON:1200175	posterior sacral foramina of sacrum	posterior sacral foramina of sacrum
870	CL:0001035	bone cell	bone cell	UBERON:1200189	sacral apex of sacrum	sacral apex of sacrum
871	CL:0001035	bone cell	bone cell	UBERON:1200190	sacral canal of sacrum	sacral canal of sacrum
872	CL:0001035	bone cell	bone cell	UBERON:1200191	sacral cornu of sacrum	sacral cornu of sacrum
873	CL:0001035	bone cell	bone cell	UBERON:1200192	sacral hiatus of sacrum	sacral hiatus of sacrum
874	CL:0001035	bone cell	bone cell	UBERON:1200193	sacral promontory of sacrum	sacral promontory of sacrum
875	CL:0001035	bone cell	bone cell	UBERON:1200194	sacral spine of sacrum	sacral spine of sacrum
876	CL:0001035	bone cell	bone cell	UBERON:1200195	sacral tuberosity of sacrum	sacral tuberosity of sacrum
877	CL:0001035	bone cell	bone cell	UBERON:0003690	fused sacrum	sacrum
864	CL:0001035	bone cell	bone cell	UBERON:0003690	fused sacrum	sacrum
848	CL:0001035	bone cell	bone cell	UBERON:0004621	lumbar vertebra 5	lumbar vertebra 5
847	CL:0001035	bone cell	bone cell	UBERON:0004621	lumbar vertebra 5	lumbar vertebra 5
846	CL:0001035	bone cell	bone cell	UBERON:0004621	lumbar vertebra 5	lumbar vertebra 5
817	CL:0001035	bone cell	bone cell	UBERON:0004619	lumbar vertebra 3	lumbar vertebra 3
818	CL:0001035	bone cell	bone cell	UBERON:1200133	mammillary process of third lumbar vertebra	mammillary process of third lumbar vertebra
819	CL:0001035	bone cell	bone cell	UBERON:0004619	lumbar vertebra 3	lumbar vertebra 3
820	CL:0001035	bone cell	bone cell	UBERON:0004619	lumbar vertebra 3	lumbar vertebra 3
821	CL:0001035	bone cell	bone cell	UBERON:1200247	superior articular facet of third lumbar vertebra	superior articular facet of third lumbar vertebra
822	CL:0001035	bone cell	bone cell	UBERON:0004619	lumbar vertebra 3	lumbar vertebra 3
823	CL:0001035	bone cell	bone cell	UBERON:0004619	lumbar vertebra 3	lumbar vertebra 3
824	CL:0001035	bone cell	bone cell	UBERON:0004619	lumbar vertebra 3	lumbar vertebra 3
825	CL:0001035	bone cell	bone cell	UBERON:1200308	vertebral arch of third lumbar vertebra	vertebral arch of third lumbar vertebra
826	CL:0001035	bone cell	bone cell	UBERON:0004619	lumbar vertebra 3	lumbar vertebra 3
827	CL:0001035	bone cell	bone cell	UBERON:0004619	lumbar vertebra 3	lumbar vertebra 3
828	CL:0001035	bone cell	bone cell	UBERON:0004620	lumbar vertebra 4	lumbar vertebra 4
829	CL:0001035	bone cell	bone cell	UBERON:0004620	lumbar vertebra 4	lumbar vertebra 4
830	CL:0001035	bone cell	bone cell	UBERON:0004620	lumbar vertebra 4	lumbar vertebra 4
831	CL:0001035	bone cell	bone cell	UBERON:0004620	lumbar vertebra 4	lumbar vertebra 4
832	CL:0001035	bone cell	bone cell	UBERON:0004620	lumbar vertebra 4	lumbar vertebra 4
833	CL:0001035	bone cell	bone cell	UBERON:0004620	lumbar vertebra 4	lumbar vertebra 4
834	CL:0001035	bone cell	bone cell	UBERON:1200131	mammillary process of fourth lumbar vertebra	mammillary process of fourth lumbar vertebra
835	CL:0001035	bone cell	bone cell	UBERON:0004620	lumbar vertebra 4	lumbar vertebra 4
836	CL:0001035	bone cell	bone cell	UBERON:0004620	lumbar vertebra 4	lumbar vertebra 4
837	CL:0001035	bone cell	bone cell	UBERON:1200235	superior articular facet of fourth lumbar vertebra	superior articular facet of fourth lumbar vertebra
838	CL:0001035	bone cell	bone cell	UBERON:0004620	lumbar vertebra 4	lumbar vertebra 4
839	CL:0001035	bone cell	bone cell	UBERON:0004620	lumbar vertebra 4	lumbar vertebra 4
840	CL:0001035	bone cell	bone cell	UBERON:0004620	lumbar vertebra 4	lumbar vertebra 4
841	CL:0001035	bone cell	bone cell	UBERON:1200296	vertebral arch of fourth lumbar vertebra	vertebral arch of fourth lumbar vertebra
842	CL:0001035	bone cell	bone cell	UBERON:0004620	lumbar vertebra 4	lumbar vertebra 4
843	CL:0001035	bone cell	bone cell	UBERON:0004620	lumbar vertebra 4	lumbar vertebra 4
844	CL:0001035	bone cell	bone cell	UBERON:0004621	lumbar vertebra 5	lumbar vertebra 5
845	CL:0001035	bone cell	bone cell	UBERON:0004621	lumbar vertebra 5	lumbar vertebra 5
878	CL:0001035	bone cell	bone cell	UBERON:0003690	fused sacrum	sacrum
879	CL:0001035	bone cell	bone cell	UBERON:0003690	fused sacrum	sacrum
880	CL:0001035	bone cell	bone cell	UBERON:0002347	thoracic vertebra	thoracic vertebra
881	CL:0001035	bone cell	bone cell	UBERON:0004626	thoracic vertebra 1	thoracic vertebra 1
917	CL:0001035	bone cell	bone cell	UBERON:0004635	thoracic vertebra 11	thoracic vertebra 11
918	CL:0001035	bone cell	bone cell	UBERON:1200105	inferior costal facet of eleventh thoracic vertebra	inferior costal facet of eleventh thoracic vertebra
919	CL:0001035	bone cell	bone cell	UBERON:0004635	thoracic vertebra 11	thoracic vertebra 11
920	CL:0001035	bone cell	bone cell	UBERON:0004635	thoracic vertebra 11	thoracic vertebra 11
921	CL:0001035	bone cell	bone cell	UBERON:0004635	thoracic vertebra 11	thoracic vertebra 11
922	CL:0001035	bone cell	bone cell	UBERON:0004635	thoracic vertebra 11	thoracic vertebra 11
923	CL:0001035	bone cell	bone cell	UBERON:1200227	superior articular facet of eleventh thoracic vertebra	superior articular facet of eleventh thoracic vertebra
924	CL:0001035	bone cell	bone cell	UBERON:0004635	thoracic vertebra 11	thoracic vertebra 11
925	CL:0001035	bone cell	bone cell	UBERON:1200252	superior costal facet of eleventh thoracic vertebra	superior costal facet of eleventh thoracic vertebra
926	CL:0001035	bone cell	bone cell	UBERON:0004635	thoracic vertebra 11	thoracic vertebra 11
928	CL:0001035	bone cell	bone cell	UBERON:0004635	thoracic vertebra 11	thoracic vertebra 11
929	CL:0001035	bone cell	bone cell	UBERON:1200289	vertebral arch of eleventh thoracic vertebra	vertebral arch of eleventh thoracic vertebra
930	CL:0001035	bone cell	bone cell	UBERON:0004635	thoracic vertebra 11	thoracic vertebra 11
931	CL:0001035	bone cell	bone cell	UBERON:0004635	thoracic vertebra 11	thoracic vertebra 11
932	CL:0001035	bone cell	bone cell	UBERON:0004636	thoracic vertebra 12	thoracic vertebra 12
933	CL:0001035	bone cell	bone cell	UBERON:0004636	thoracic vertebra 12	thoracic vertebra 12
934	CL:0001035	bone cell	bone cell	UBERON:1200102	inferior articular facet of twelfth thoracic vertebra	inferior articular facet of twelfth thoracic vertebra
935	CL:0001035	bone cell	bone cell	UBERON:0004636	thoracic vertebra 12	thoracic vertebra 12
936	CL:0001035	bone cell	bone cell	UBERON:0004636	thoracic vertebra 12	thoracic vertebra 12
937	CL:0001035	bone cell	bone cell	UBERON:0004636	thoracic vertebra 12	thoracic vertebra 12
938	CL:0001035	bone cell	bone cell	UBERON:0004636	thoracic vertebra 12	thoracic vertebra 12
939	CL:0001035	bone cell	bone cell	UBERON:0004636	thoracic vertebra 12	thoracic vertebra 12
940	CL:0001035	bone cell	bone cell	UBERON:1200249	superior articular facet of twelfth thoracic vertebra	superior articular facet of twelfth thoracic vertebra
941	CL:0001035	bone cell	bone cell	UBERON:0004636	thoracic vertebra 12	thoracic vertebra 12
942	CL:0001035	bone cell	bone cell	UBERON:0004636	thoracic vertebra 12	thoracic vertebra 12
943	CL:0001035	bone cell	bone cell	UBERON:0004636	thoracic vertebra 12	thoracic vertebra 12
944	CL:0001035	bone cell	bone cell	UBERON:1200310	vertebral arch of twelfth thoracic vertebra	vertebral arch of twelfth thoracic vertebra
945	CL:0001035	bone cell	bone cell	UBERON:0004636	thoracic vertebra 12	thoracic vertebra 12
946	CL:0001035	bone cell	bone cell	UBERON:0004636	thoracic vertebra 12	thoracic vertebra 12
916	CL:0001035	bone cell	bone cell	UBERON:1200085	inferior articular facet of eleventh thoracic vertebra	inferior articular facet of eleventh thoracic vertebra
815	CL:0001035	bone cell	bone cell	UBERON:0004619	lumbar vertebra 3	lumbar vertebra 3
915	CL:0001035	bone cell	bone cell	UBERON:0004635	thoracic vertebra 11	thoracic vertebra 11
913	CL:0001035	bone cell	bone cell	UBERON:0004634	thoracic vertebra 10	thoracic vertebra 10
883	CL:0001035	bone cell	bone cell	UBERON:0004626	thoracic vertebra 1	thoracic vertebra 1
884	CL:0001035	bone cell	bone cell	UBERON:0004626	thoracic vertebra 1	thoracic vertebra 1
885	CL:0001035	bone cell	bone cell	UBERON:0004626	thoracic vertebra 1	thoracic vertebra 1
886	CL:0001035	bone cell	bone cell	UBERON:0004626	thoracic vertebra 1	thoracic vertebra 1
887	CL:0001035	bone cell	bone cell	UBERON:0004626	thoracic vertebra 1	thoracic vertebra 1
888	CL:0001035	bone cell	bone cell	UBERON:0004626	thoracic vertebra 1	thoracic vertebra 1
890	CL:0001035	bone cell	bone cell	UBERON:0004626	thoracic vertebra 1	thoracic vertebra 1
891	CL:0001035	bone cell	bone cell	UBERON:0004626	thoracic vertebra 1	thoracic vertebra 1
892	CL:0001035	bone cell	bone cell	UBERON:0004626	thoracic vertebra 1	thoracic vertebra 1
893	CL:0001035	bone cell	bone cell	UBERON:1200268	transverse costal facet of first thoracic vertebra	transverse costal facet of first thoracic vertebra
894	CL:0001035	bone cell	bone cell	UBERON:0004626	thoracic vertebra 1	thoracic vertebra 1
895	CL:0001035	bone cell	bone cell	UBERON:1200294	vertebral arch of first thoracic vertebra	vertebral arch of first thoracic vertebra
896	CL:0001035	bone cell	bone cell	UBERON:0004626	thoracic vertebra 1	thoracic vertebra 1
897	CL:0001035	bone cell	bone cell	UBERON:0004626	thoracic vertebra 1	thoracic vertebra 1
898	CL:0001035	bone cell	bone cell	UBERON:0004634	thoracic vertebra 10	thoracic vertebra 10
899	CL:0001035	bone cell	bone cell	UBERON:1200099	inferior articular facet of tenth thoracic vertebra	inferior articular facet of tenth thoracic vertebra
900	CL:0001035	bone cell	bone cell	UBERON:0004634	thoracic vertebra 10	thoracic vertebra 10
901	CL:0001035	bone cell	bone cell	UBERON:1200106	inferior costal facet of tenth thoracic vertebra	inferior costal facet of tenth thoracic vertebra
902	CL:0001035	bone cell	bone cell	UBERON:0004634	thoracic vertebra 10	thoracic vertebra 10
903	CL:0001035	bone cell	bone cell	UBERON:0004634	thoracic vertebra 10	thoracic vertebra 10
904	CL:0001035	bone cell	bone cell	UBERON:0004634	thoracic vertebra 10	thoracic vertebra 10
905	CL:0001035	bone cell	bone cell	UBERON:0004634	thoracic vertebra 10	thoracic vertebra 10
906	CL:0001035	bone cell	bone cell	UBERON:1200245	superior articular facet of tenth thoracic vertebra	superior articular facet of tenth thoracic vertebra
907	CL:0001035	bone cell	bone cell	UBERON:0004634	thoracic vertebra 10	thoracic vertebra 10
908	CL:0001035	bone cell	bone cell	UBERON:0004634	thoracic vertebra 10	thoracic vertebra 10
909	CL:0001035	bone cell	bone cell	UBERON:0004634	thoracic vertebra 10	thoracic vertebra 10
910	CL:0001035	bone cell	bone cell	UBERON:1200274	transverse costal facet of tenth thoracic vertebra	transverse costal facet of tenth thoracic vertebra
911	CL:0001035	bone cell	bone cell	UBERON:0004634	thoracic vertebra 10	thoracic vertebra 10
912	CL:0001035	bone cell	bone cell	UBERON:1200306	vertebral arch of tenth thoracic vertebra	vertebral arch of tenth thoracic vertebra
914	CL:0001035	bone cell	bone cell	UBERON:0004634	thoracic vertebra 10	thoracic vertebra 10
1081	CL:0001035	bone cell	bone cell	UBERON:0004633	thoracic vertebra 9	thoracic vertebra 9
543	CL:0001035	bone cell	bone cell	UBERON:0004611	rib 12	rib 12
541	CL:0001035	bone cell	bone cell	UBERON:1200210	sternal end of eleventh rib	sternal end of eleventh rib
178	CL:0001035	bone cell	bone cell	UBERON:1200015	articular surface for cuboid bone of calcaneus	articular surface for cuboid bone of calcaneus
179	CL:0001035	bone cell	bone cell	UBERON:1200022	body of calcaneus	body of calcaneus
180	CL:0001035	bone cell	bone cell	UBERON:1200025	calcaneal sulcus of calcaneus	calcaneal sulcus of calcaneus
181	CL:0001035	bone cell	bone cell	UBERON:7500094	tubercle of calcaneus	calcaneal tuberosity of calcaneus
182	CL:0001035	bone cell	bone cell	UBERON:1200044	fibular trochlea of calcaneus	fibular trochlea of calcaneus
183	CL:0001035	bone cell	bone cell	UBERON:1200064	groove for tendon of flexor hallucis longus muscle of calcaneus	groove for tendon of flexor hallucis longus muscle of calcaneus
184	CL:0001035	bone cell	bone cell	UBERON:1200123	lateral process of tuberosity of calcaneus	lateral process of tuberosity of calcaneus
185	CL:0001035	bone cell	bone cell	UBERON:1200141	medial process of tuberosity of calcaneus	medial process of tuberosity of calcaneus
186	CL:0001035	bone cell	bone cell	UBERON:0001450	calcaneus	calcaneus
187	CL:0001035	bone cell	bone cell	UBERON:0001450	calcaneus	calcaneus
189	CL:0001035	bone cell	bone cell	UBERON:0001455	cuboid bone	cuboid bone
190	CL:0001035	bone cell	bone cell	UBERON:1200055	groove for fibularis longus tendon of cuboid	groove for fibularis longus tendon of cuboid
191	CL:0001035	bone cell	bone cell	UBERON:0001455	cuboid bone	cuboid bone
177	CL:0001035	bone cell	bone cell	UBERON:0001450	calcaneus	calcaneus
192	CL:0001035	bone cell	bone cell	UBERON:0004315	distal phalanx of pedal digit 1	distal phalanx of digit of foot 1
194	CL:0001035	bone cell	bone cell	UBERON:0004315	distal phalanx of pedal digit 1	distal phalanx of digit of foot 1
195	CL:0001035	bone cell	bone cell	UBERON:0004315	distal phalanx of pedal digit 1	distal phalanx of digit of foot 1
196	CL:0001035	bone cell	bone cell	UBERON:0004316	distal phalanx of pedal digit 2	distal phalanx of digit of foot 2
197	CL:0001035	bone cell	bone cell	UBERON:0004316	distal phalanx of pedal digit 2	distal phalanx of digit of foot 2
199	CL:0001035	bone cell	bone cell	UBERON:0004316	distal phalanx of pedal digit 2	distal phalanx of digit of foot 2
200	CL:0001035	bone cell	bone cell	UBERON:0004317	distal phalanx of pedal digit 3	distal phalanx of digit of foot 3
201	CL:0001035	bone cell	bone cell	UBERON:0004317	distal phalanx of pedal digit 3	distal phalanx of digit of foot 3
202	CL:0001035	bone cell	bone cell	UBERON:0004317	distal phalanx of pedal digit 3	distal phalanx of digit of foot 3
203	CL:0001035	bone cell	bone cell	UBERON:0004317	distal phalanx of pedal digit 3	distal phalanx of digit of foot 3
204	CL:0001035	bone cell	bone cell	UBERON:0004318	distal phalanx of pedal digit 4	distal phalanx of digit of foot 4
205	CL:0001035	bone cell	bone cell	UBERON:0004318	distal phalanx of pedal digit 4	distal phalanx of digit of foot 4
206	CL:0001035	bone cell	bone cell	UBERON:0004318	distal phalanx of pedal digit 4	distal phalanx of digit of foot 4
207	CL:0001035	bone cell	bone cell	UBERON:0004318	distal phalanx of pedal digit 4	distal phalanx of digit of foot 4
193	CL:0001035	bone cell	bone cell	UBERON:1200018	base of first distal phalanx of foot	base of first distal phalanx of foot
176	CL:0001035	bone cell	bone cell	UBERON:0001450	calcaneus	calcaneus
175	CL:0001035	bone cell	bone cell	UBERON:0005899	pes bone	foot bone
174	CL:0001035	bone cell	bone cell	UBERON:0005893	leg bone	leg bone
145	CL:0001035	bone cell	bone cell	UBERON:0002445	ulnare	ulnare
146	CL:0001035	bone cell	bone cell	UBERON:0007829	pectoral girdle bone	pectoral girdle bone
147	CL:0001035	bone cell	bone cell	UBERON:0001105	clavicle bone	clavicle bone
148	CL:0001035	bone cell	bone cell	UBERON:0001105	clavicle bone	clavicle bone
149	CL:0001035	bone cell	bone cell	UBERON:0001105	clavicle bone	clavicle bone
150	CL:0001035	bone cell	bone cell	UBERON:0001105	clavicle bone	clavicle bone
151	CL:0001035	bone cell	bone cell	UBERON:0001105	clavicle bone	clavicle bone
152	CL:0001035	bone cell	bone cell	UBERON:0006805	sternal end of clavicle	sternal end of clavicle
153	CL:0001035	bone cell	bone cell	UBERON:0001105	clavicle bone	clavicle bone
154	CL:0001035	bone cell	bone cell	UBERON:0001105	clavicle bone	clavicle bone
155	CL:0001035	bone cell	bone cell	UBERON:0001105	clavicle bone	clavicle bone
156	CL:0001035	bone cell	bone cell	UBERON:0006849	scapula	scapula
157	CL:0001035	bone cell	bone cell	UBERON:1200005	acromial process of scapula	acromial process of scapula
158	CL:0001035	bone cell	bone cell	UBERON:0006849	scapula	scapula
159	CL:0001035	bone cell	bone cell	UBERON:0006633	coracoid process of scapula	coracoid process of scapula
160	CL:0001035	bone cell	bone cell	UBERON:0006849	scapula	scapula
161	CL:0001035	bone cell	bone cell	UBERON:0007175	inferior angle of scapula	inferior angle of scapula
162	CL:0001035	bone cell	bone cell	UBERON:1200110	infraglenoid tubercle of scapula	infraglenoid tubercle of scapula
163	CL:0001035	bone cell	bone cell	UBERON:1200112	infraspinous fossa of scapula	infraspinous fossa of scapula
164	CL:0001035	bone cell	bone cell	UBERON:0007173	lateral border of scapula	lateral border of scapula
165	CL:0001035	bone cell	bone cell	UBERON:0007174	medial border of scapula	medial border of scapula
166	CL:0001035	bone cell	bone cell	UBERON:0018667	neck of scapula	scapular neck of scapula
167	CL:0001035	bone cell	bone cell	UBERON:1200198	scapular notch of scapula	scapular notch of scapula
168	CL:0001035	bone cell	bone cell	UBERON:1200199	scapular spine of scapula	scapular spine of scapula
169	CL:0001035	bone cell	bone cell	UBERON:4200038	subscapular fossa	subscapular fossa of scapula
170	CL:0001035	bone cell	bone cell	UBERON:0007176	superior angle of scapula	superior angle of scapula
171	CL:0001035	bone cell	bone cell	UBERON:0006849	scapula	scapula
172	CL:0001035	bone cell	bone cell	UBERON:0006849	scapula	scapula
173	CL:0001035	bone cell	bone cell	UBERON:1200261	supraspinous fossa of scapula	supraspinous fossa of scapula
208	CL:0001035	bone cell	bone cell	UBERON:0004319	distal phalanx of pedal digit 5	distal phalanx of digit of foot 5
144	CL:0001035	bone cell	bone cell	UBERON:1200197	scaphoid tubercle of scaphoid	scaphoid tubercle of scaphoid
209	CL:0001035	bone cell	bone cell	UBERON:0004319	distal phalanx of pedal digit 5	distal phalanx of digit of foot 5
211	CL:0001035	bone cell	bone cell	UBERON:0004319	distal phalanx of pedal digit 5	distal phalanx of digit of foot 5
245	CL:0001035	bone cell	bone cell	UBERON:0004326	middle phalanx of pedal digit 4	middle phalanx of digit of foot 4
246	CL:0001035	bone cell	bone cell	UBERON:0004326	middle phalanx of pedal digit 4	middle phalanx of digit of foot 4
247	CL:0001035	bone cell	bone cell	UBERON:0004326	middle phalanx of pedal digit 4	middle phalanx of digit of foot 4
248	CL:0001035	bone cell	bone cell	UBERON:0004327	middle phalanx of pedal digit 5	middle phalanx of digit of foot 5
249	CL:0001035	bone cell	bone cell	UBERON:0004327	middle phalanx of pedal digit 5	middle phalanx of digit of foot 5
250	CL:0001035	bone cell	bone cell	UBERON:0004327	middle phalanx of pedal digit 5	middle phalanx of digit of foot 5
251	CL:0001035	bone cell	bone cell	UBERON:0004327	middle phalanx of pedal digit 5	middle phalanx of digit of foot 5
252	CL:0001035	bone cell	bone cell	UBERON:0001451	navicular bone of pes	navicular bone of foot
253	CL:0001035	bone cell	bone cell	UBERON:0001451	navicular bone of pes	navicular bone of foot
254	CL:0001035	bone cell	bone cell	UBERON:0004332	proximal phalanx of pedal digit 1	proximal phalanx of digit of foot 1
255	CL:0001035	bone cell	bone cell	UBERON:1200020	base of first proximal phalanx of foot	base of first proximal phalanx of foot
256	CL:0001035	bone cell	bone cell	UBERON:0004332	proximal phalanx of pedal digit 1	proximal phalanx of digit of foot 1
257	CL:0001035	bone cell	bone cell	UBERON:0004332	proximal phalanx of pedal digit 1	proximal phalanx of digit of foot 1
244	CL:0001035	bone cell	bone cell	UBERON:0004326	middle phalanx of pedal digit 4	middle phalanx of digit of foot 4
258	CL:0001035	bone cell	bone cell	UBERON:0004333	proximal phalanx of pedal digit 2	proximal phalanx of digit of foot 2
260	CL:0001035	bone cell	bone cell	UBERON:0004333	proximal phalanx of pedal digit 2	proximal phalanx of digit of foot 2
261	CL:0001035	bone cell	bone cell	UBERON:0004333	proximal phalanx of pedal digit 2	proximal phalanx of digit of foot 2
262	CL:0001035	bone cell	bone cell	UBERON:0004334	proximal phalanx of pedal digit 3	proximal phalanx of digit of foot 3
263	CL:0001035	bone cell	bone cell	UBERON:0004334	proximal phalanx of pedal digit 3	proximal phalanx of digit of foot 3
264	CL:0001035	bone cell	bone cell	UBERON:0004334	proximal phalanx of pedal digit 3	proximal phalanx of digit of foot 3
265	CL:0001035	bone cell	bone cell	UBERON:0004334	proximal phalanx of pedal digit 3	proximal phalanx of digit of foot 3
266	CL:0001035	bone cell	bone cell	UBERON:0004335	proximal phalanx of pedal digit 4	proximal phalanx of digit of foot 4
267	CL:0001035	bone cell	bone cell	UBERON:0004335	proximal phalanx of pedal digit 4	proximal phalanx of digit of foot 4
268	CL:0001035	bone cell	bone cell	UBERON:0004335	proximal phalanx of pedal digit 4	proximal phalanx of digit of foot 4
269	CL:0001035	bone cell	bone cell	UBERON:0004335	proximal phalanx of pedal digit 4	proximal phalanx of digit of foot 4
270	CL:0001035	bone cell	bone cell	UBERON:0004336	proximal phalanx of pedal digit 5	proximal phalanx of digit of foot 5
271	CL:0001035	bone cell	bone cell	UBERON:0004336	proximal phalanx of pedal digit 5	proximal phalanx of digit of foot 5
272	CL:0001035	bone cell	bone cell	UBERON:0004336	proximal phalanx of pedal digit 5	proximal phalanx of digit of foot 5
259	CL:0001035	bone cell	bone cell	UBERON:0004333	proximal phalanx of pedal digit 2	proximal phalanx of digit of foot 2
243	CL:0001035	bone cell	bone cell	UBERON:0004325	middle phalanx of pedal digit 3	middle phalanx of digit of foot 3
242	CL:0001035	bone cell	bone cell	UBERON:0004325	middle phalanx of pedal digit 3	middle phalanx of digit of foot 3
241	CL:0001035	bone cell	bone cell	UBERON:0004325	middle phalanx of pedal digit 3	middle phalanx of digit of foot 3
212	CL:0001035	bone cell	bone cell	UBERON:0001452	distal tarsal bone 1	distal tarsal bone 1
213	CL:0001035	bone cell	bone cell	UBERON:0001453	distal tarsal bone 2	distal tarsal bone 2
214	CL:0001035	bone cell	bone cell	UBERON:0001454	distal tarsal bone 3	distal tarsal bone 3
215	CL:0001035	bone cell	bone cell	UBERON:0003650	metatarsal bone of digit 1	metatarsal bone of digit 1
216	CL:0001035	bone cell	bone cell	UBERON:0003650	metatarsal bone of digit 1	metatarsal bone of digit 1
217	CL:0001035	bone cell	bone cell	UBERON:0003650	metatarsal bone of digit 1	metatarsal bone of digit 1
218	CL:0001035	bone cell	bone cell	UBERON:0003650	metatarsal bone of digit 1	metatarsal bone of digit 1
219	CL:0001035	bone cell	bone cell	UBERON:0003651	metatarsal bone of digit 2	metatarsal bone of digit 2
220	CL:0001035	bone cell	bone cell	UBERON:0003651	metatarsal bone of digit 2	metatarsal bone of digit 2
221	CL:0001035	bone cell	bone cell	UBERON:0003651	metatarsal bone of digit 2	metatarsal bone of digit 2
222	CL:0001035	bone cell	bone cell	UBERON:0003651	metatarsal bone of digit 2	metatarsal bone of digit 2
223	CL:0001035	bone cell	bone cell	UBERON:0003652	metatarsal bone of digit 3	metatarsal bone of digit 3
224	CL:0001035	bone cell	bone cell	UBERON:0003652	metatarsal bone of digit 3	metatarsal bone of digit 3
225	CL:0001035	bone cell	bone cell	UBERON:0003652	metatarsal bone of digit 3	metatarsal bone of digit 3
226	CL:0001035	bone cell	bone cell	UBERON:0003652	metatarsal bone of digit 3	metatarsal bone of digit 3
227	CL:0001035	bone cell	bone cell	UBERON:0003653	metatarsal bone of digit 4	metatarsal bone of digit 4
228	CL:0001035	bone cell	bone cell	UBERON:0003653	metatarsal bone of digit 4	metatarsal bone of digit 4
229	CL:0001035	bone cell	bone cell	UBERON:0003653	metatarsal bone of digit 4	metatarsal bone of digit 4
230	CL:0001035	bone cell	bone cell	UBERON:0003653	metatarsal bone of digit 4	metatarsal bone of digit 4
231	CL:0001035	bone cell	bone cell	UBERON:0003654	metatarsal bone of digit 5	metatarsal bone of digit 5
232	CL:0001035	bone cell	bone cell	UBERON:0003654	metatarsal bone of digit 5	metatarsal bone of digit 5
233	CL:0001035	bone cell	bone cell	UBERON:0003654	metatarsal bone of digit 5	metatarsal bone of digit 5
234	CL:0001035	bone cell	bone cell	UBERON:0003654	metatarsal bone of digit 5	metatarsal bone of digit 5
235	CL:0001035	bone cell	bone cell	UBERON:0003654	metatarsal bone of digit 5	metatarsal bone of digit 5
236	CL:0001035	bone cell	bone cell	UBERON:0004324	middle phalanx of pedal digit 2	middle phalanx of digit of foot 2
237	CL:0001035	bone cell	bone cell	UBERON:0004324	middle phalanx of pedal digit 2	middle phalanx of digit of foot 2
238	CL:0001035	bone cell	bone cell	UBERON:1200070	head of second middle phalanx of foot	head of second middle phalanx of foot
239	CL:0001035	bone cell	bone cell	UBERON:0004324	middle phalanx of pedal digit 2	middle phalanx of digit of foot 2
240	CL:0001035	bone cell	bone cell	UBERON:0004325	middle phalanx of pedal digit 3	middle phalanx of digit of foot 3
210	CL:0001035	bone cell	bone cell	UBERON:0004319	distal phalanx of pedal digit 5	distal phalanx of digit of foot 5
143	CL:0001035	bone cell	bone cell	UBERON:0001427	radiale	scaphoid
142	CL:0001035	bone cell	bone cell	UBERON:0004331	proximal phalanx of manual digit 5	proximal phalanx of digit of hand 5
141	CL:0001035	bone cell	bone cell	UBERON:0004331	proximal phalanx of manual digit 5	proximal phalanx of digit of hand 5
45	CL:0001035	bone cell	bone cell	UBERON:0001424	ulna	ulna
46	CL:0001035	bone cell	bone cell	UBERON:0001424	ulna	ulna
47	CL:0001035	bone cell	bone cell	UBERON:0001424	ulna	ulna
49	CL:0001035	bone cell	bone cell	UBERON:0011575	styloid process of ulna	styloid process of ulna
50	CL:0001035	bone cell	bone cell	UBERON:0001424	ulna	ulna
51	CL:0001035	bone cell	bone cell	UBERON:1200257	supinator fossa of ulna	supinator fossa of ulna
52	CL:0001035	bone cell	bone cell	UBERON:0001424	ulna	ulna
53	CL:0001035	bone cell	bone cell	UBERON:4200184	ulnar tuberosity	ulnar tuberosity of ulna
54	CL:0001035	bone cell	bone cell	UBERON:0005897	manus bone	hand bone
55	CL:0001035	bone cell	bone cell	UBERON:0001430	distal carpal bone 1	distal carpal bone 1
56	CL:0001035	bone cell	bone cell	UBERON:0001431	distal carpal bone 2	distal carpal bone 2
57	CL:0001035	bone cell	bone cell	UBERON:0001432	distal carpal bone 3	distal carpal bone 3
58	CL:0001035	bone cell	bone cell	UBERON:0001433	distal carpal bone 4	distal carpal bone 4
44	CL:0001035	bone cell	bone cell	UBERON:1200073	head of ulna of ulna	head of ulna of ulna
59	CL:0001035	bone cell	bone cell	UBERON:0001433	distal carpal bone 4	distal carpal bone 4
61	CL:0001035	bone cell	bone cell	UBERON:1200019	base of first distal phalanx of hand	base of first distal phalanx of hand
62	CL:0001035	bone cell	bone cell	UBERON:0004337	distal phalanx of manual digit 1	distal phalanx of digit of hand 1
63	CL:0001035	bone cell	bone cell	UBERON:1200201	shaft of first distal phalanx of hand	shaft of first distal phalanx of hand
64	CL:0001035	bone cell	bone cell	UBERON:1200282	tuberosity of first distal phalanx of hand	tuberosity of first distal phalanx of hand
65	CL:0001035	bone cell	bone cell	UBERON:0004311	distal phalanx of manual digit 2	distal phalanx of digit of hand 2
66	CL:0001035	bone cell	bone cell	UBERON:0004311	distal phalanx of manual digit 2	distal phalanx of digit of hand 2
67	CL:0001035	bone cell	bone cell	UBERON:1200069	head of second distal phalanx of hand	head of second distal phalanx of hand
68	CL:0001035	bone cell	bone cell	UBERON:0004311	distal phalanx of manual digit 2	distal phalanx of digit of hand 2
69	CL:0001035	bone cell	bone cell	UBERON:1200284	tuberosity of second distal phalanx of hand	tuberosity of second distal phalanx of hand
70	CL:0001035	bone cell	bone cell	UBERON:0004312	distal phalanx of manual digit 3	distal phalanx of digit of hand 3
71	CL:0001035	bone cell	bone cell	UBERON:0004312	distal phalanx of manual digit 3	distal phalanx of digit of hand 3
72	CL:0001035	bone cell	bone cell	UBERON:0004312	distal phalanx of manual digit 3	distal phalanx of digit of hand 3
73	CL:0001035	bone cell	bone cell	UBERON:0004312	distal phalanx of manual digit 3	distal phalanx of digit of hand 3
60	CL:0001035	bone cell	bone cell	UBERON:0004337	distal phalanx of manual digit 1	distal phalanx of digit of hand 1
43	CL:0001035	bone cell	bone cell	UBERON:0010994	coronoid process of ulna	coronoid process of ulna
42	CL:0001035	bone cell	bone cell	UBERON:0001424	ulna	ulna
41	CL:0001035	bone cell	bone cell	UBERON:0001423	radius bone	radius bone
12	CL:0001035	bone cell	bone cell	UBERON:0002091	appendicular skeleton	appendicular skeleton
13	CL:0001035	bone cell	bone cell	UBERON:0003460	arm bone	arm bone
14	CL:0001035	bone cell	bone cell	UBERON:0003460	arm bone	arm bone
15	CL:0001035	bone cell	bone cell	UBERON:0000976	humerus	humerus
16	CL:0001035	bone cell	bone cell	UBERON:0000976	humerus	humerus
17	CL:0001035	bone cell	bone cell	UBERON:0010853	capitulum of humerus	capitulum of humerus
18	CL:0001035	bone cell	bone cell	UBERON:1200027	coronoid fossa of humerus	coronoid fossa of humerus
19	CL:0001035	bone cell	bone cell	UBERON:0000976	humerus	humerus
20	CL:0001035	bone cell	bone cell	UBERON:0000976	humerus	humerus
21	CL:0001035	bone cell	bone cell	UBERON:0000976	humerus	humerus
22	CL:0001035	bone cell	bone cell	UBERON:0000976	humerus	humerus
23	CL:0001035	bone cell	bone cell	UBERON:0000976	humerus	humerus
24	CL:0001035	bone cell	bone cell	UBERON:0000976	humerus	humerus
25	CL:0001035	bone cell	bone cell	UBERON:0011188	lesser tubercle of humerus	lesser tubercle of humerus
26	CL:0001035	bone cell	bone cell	UBERON:0000976	humerus	humerus
27	CL:0001035	bone cell	bone cell	UBERON:0000976	humerus	humerus
28	CL:0001035	bone cell	bone cell	UBERON:0000976	humerus	humerus
29	CL:0001035	bone cell	bone cell	UBERON:1200186	radial fossa of humerus	radial fossa of humerus
30	CL:0001035	bone cell	bone cell	UBERON:1200187	radial groove of humerus	radial groove of humerus
31	CL:0001035	bone cell	bone cell	UBERON:0000976	humerus	humerus
32	CL:0001035	bone cell	bone cell	UBERON:0000976	humerus	humerus
33	CL:0001035	bone cell	bone cell	UBERON:0000144	trochlea of humerus	trochlea of humerus
34	CL:0001035	bone cell	bone cell	UBERON:0001423	radius bone	radius bone
35	CL:0001035	bone cell	bone cell	UBERON:1200067	head of radius of radius	head of radius of radius
36	CL:0001035	bone cell	bone cell	UBERON:0001423	radius bone	radius bone
37	CL:0001035	bone cell	bone cell	UBERON:1200148	neck of radius of radius	neck of radius of radius
38	CL:0001035	bone cell	bone cell	UBERON:1200188	radial tuberosity of radius	radial tuberosity of radius
39	CL:0001035	bone cell	bone cell	UBERON:1200203	shaft of radius of radius	shaft of radius of radius
40	CL:0001035	bone cell	bone cell	UBERON:0001423	radius bone	radius bone
75	CL:0001035	bone cell	bone cell	UBERON:0004313	distal phalanx of manual digit 4	distal phalanx of digit of hand 4
76	CL:0001035	bone cell	bone cell	UBERON:0004313	distal phalanx of manual digit 4	distal phalanx of digit of hand 4
77	CL:0001035	bone cell	bone cell	UBERON:0004313	distal phalanx of manual digit 4	distal phalanx of digit of hand 4
78	CL:0001035	bone cell	bone cell	UBERON:0004313	distal phalanx of manual digit 4	distal phalanx of digit of hand 4
112	CL:0001035	bone cell	bone cell	UBERON:1200072	head of third middle phalanx of hand	head of third middle phalanx of hand
113	CL:0001035	bone cell	bone cell	UBERON:0004321	middle phalanx of manual digit 3	middle phalanx of digit of hand 3
114	CL:0001035	bone cell	bone cell	UBERON:0004322	middle phalanx of manual digit 4	middle phalanx of digit of hand 4
115	CL:0001035	bone cell	bone cell	UBERON:0004322	middle phalanx of manual digit 4	middle phalanx of digit of hand 4
116	CL:0001035	bone cell	bone cell	UBERON:0004322	middle phalanx of manual digit 4	middle phalanx of digit of hand 4
117	CL:0001035	bone cell	bone cell	UBERON:0004322	middle phalanx of manual digit 4	middle phalanx of digit of hand 4
118	CL:0001035	bone cell	bone cell	UBERON:0004323	middle phalanx of manual digit 5	middle phalanx of digit of hand 5
119	CL:0001035	bone cell	bone cell	UBERON:0004323	middle phalanx of manual digit 5	middle phalanx of digit of hand 5
120	CL:0001035	bone cell	bone cell	UBERON:0004323	middle phalanx of manual digit 5	middle phalanx of digit of hand 5
121	CL:0001035	bone cell	bone cell	UBERON:0004323	middle phalanx of manual digit 5	middle phalanx of digit of hand 5
122	CL:0001035	bone cell	bone cell	UBERON:0001429	pisiform	pisiform
123	CL:0001035	bone cell	bone cell	UBERON:0004338	proximal phalanx of manual digit 1	proximal phalanx of digit of hand 1
124	CL:0001035	bone cell	bone cell	UBERON:1200021	base of first proximal phalanx of hand	base of first proximal phalanx of hand
125	CL:0001035	bone cell	bone cell	UBERON:0004338	proximal phalanx of manual digit 1	proximal phalanx of digit of hand 1
126	CL:0001035	bone cell	bone cell	UBERON:1200202	shaft of first proximal phalanx of hand	shaft of first proximal phalanx of hand
127	CL:0001035	bone cell	bone cell	UBERON:0004328	proximal phalanx of manual digit 2	proximal phalanx of digit of hand 2
128	CL:0001035	bone cell	bone cell	UBERON:0004328	proximal phalanx of manual digit 2	proximal phalanx of digit of hand 2
129	CL:0001035	bone cell	bone cell	UBERON:0004328	proximal phalanx of manual digit 2	proximal phalanx of digit of hand 2
130	CL:0001035	bone cell	bone cell	UBERON:0004328	proximal phalanx of manual digit 2	proximal phalanx of digit of hand 2
131	CL:0001035	bone cell	bone cell	UBERON:0004329	proximal phalanx of manual digit 3	proximal phalanx of digit of hand 3
132	CL:0001035	bone cell	bone cell	UBERON:0004329	proximal phalanx of manual digit 3	proximal phalanx of digit of hand 3
133	CL:0001035	bone cell	bone cell	UBERON:0004329	proximal phalanx of manual digit 3	proximal phalanx of digit of hand 3
134	CL:0001035	bone cell	bone cell	UBERON:0004329	proximal phalanx of manual digit 3	proximal phalanx of digit of hand 3
135	CL:0001035	bone cell	bone cell	UBERON:0004330	proximal phalanx of manual digit 4	proximal phalanx of digit of hand 4
136	CL:0001035	bone cell	bone cell	UBERON:0004330	proximal phalanx of manual digit 4	proximal phalanx of digit of hand 4
137	CL:0001035	bone cell	bone cell	UBERON:0004330	proximal phalanx of manual digit 4	proximal phalanx of digit of hand 4
138	CL:0001035	bone cell	bone cell	UBERON:0004330	proximal phalanx of manual digit 4	proximal phalanx of digit of hand 4
139	CL:0001035	bone cell	bone cell	UBERON:0004331	proximal phalanx of manual digit 5	proximal phalanx of digit of hand 5
140	CL:0001035	bone cell	bone cell	UBERON:0004331	proximal phalanx of manual digit 5	proximal phalanx of digit of hand 5
111	CL:0001035	bone cell	bone cell	UBERON:0004321	middle phalanx of manual digit 3	middle phalanx of digit of hand 3
273	CL:0001035	bone cell	bone cell	UBERON:0004336	proximal phalanx of pedal digit 5	proximal phalanx of digit of foot 5
110	CL:0001035	bone cell	bone cell	UBERON:0004321	middle phalanx of manual digit 3	middle phalanx of digit of hand 3
108	CL:0001035	bone cell	bone cell	UBERON:1200071	head of second middle phalanx of hand	head of second middle phalanx of hand
79	CL:0001035	bone cell	bone cell	UBERON:1200283	tuberosity of fourth distal phalanx of hand	tuberosity of fourth distal phalanx of hand
80	CL:0001035	bone cell	bone cell	UBERON:0004314	distal phalanx of manual digit 5	distal phalanx of digit of hand 5
81	CL:0001035	bone cell	bone cell	UBERON:0004314	distal phalanx of manual digit 5	distal phalanx of digit of hand 5
82	CL:0001035	bone cell	bone cell	UBERON:0004314	distal phalanx of manual digit 5	distal phalanx of digit of hand 5
83	CL:0001035	bone cell	bone cell	UBERON:0004314	distal phalanx of manual digit 5	distal phalanx of digit of hand 5
84	CL:0001035	bone cell	bone cell	UBERON:1200281	tuberosity of fifth distal phalanx of hand	tuberosity of fifth distal phalanx of hand
85	CL:0001035	bone cell	bone cell	UBERON:0001428	intermedium	lunate
86	CL:0001035	bone cell	bone cell	UBERON:0003645	metacarpal bone of digit 1	metacarpal bone of digit 1
87	CL:0001035	bone cell	bone cell	UBERON:0003645	metacarpal bone of digit 1	metacarpal bone of digit 1
88	CL:0001035	bone cell	bone cell	UBERON:0003645	metacarpal bone of digit 1	metacarpal bone of digit 1
89	CL:0001035	bone cell	bone cell	UBERON:0003645	metacarpal bone of digit 1	metacarpal bone of digit 1
90	CL:0001035	bone cell	bone cell	UBERON:0003646	metacarpal bone of digit 2	metacarpal bone of digit 2
91	CL:0001035	bone cell	bone cell	UBERON:0003646	metacarpal bone of digit 2	metacarpal bone of digit 2
92	CL:0001035	bone cell	bone cell	UBERON:0003646	metacarpal bone of digit 2	metacarpal bone of digit 2
93	CL:0001035	bone cell	bone cell	UBERON:0003646	metacarpal bone of digit 2	metacarpal bone of digit 2
94	CL:0001035	bone cell	bone cell	UBERON:0003647	metacarpal bone of digit 3	metacarpal bone of digit 3
95	CL:0001035	bone cell	bone cell	UBERON:0003647	metacarpal bone of digit 3	metacarpal bone of digit 3
96	CL:0001035	bone cell	bone cell	UBERON:0003647	metacarpal bone of digit 3	metacarpal bone of digit 3
97	CL:0001035	bone cell	bone cell	UBERON:0003647	metacarpal bone of digit 3	metacarpal bone of digit 3
98	CL:0001035	bone cell	bone cell	UBERON:0003648	metacarpal bone of digit 4	metacarpal bone of digit 4
99	CL:0001035	bone cell	bone cell	UBERON:0003648	metacarpal bone of digit 4	metacarpal bone of digit 4
100	CL:0001035	bone cell	bone cell	UBERON:0003648	metacarpal bone of digit 4	metacarpal bone of digit 4
101	CL:0001035	bone cell	bone cell	UBERON:0003648	metacarpal bone of digit 4	metacarpal bone of digit 4
102	CL:0001035	bone cell	bone cell	UBERON:0003649	metacarpal bone of digit 5	metacarpal bone of digit 5
103	CL:0001035	bone cell	bone cell	UBERON:0003649	metacarpal bone of digit 5	metacarpal bone of digit 5
104	CL:0001035	bone cell	bone cell	UBERON:0003649	metacarpal bone of digit 5	metacarpal bone of digit 5
105	CL:0001035	bone cell	bone cell	UBERON:0003649	metacarpal bone of digit 5	metacarpal bone of digit 5
106	CL:0001035	bone cell	bone cell	UBERON:0004320	middle phalanx of manual digit 2	middle phalanx of digit of hand 2
107	CL:0001035	bone cell	bone cell	UBERON:0004320	middle phalanx of manual digit 2	middle phalanx of digit of hand 2
109	CL:0001035	bone cell	bone cell	UBERON:0004320	middle phalanx of manual digit 2	middle phalanx of digit of hand 2
542	CL:0001035	bone cell	bone cell	UBERON:0004611	rib 12	rib 12
274	CL:0001035	bone cell	bone cell	UBERON:0002395	talus	talus
276	CL:0001035	bone cell	bone cell	UBERON:0002395	talus	talus
446	CL:0001035	bone cell	bone cell	UBERON:1200279	trigeminal impression of petrous part of temporal bone	trigeminal impression of petrous part of temporal bone
447	CL:0001035	bone cell	bone cell	UBERON:1200286	tympanic caniliculus of petrous part of temporal bone	tympanic caniliculus of petrous part of temporal bone
448	CL:0001035	bone cell	bone cell	UBERON:1200338	zygomatic process of squamous part of temporal bone	zygomatic process of squamous part of temporal bone
449	CL:0001035	bone cell	bone cell	UBERON:0010911	ossicle	ossicle
450	CL:0001035	bone cell	bone cell	UBERON:0001688	incus bone	incus bone
451	CL:0001035	bone cell	bone cell	UBERON:0001689	malleus bone	malleus bone
452	CL:0001035	bone cell	bone cell	UBERON:0001687	stapes bone	stapes bone
453	CL:0001035	bone cell	bone cell	UBERON:0008895	splanchnocranium	splanchnocranium
454	CL:0001035	bone cell	bone cell	UBERON:0005922	inferior nasal concha	inferior nasal concha
455	CL:0001035	bone cell	bone cell	UBERON:0001680	lacrimal bone	lacrimal bone
456	CL:0001035	bone cell	bone cell	UBERON:1200046	fossa for lacrimal sac of lacrimal bone	fossa for lacrimal sac of lacrimal bone
457	CL:0001035	bone cell	bone cell	UBERON:0001684	mandible	mandible
458	CL:0001035	bone cell	bone cell	UBERON:1200007	alveolar border of mandible	alveolar border of mandible
445	CL:0001035	bone cell	bone cell	UBERON:1200259	supramastoid crest of squamous part of temporal bone	supramastoid crest of squamous part of temporal bone
459	CL:0001035	bone cell	bone cell	UBERON:0011309	body of mandible	body of mandible
461	CL:0001035	bone cell	bone cell	UBERON:1200032	digastric fossa of mandible	digastric fossa of mandible
462	CL:0001035	bone cell	bone cell	UBERON:1200107	inferior mental spine of mandible	inferior mental spine of mandible
463	CL:0001035	bone cell	bone cell	UBERON:0001684	mandible	mandible
464	CL:0001035	bone cell	bone cell	UBERON:1200134	mandibular angle of mandible	mandibular angle of mandible
465	CL:0001035	bone cell	bone cell	UBERON:0006673	mandibular canal	mandibular canal of mandible
466	CL:0001035	bone cell	bone cell	UBERON:0004657	mandible condylar process	mandibular condyle of mandible
467	CL:0001035	bone cell	bone cell	UBERON:1200135	mandibular foramen of mandible	mandibular foramen of mandible
468	CL:0001035	bone cell	bone cell	UBERON:0004659	mandible neck	mandibular neck of mandible
469	CL:0001035	bone cell	bone cell	UBERON:1200137	mandibular notch of mandible	mandibular notch of mandible
470	CL:0001035	bone cell	bone cell	UBERON:0006812	mental foramen	mental foramen of mandible
471	CL:0001035	bone cell	bone cell	UBERON:1200144	mental protuberance of mandible	mental protuberance of mandible
472	CL:0001035	bone cell	bone cell	UBERON:1200145	mylohyoid groove of mandible	mylohyoid groove of mandible
473	CL:0001035	bone cell	bone cell	UBERON:1200146	mylohyoid line of mandible	mylohyoid line of mandible
460	CL:0001035	bone cell	bone cell	UBERON:0001684	mandible	mandible
444	CL:0001035	bone cell	bone cell	UBERON:1200222	stylomastoid foramen of petrous part of temporal bone	stylomastoid foramen of petrous part of temporal bone
443	CL:0001035	bone cell	bone cell	UBERON:0001678	temporal bone	temporal bone
442	CL:0001035	bone cell	bone cell	UBERON:1200177	postglenoid tubercle of squamous part of temporal bone	postglenoid tubercle of squamous part of temporal bone
411	CL:0001035	bone cell	bone cell	UBERON:0005446	foramen rotundum	foramen rotundum of sphenoid bone
412	CL:0001035	bone cell	bone cell	UBERON:0016492	foramen spinosum of sphenoid bone	foramen spinosum of sphenoid bone
413	CL:0001035	bone cell	bone cell	UBERON:1200054	greater wings of sphenoid bone	greater wings of sphenoid bone
414	CL:0001035	bone cell	bone cell	UBERON:0001677	sphenoid bone	sphenoid bone
415	CL:0001035	bone cell	bone cell	UBERON:0001677	sphenoid bone	sphenoid bone
416	CL:0001035	bone cell	bone cell	UBERON:1200126	lesser wings of sphenoid bone	lesser wings of sphenoid bone
417	CL:0001035	bone cell	bone cell	UBERON:1200142	medial pterygoid plate of sphenoid bone	medial pterygoid plate of sphenoid bone
418	CL:0001035	bone cell	bone cell	UBERON:0001677	sphenoid bone	sphenoid bone
419	CL:0001035	bone cell	bone cell	UBERON:1200173	posterior clinoid process of sphenoid bone	posterior clinoid process of sphenoid bone
420	CL:0001035	bone cell	bone cell	UBERON:0001677	sphenoid bone	sphenoid bone
421	CL:0001035	bone cell	bone cell	UBERON:1200179	pterygoid fossa of sphenoid bone	pterygoid fossa of sphenoid bone
422	CL:0001035	bone cell	bone cell	UBERON:1200181	pterygoid hamulus of sphenoid bone	pterygoid hamulus of sphenoid bone
423	CL:0001035	bone cell	bone cell	UBERON:0001677	sphenoid bone	sphenoid bone
424	CL:0001035	bone cell	bone cell	UBERON:0001677	sphenoid bone	sphenoid bone
425	CL:0001035	bone cell	bone cell	UBERON:0001724	sphenoidal sinus	sphenoid sinus of sphenoid bone
426	CL:0001035	bone cell	bone cell	UBERON:0005480	superior orbital fissure	superior orbital fissure of sphenoid bone
427	CL:0001035	bone cell	bone cell	UBERON:0001678	temporal bone	temporal bone
428	CL:0001035	bone cell	bone cell	UBERON:1200016	articular tubercle of squamous part of temporal bone	articular tubercle of squamous part of temporal bone
429	CL:0001035	bone cell	bone cell	UBERON:0006668	carotid canal	carotid canal of petrous part of temporal bone
430	CL:0001035	bone cell	bone cell	UBERON:1200036	external auditory meatus of squamous part of temporal bone	external auditory meatus of squamous part of temporal bone
431	CL:0001035	bone cell	bone cell	UBERON:1200058	groove for posterior deep temporal artery of squamous part of temporal bone	groove for posterior deep temporal artery of squamous part of temporal bone
432	CL:0001035	bone cell	bone cell	UBERON:0001678	temporal bone	temporal bone
433	CL:0001035	bone cell	bone cell	UBERON:1200074	hiatus and groove of petrous part of temporal bone for greater petrosal nerve	hiatus and groove of petrous part of temporal bone for greater petrosal nerve
436	CL:0001035	bone cell	bone cell	UBERON:0005456	jugular foramen	jugular foramen of petrous part of temporal bone
437	CL:0001035	bone cell	bone cell	UBERON:1200136	mandibular fossa of squamous part of temporal bone	mandibular fossa of squamous part of temporal bone
438	CL:0001035	bone cell	bone cell	UBERON:1200138	mastoid foramen of mastoid part of temporal bone	mastoid foramen of mastoid part of temporal bone
439	CL:0001035	bone cell	bone cell	UBERON:1200139	mastoid notch of mastoid part of temporal bone	mastoid notch of mastoid part of temporal bone
440	CL:0001035	bone cell	bone cell	UBERON:0011220	mastoid process of temporal bone	mastoid process of mastoid part of temporal bone
441	CL:0001035	bone cell	bone cell	UBERON:1200171	petrotympanic fissure of squamous part of temporal bone	petrotympanic fissure of squamous part of temporal bone
474	CL:0001035	bone cell	bone cell	UBERON:1200180	pterygoid fovea of mandible	pterygoid fovea of mandible
410	CL:0001035	bone cell	bone cell	UBERON:1200045	foramen ovale of sphenoid bone	foramen ovale of sphenoid bone
475	CL:0001035	bone cell	bone cell	UBERON:0001684	mandible	mandible
478	CL:0001035	bone cell	bone cell	UBERON:1200253	superior mental spine of mandible	superior mental spine of mandible
513	CL:0001035	bone cell	bone cell	UBERON:0004601	rib 1	rib 1
514	CL:0001035	bone cell	bone cell	UBERON:0004601	rib 1	rib 1
515	CL:0001035	bone cell	bone cell	UBERON:1200028	costal groove of first rib	costal groove of first rib
516	CL:0001035	bone cell	bone cell	UBERON:1200039	facet of first rib	facet of first rib
517	CL:0001035	bone cell	bone cell	UBERON:1200060	groove for subclavian artery of first rib	groove for subclavian artery of first rib
518	CL:0001035	bone cell	bone cell	UBERON:1200061	groove for subclavian vein of first rib	groove for subclavian vein of first rib
519	CL:0001035	bone cell	bone cell	UBERON:0004601	rib 1	rib 1
520	CL:0001035	bone cell	bone cell	UBERON:0004601	rib 1	rib 1
521	CL:0001035	bone cell	bone cell	UBERON:1200151	non-articular facet of tubercle of first rib	non-articular facet of tubercle of first rib
522	CL:0001035	bone cell	bone cell	UBERON:1200196	scalene tubercle of first rib	scalene tubercle of first rib
523	CL:0001035	bone cell	bone cell	UBERON:1200212	sternal end of first rib	sternal end of first rib
524	CL:0001035	bone cell	bone cell	UBERON:0004601	rib 1	rib 1
525	CL:0001035	bone cell	bone cell	UBERON:0004609	rib 10	rib 10
512	CL:0001035	bone cell	bone cell	UBERON:0004601	rib 1	rib 1
526	CL:0001035	bone cell	bone cell	UBERON:0004609	rib 10	rib 10
528	CL:0001035	bone cell	bone cell	UBERON:0004609	rib 10	rib 10
529	CL:0001035	bone cell	bone cell	UBERON:0004609	rib 10	rib 10
530	CL:0001035	bone cell	bone cell	UBERON:1200040	facet of tenth rib	facet of tenth rib
531	CL:0001035	bone cell	bone cell	UBERON:0004609	rib 10	rib 10
532	CL:0001035	bone cell	bone cell	UBERON:0004609	rib 10	rib 10
533	CL:0001035	bone cell	bone cell	UBERON:1200157	non-articular facet of tubercle of tenth rib	non-articular facet of tubercle of tenth rib
534	CL:0001035	bone cell	bone cell	UBERON:1200218	sternal end of tenth rib	sternal end of tenth rib
535	CL:0001035	bone cell	bone cell	UBERON:0004609	rib 10	rib 10
536	CL:0001035	bone cell	bone cell	UBERON:0004610	rib 11	rib 11
537	CL:0001035	bone cell	bone cell	UBERON:0004610	rib 11	rib 11
538	CL:0001035	bone cell	bone cell	UBERON:0004610	rib 11	rib 11
539	CL:0001035	bone cell	bone cell	UBERON:1200038	facet of eleventh rib	facet of eleventh rib
540	CL:0001035	bone cell	bone cell	UBERON:0004610	rib 11	rib 11
527	CL:0001035	bone cell	bone cell	UBERON:0004609	rib 10	rib 10
511	CL:0001035	bone cell	bone cell	UBERON:0004601	rib 1	rib 1
510	CL:0001035	bone cell	bone cell	UBERON:0014477	thoracic skeleton	thoracic skeleton
509	CL:0001035	bone cell	bone cell	UBERON:0014477	thoracic skeleton	thoracic skeleton
479	CL:0001035	bone cell	bone cell	UBERON:0002397	maxilla	maxilla
480	CL:0001035	bone cell	bone cell	UBERON:0002397	maxilla	maxilla
481	CL:0001035	bone cell	bone cell	UBERON:0004527	alveolar process of maxilla	alveolar process of maxilla
482	CL:0001035	bone cell	bone cell	UBERON:0035139	anterior nasal spine of maxilla	anterior nasal spine of maxilla
483	CL:0001035	bone cell	bone cell	UBERON:0013767	frontal process of maxilla	frontal process of maxilla
484	CL:0001035	bone cell	bone cell	UBERON:1200053	greater palatine canal of maxilla	greater palatine canal of maxilla
485	CL:0001035	bone cell	bone cell	UBERON:0002397	maxilla	maxilla
486	CL:0001035	bone cell	bone cell	UBERON:0002397	maxilla	maxilla
487	CL:0001035	bone cell	bone cell	UBERON:0018407	infra-orbital foramen of maxilla	infraorbital foramen of maxilla
488	CL:0001035	bone cell	bone cell	UBERON:0018409	infra-orbital groove of maxilla	infraorbital groove of maxilla
489	CL:0001035	bone cell	bone cell	UBERON:0002397	maxilla	maxilla
490	CL:0001035	bone cell	bone cell	UBERON:0001764	maxillary sinus	maxillary sinus of maxilla
491	CL:0001035	bone cell	bone cell	UBERON:0002397	maxilla	maxilla
492	CL:0001035	bone cell	bone cell	UBERON:1200147	nasolacrimal canal of maxilla	nasolacrimal canal of maxilla
493	CL:0001035	bone cell	bone cell	UBERON:0005871	palatine process of maxilla	palatine process of maxilla
494	CL:0001035	bone cell	bone cell	UBERON:0016477	zygomatic process of maxilla	zygomatic process of maxilla
495	CL:0001035	bone cell	bone cell	UBERON:0001681	nasal bone	nasal bone
496	CL:0001035	bone cell	bone cell	UBERON:0001682	palatine bone	palatine bone
497	CL:0001035	bone cell	bone cell	UBERON:7500083	greater palatine foramen	greater palatine foramen of palatine bone
498	CL:0001035	bone cell	bone cell	UBERON:0001682	palatine bone	palatine bone
499	CL:0001035	bone cell	bone cell	UBERON:7500084	lesser palatine foramen	lesser palatine foramen of palatine bone
500	CL:0001035	bone cell	bone cell	UBERON:0001682	palatine bone	palatine bone
501	CL:0001035	bone cell	bone cell	UBERON:0002396	vomer	vomer
502	CL:0001035	bone cell	bone cell	UBERON:0002396	vomer	vomer
504	CL:0001035	bone cell	bone cell	UBERON:0001683	jugal bone	zygomatic bone
505	CL:0001035	bone cell	bone cell	UBERON:0012110	frontal process of zygomatic bone	frontal process of zygomatic bone
506	CL:0001035	bone cell	bone cell	UBERON:0001683	jugal bone	zygomatic bone
507	CL:0001035	bone cell	bone cell	UBERON:0004654	temporal process of zygomatic bone	temporal process of zygomatic bone
508	CL:0001035	bone cell	bone cell	UBERON:1200339	zygomaticofacial foramen of zygomatic bone	zygomaticofacial foramen of zygomatic bone
477	CL:0001035	bone cell	bone cell	UBERON:1200224	submandibular fossa of mandible	submandibular fossa of mandible
409	CL:0001035	bone cell	bone cell	UBERON:0018651	foramen lacerum	foramen lacerum of sphenoid bone
408	CL:0001035	bone cell	bone cell	UBERON:1200033	dorsum sellae of sphenoid bone	dorsum sellae of sphenoid bone
407	CL:0001035	bone cell	bone cell	UBERON:1200024	body of sphenoid bone	body of sphenoid bone
310	CL:0001035	bone cell	bone cell	UBERON:1200013	anterolateral tubercle of tibia	anterolateral tubercle of tibia
311	CL:0001035	bone cell	bone cell	UBERON:1200042	fibular facet of tibia	fibular facet of tibia
312	CL:0001035	bone cell	bone cell	UBERON:1200043	fibular notch of tibia	fibular notch of tibia
313	CL:0001035	bone cell	bone cell	UBERON:0000979	tibia	tibia
315	CL:0001035	bone cell	bone cell	UBERON:0009991	lateral condyle of tibia	lateral condyle of tibia
316	CL:0001035	bone cell	bone cell	UBERON:0009990	medial condyle of tibia	medial condyle of tibia
317	CL:0001035	bone cell	bone cell	UBERON:1200140	medial malleolus of tibia	medial malleolus of tibia
318	CL:0001035	bone cell	bone cell	UBERON:0000979	tibia	tibia
319	CL:0001035	bone cell	bone cell	UBERON:1200205	soleal line of tibia	soleal line of tibia
320	CL:0001035	bone cell	bone cell	UBERON:1200264	tibial plateau of tibia	tibial plateau of tibia
321	CL:0001035	bone cell	bone cell	UBERON:7500062	tibial tuberosity	tibial tuberosity of tibia
322	CL:0001035	bone cell	bone cell	UBERON:0007830	pelvic girdle bone/zone	pelvic girdle bone/zone
323	CL:0001035	bone cell	bone cell	UBERON:0001272	innominate bone	os coxa
309	CL:0001035	bone cell	bone cell	UBERON:0000979	tibia	tibia
324	CL:0001035	bone cell	bone cell	UBERON:0014445	acetabular fossa	acetabular fossa of os coxa
326	CL:0001035	bone cell	bone cell	UBERON:0001272	innominate bone	os coxa
327	CL:0001035	bone cell	bone cell	UBERON:1200010	anterior gluteal line of ilium of os coxa	anterior gluteal line of ilium of os coxa
328	CL:0001035	bone cell	bone cell	UBERON:0013709	anterior inferior iliac spine	anterior inferior iliac spine of ilium of os coxa
329	CL:0001035	bone cell	bone cell	UBERON:0013708	anterior superior iliac spine	anterior superior iliac spine of ilium of os coxa
330	CL:0001035	bone cell	bone cell	UBERON:1200014	arcuate line of ilium of os coxa	arcuate line of ilium of os coxa
331	CL:0001035	bone cell	bone cell	UBERON:1200017	auricular surface of ilium of os coxa	auricular surface of ilium of os coxa
332	CL:0001035	bone cell	bone cell	UBERON:1200050	gluteal surface of ilium of os coxa	gluteal surface of ilium of os coxa
333	CL:0001035	bone cell	bone cell	UBERON:0014411	greater sciatic notch	greater sciatic notch of ilium of os coxa
334	CL:0001035	bone cell	bone cell	UBERON:0001272	innominate bone	os coxa
335	CL:0001035	bone cell	bone cell	UBERON:0001272	innominate bone	os coxa
336	CL:0001035	bone cell	bone cell	UBERON:1200080	iliac tubercle of ilium of os coxa	iliac tubercle of ilium of os coxa
337	CL:0001035	bone cell	bone cell	UBERON:1200081	iliac tuberosity of ilium of os coxa	iliac tuberosity of ilium of os coxa
338	CL:0001035	bone cell	bone cell	UBERON:1200082	iliopubic ramus of os coxa	iliopubic ramus of os coxa
325	CL:0001035	bone cell	bone cell	UBERON:0014446	acetabular notch	acetabular notch of os coxa
308	CL:0001035	bone cell	bone cell	UBERON:0002446	patella	patella
307	CL:0001035	bone cell	bone cell	UBERON:0001446	fibula	fibula
306	CL:0001035	bone cell	bone cell	UBERON:0018673	neck of fibula	neck of fibula
277	CL:0001035	bone cell	bone cell	UBERON:0015180	neck of talus	neck of talus
278	CL:0001035	bone cell	bone cell	UBERON:0002395	talus	talus
279	CL:0001035	bone cell	bone cell	UBERON:0002395	talus	talus
280	CL:0001035	bone cell	bone cell	UBERON:0005893	leg bone	leg bone
281	CL:0001035	bone cell	bone cell	UBERON:0000981	femur	femur
282	CL:0001035	bone cell	bone cell	UBERON:0000981	femur	femur
283	CL:0001035	bone cell	bone cell	UBERON:1200051	gluteal tuberosity of femur	gluteal tuberosity of femur
284	CL:0001035	bone cell	bone cell	UBERON:0000981	femur	femur
285	CL:0001035	bone cell	bone cell	UBERON:0006767	head of femur	head of femur
286	CL:0001035	bone cell	bone cell	UBERON:0000981	femur	femur
287	CL:0001035	bone cell	bone cell	UBERON:1200113	intercondylar notch of femur	intercondylar notch of femur
288	CL:0001035	bone cell	bone cell	UBERON:0000981	femur	femur
289	CL:0001035	bone cell	bone cell	UBERON:0009985	lateral condyle of femur	lateral condyle of femur
290	CL:0001035	bone cell	bone cell	UBERON:0009986	lateral epicondyle of femur	lateral epicondyle of femur
291	CL:0001035	bone cell	bone cell	UBERON:0000981	femur	femur
292	CL:0001035	bone cell	bone cell	UBERON:0000981	femur	femur
293	CL:0001035	bone cell	bone cell	UBERON:0000981	femur	femur
294	CL:0001035	bone cell	bone cell	UBERON:0009984	medial condyle of femur	medial condyle of femur
295	CL:0001035	bone cell	bone cell	UBERON:0009987	medial epicondyle of femur	medial epicondyle of femur
296	CL:0001035	bone cell	bone cell	UBERON:0000981	femur	femur
297	CL:0001035	bone cell	bone cell	UBERON:0007119	neck of femur	neck of femur
298	CL:0001035	bone cell	bone cell	UBERON:1200167	pectinal line of femur	pectinal line of femur
299	CL:0001035	bone cell	bone cell	UBERON:0000981	femur	femur
300	CL:0001035	bone cell	bone cell	UBERON:0000981	femur	femur
301	CL:0001035	bone cell	bone cell	UBERON:0000981	femur	femur
302	CL:0001035	bone cell	bone cell	UBERON:0000981	femur	femur
303	CL:0001035	bone cell	bone cell	UBERON:0001446	fibula	fibula
304	CL:0001035	bone cell	bone cell	UBERON:0001446	fibula	fibula
305	CL:0001035	bone cell	bone cell	UBERON:0012291	lateral malleolus of fibula	lateral malleolus of fibula
339	CL:0001035	bone cell	bone cell	UBERON:0014439	inferior pubic ramus	inferior pubic ramus of pubis of os coxa
340	CL:0001035	bone cell	bone cell	UBERON:1200118	ischial body of ischium of os coxa	ischial body of ischium of os coxa
341	CL:0001035	bone cell	bone cell	UBERON:0001272	innominate bone	os coxa
342	CL:0001035	bone cell	bone cell	UBERON:0009000	ischial spine	ischial spine of ischium of os coxa
377	CL:0001035	bone cell	bone cell	UBERON:0000209	tetrapod frontal bone	frontal bone
378	CL:0001035	bone cell	bone cell	UBERON:1200047	frontal crest of frontal bone	frontal crest of frontal bone
379	CL:0001035	bone cell	bone cell	UBERON:0001760	frontal sinus	frontal sinus of frontal bone
380	CL:0001035	bone cell	bone cell	UBERON:1200048	glabella of frontal bone	glabella of frontal bone
381	CL:0001035	bone cell	bone cell	UBERON:1200062	groove for superior sagittal sinus of frontal bone	groove for superior sagittal sinus of frontal bone
382	CL:0001035	bone cell	bone cell	UBERON:1200120	lacrimal fossa of frontal bone	lacrimal fossa of frontal bone
383	CL:0001035	bone cell	bone cell	UBERON:0000209	tetrapod frontal bone	frontal bone
384	CL:0001035	bone cell	bone cell	UBERON:1200225	supercilary arch of frontal bone	supercilary arch of frontal bone
385	CL:0001035	bone cell	bone cell	UBERON:0000209	tetrapod frontal bone	frontal bone
386	CL:0001035	bone cell	bone cell	UBERON:1200260	supraorbital notch or foramen of frontal bone	supraorbital notch or foramen of frontal bone
387	CL:0001035	bone cell	bone cell	UBERON:0012109	zygomatic process of frontal bone	zygomatic process of frontal bone
388	CL:0001035	bone cell	bone cell	UBERON:0001676	occipital bone	occipital bone
389	CL:0001035	bone cell	bone cell	UBERON:0001676	occipital bone	occipital bone
390	CL:0001035	bone cell	bone cell	UBERON:0003687	foramen magnum	foramen magnum of basilar part of occipital bone
392	CL:0001035	bone cell	bone cell	UBERON:0006682	hypoglossal canal	hypoglossal canal of basilar part of occipital bone
393	CL:0001035	bone cell	bone cell	UBERON:1200108	inferior nuchal line of squamous part of occipital bone	inferior nuchal line of squamous part of occipital bone
394	CL:0001035	bone cell	bone cell	UBERON:1200116	internal occipital protuberance of squamous part of occipital bone	internal occipital protuberance of squamous part of occipital bone
395	CL:0001035	bone cell	bone cell	UBERON:0005456	jugular foramen	jugular foramen of basilar part of occipital bone
396	CL:0001035	bone cell	bone cell	UBERON:0001676	occipital bone	occipital bone
397	CL:0001035	bone cell	bone cell	UBERON:1200254	superior nuchal line of squamous part of occipital bone	superior nuchal line of squamous part of occipital bone
398	CL:0001035	bone cell	bone cell	UBERON:0000210	tetrapod parietal bone	parietal bone
399	CL:0001035	bone cell	bone cell	UBERON:1200052	granula foveaolae of parietal bone	granula foveaolae of parietal bone
400	CL:0001035	bone cell	bone cell	UBERON:1200056	groove for middle meningeal a. of parietal bone	groove for middle meningeal a. of parietal bone
401	CL:0001035	bone cell	bone cell	UBERON:1200063	groove for superior sagittal sinus of parietal bone	groove for superior sagittal sinus of parietal bone
402	CL:0001035	bone cell	bone cell	UBERON:0000210	tetrapod parietal bone	parietal bone
403	CL:0001035	bone cell	bone cell	UBERON:0000210	tetrapod parietal bone	parietal bone
404	CL:0001035	bone cell	bone cell	UBERON:0000210	tetrapod parietal bone	parietal bone
405	CL:0001035	bone cell	bone cell	UBERON:0001677	sphenoid bone	sphenoid bone
406	CL:0001035	bone cell	bone cell	UBERON:1200009	anterior clinoid process of sphenoid bone	anterior clinoid process of sphenoid bone
376	CL:0001035	bone cell	bone cell	UBERON:0005920	superior nasal concha	superior nasal concha of ethmoid bone
275	CL:0001035	bone cell	bone cell	UBERON:0002395	talus	talus
375	CL:0001035	bone cell	bone cell	UBERON:0018654	posterior ethmoidal foramen	posterior ethmoidal foramen of ethmoid bone
373	CL:0001035	bone cell	bone cell	UBERON:1200164	olfactory foramina of ethmoid bone	olfactory foramina of ethmoid bone
343	CL:0001035	bone cell	bone cell	UBERON:0034983	ischial tuberosity	ischial tuberosity of ischium of os coxa
344	CL:0001035	bone cell	bone cell	UBERON:0014440	ischiopubic ramus	ischiopubic ramus of os coxa
345	CL:0001035	bone cell	bone cell	UBERON:0014436	lesser sciatic notch	lesser sciatic notch of ischium of os coxa
346	CL:0001035	bone cell	bone cell	UBERON:1200128	lunate surface of os coxa	lunate surface of os coxa
347	CL:0001035	bone cell	bone cell	UBERON:0001272	innominate bone	os coxa
349	CL:0001035	bone cell	bone cell	UBERON:1200166	pecten pubis of pubis of os coxa	pecten pubis of pubis of os coxa
350	CL:0001035	bone cell	bone cell	UBERON:1200174	posterior gluteal line of ilium of os coxa	posterior gluteal line of ilium of os coxa
351	CL:0001035	bone cell	bone cell	UBERON:0013711	posterior inferior iliac spine	posterior inferior iliac spine of ilium of os coxa
352	CL:0001035	bone cell	bone cell	UBERON:0013710	posterior superior iliac spine	posterior superior iliac spine of ilium of os coxa
353	CL:0001035	bone cell	bone cell	UBERON:1200182	pubic body of pubis of os coxa	pubic body of pubis of os coxa
354	CL:0001035	bone cell	bone cell	UBERON:1200183	pubic crest of pubis of os coxa	pubic crest of pubis of os coxa
355	CL:0001035	bone cell	bone cell	UBERON:0001272	innominate bone	os coxa
356	CL:0001035	bone cell	bone cell	UBERON:1200185	pubic tubercle of pubis of os coxa	pubic tubercle of pubis of os coxa
357	CL:0001035	bone cell	bone cell	UBERON:0014438	superior pubic ramus	superior pubic ramus of pubis of os coxa
358	CL:0001035	bone cell	bone cell	UBERON:0005944	axial skeleton plus cranial skeleton	axial skeleton
359	CL:0001035	bone cell	bone cell	UBERON:0004766	cranial bone	cranial bone
360	CL:0001035	bone cell	bone cell	UBERON:1200076	hyoid region bone	hyoid region bone
361	CL:0001035	bone cell	bone cell	UBERON:0001685	hyoid bone	hyoid bone
362	CL:0001035	bone cell	bone cell	UBERON:0001685	hyoid bone	hyoid bone
363	CL:0001035	bone cell	bone cell	UBERON:0003997	hyoid bone greater horn	greater cornu of hyoid bone
364	CL:0001035	bone cell	bone cell	UBERON:0003998	hyoid bone lesser horn	lesser cornu of hyoid bone
365	CL:0001035	bone cell	bone cell	UBERON:0001703	neurocranium	neurocranium
366	CL:0001035	bone cell	bone cell	UBERON:0001679	ethmoid bone	ethmoid bone
367	CL:0001035	bone cell	bone cell	UBERON:0018653	anterior ethmoidal foramen	anterior ethmoidal foramen of ethmoid bone
368	CL:0001035	bone cell	bone cell	UBERON:0001679	ethmoid bone	ethmoid bone
369	CL:0001035	bone cell	bone cell	UBERON:1200031	crista galla of ethmoid bone	crista galla of ethmoid bone
370	CL:0001035	bone cell	bone cell	UBERON:1200034	ethmoidal air cells of ethmoid bone	ethmoidal air cells of ethmoid bone
371	CL:0001035	bone cell	bone cell	UBERON:1200035	ethmoidal bulla of ethmoid bone	ethmoidal bulla of ethmoid bone
372	CL:0001035	bone cell	bone cell	UBERON:0005921	middle nasal concha	middle nasal concha of ethmoid bone
374	CL:0001035	bone cell	bone cell	UBERON:1200170	perpendicular plate of ethmoid bone	perpendicular plate of ethmoid bone
1082	CL:0001035	bone cell	bone cell	UBERON:0004633	thoracic vertebra 9	thoracic vertebra 9
