s	slabel	user_slabel	o	olabel	user_olabel	row_number	deltaIC
CL:0000071	blood vessel endothelial cell	blood vessel endothelial cell	UBERON:0034981	superior bulb of internal jugular vein	superior bulb of internal jugular vein	3374	46.874569265155394
CL:0000071	blood vessel endothelial cell	blood vessel endothelial cell	UBERON:0034982	inferior bulb of internal jugular vein	inferior bulb of internal jugular vein	3273	46.874569265155394
CL:0000057	fibroblast	fibroblast	UBERON:0005464	median sacral artery	median sacral artery	1699	42.408439354497496
CL:0000057	fibroblast	fibroblast	UBERON:0034727	vestibular bulb artery	vestibular bulb artery	1474	42.408439354497496
CL:0000057	fibroblast	fibroblast	UBERON:0001395	thoraco-acromial artery	thoracoacromial artery	2369	42.408439354497496
CL:0000057	fibroblast	fibroblast	UBERON:0015174	helicine artery of penis	helicine artery of penis	1438	42.408439354497496
CL:0000057	fibroblast	fibroblast	UBERON:0001340	dorsal artery of penis	dorsal artery of penis	1442	42.408439354497496
CL:0000057	fibroblast	fibroblast	UBERON:8600101	descending palatine artery	descending palatine artery	287	42.408439354497496
CL:0000057	fibroblast	fibroblast	UBERON:0008322	deep artery of clitoris	deep artery of clitoris	1446	42.408439354497496
CL:0000057	fibroblast	fibroblast	UBERON:0008323	dorsal artery of clitoris	dorsal artery of clitoris	1450	42.408439354497496
CL:0000057	fibroblast	fibroblast	UBERON:0014772	lateral palpebral artery	lateral palpebral artery	685	42.408439354497496
CL:0000057	fibroblast	fibroblast	UBERON:0001357	inferior rectal artery	inferior rectal artery	1454	42.408439354497496
CL:0000057	fibroblast	fibroblast	UBERON:0001395	thoraco-acromial artery	thoracoacromial artery	2373	42.408439354497496
CL:0000057	fibroblast	fibroblast	UBERON:8600086	incisor artery	incisor artery	303	42.408439354497496
CL:0000057	fibroblast	fibroblast	UBERON:0010251	anterior meningeal artery	anterior meningeal artery	665	42.408439354497496
CL:0000057	fibroblast	fibroblast	UBERON:0014773	medial palpebral artery	medial palpebral artery	705	42.408439354497496
CL:0000057	fibroblast	fibroblast	UBERON:8600062	thyrocervical trunk	thyrocervical trunk	2535	42.408439354497496
CL:0000057	fibroblast	fibroblast	UBERON:0001395	thoraco-acromial artery	thoracoacromial artery	2377	42.408439354497496
CL:0000057	fibroblast	fibroblast	UBERON:0035640	middle vesical artery	middle vesical artery	1502	42.408439354497496
CL:0000057	fibroblast	fibroblast	UBERON:0035222	posterior parietal artery	posterior parietal artery	641	42.408439354497496
CL:0000057	fibroblast	fibroblast	UBERON:0005192	deferent duct artery	deferent duct artery	1513	42.408439354497496
CL:0000057	fibroblast	fibroblast	UBERON:0015173	helicine branch of uterine artery	arcuate artery of uterus	1521	42.408439354497496
CL:0000057	fibroblast	fibroblast	UBERON:0035462	anterior parietal artery	artery of postcentral sulcus	617	42.408439354497496
CL:0000057	fibroblast	fibroblast	UBERON:0015173	helicine branch of uterine artery	arcuate artery of uterus	1525	42.408439354497496
CL:0000057	fibroblast	fibroblast	UBERON:0035225	anterior temporal artery	anterior temporal artery	609	42.408439354497496
CL:0000057	fibroblast	fibroblast	UBERON:0001071	superficial cervical artery	superficial cervical artery	2547	42.408439354497496
CL:0000057	fibroblast	fibroblast	UBERON:0012319	posterior ethmoidal artery	posterior ethmoidal artery	709	42.408439354497496
CL:0000057	fibroblast	fibroblast	UBERON:0001313	iliolumbar artery	iliolumbar artery	1541	42.408439354497496
CL:0000057	fibroblast	fibroblast	UBERON:8600080	pericardial artery	pericardial artery	1961	42.408439354497496
CL:0000057	fibroblast	fibroblast	UBERON:0001540	peroneal artery	peroneal artery	1228	42.408439354497496
CL:0000057	fibroblast	fibroblast	UBERON:0002011	thoracodorsal artery	thoracodorsal artery	2357	42.408439354497496
CL:0000057	fibroblast	fibroblast	UBERON:0001540	peroneal artery	peroneal artery	1232	42.408439354497496
CL:0000057	fibroblast	fibroblast	UBERON:0001540	peroneal artery	peroneal artery	1236	42.408439354497496
CL:0000057	fibroblast	fibroblast	UBERON:8600100	artery of pterygoid canal	artery of pterygoid canal	249	42.408439354497496
CL:0000057	fibroblast	fibroblast	UBERON:0001540	peroneal artery	peroneal artery	1240	42.408439354497496
CL:0000057	fibroblast	fibroblast	UBERON:0001618	buccal artery	buccal artery	253	42.408439354497496
CL:0000057	fibroblast	fibroblast	UBERON:0035829	right gastroepiploic artery	right gastroepiploic artery	771	42.408439354497496
CL:0000057	fibroblast	fibroblast	UBERON:0001618	buccal artery	buccal artery	257	42.408439354497496
CL:0000057	fibroblast	fibroblast	UBERON:0035273	superior thoracic artery	superior thoracic artery	2361	42.408439354497496
CL:0000057	fibroblast	fibroblast	UBERON:0001541	medial plantar artery	medial plantar artery	1352	42.408439354497496
CL:0000057	fibroblast	fibroblast	UBERON:0014695	deep auricular artery	deep auricular artery	263	42.408439354497496
CL:0000057	fibroblast	fibroblast	UBERON:0001541	medial plantar artery	medial plantar artery	1356	42.408439354497496
CL:0000057	fibroblast	fibroblast	UBERON:0001541	medial plantar artery	medial plantar artery	1360	42.408439354497496
CL:0000057	fibroblast	fibroblast	UBERON:0009040	deep circumflex iliac artery	deep circumflex iliac artery	1364	42.408439354497496
CL:0000057	fibroblast	fibroblast	UBERON:0035042	middle temporal artery	middle temporal artery	465	42.408439354497496
CL:0000057	fibroblast	fibroblast	UBERON:8600101	descending palatine artery	descending palatine artery	273	42.408439354497496
CL:0000057	fibroblast	fibroblast	UBERON:0035404	superior hypophysial artery	superior hypophyseal artery	731	42.408439354497496
CL:0000057	fibroblast	fibroblast	UBERON:0001395	thoraco-acromial artery	thoracoacromial artery	2365	42.408439354497496
CL:0000057	fibroblast	fibroblast	UBERON:0012187	frontal artery	supratrochlear artery	723	42.408439354497496
CL:0000057	fibroblast	fibroblast	UBERON:0015160	supraorbital artery	supraorbital artery	719	42.408439354497496
CL:0000057	fibroblast	fibroblast	UBERON:0001395	thoraco-acromial artery	thoracoacromial artery	2381	42.408439354497496
CL:0000057	fibroblast	fibroblast	UBERON:0035492	inferior hypophysial artery	inferior hypophyseal artery	595	42.408439354497496
CL:0000057	fibroblast	fibroblast	UBERON:8600099	accessory meningeal artery	accessory meningeal artery	233	42.408439354497496
CL:0000057	fibroblast	fibroblast	UBERON:0006636	lumbar artery	lumbar artery	1691	42.408439354497496
CL:0000057	fibroblast	fibroblast	UBERON:0001198	superior suprarenal artery	superior suprarenal artery	1643	42.408439354497496
CL:0000057	fibroblast	fibroblast	UBERON:0035529	left common iliac artery	left common iliac artery	1647	42.408439354497496
CL:0000057	fibroblast	fibroblast	UBERON:0001613	occipital artery	occipital artery	417	42.408439354497496
CL:0000057	fibroblast	fibroblast	UBERON:0006198	dorsal intercostal artery	supreme intercostal artery	2397	42.408439354497496
CL:0000057	fibroblast	fibroblast	UBERON:0001613	occipital artery	occipital artery	421	42.408439354497496
CL:0000057	fibroblast	fibroblast	UBERON:8600062	thyrocervical trunk	thyrocervical trunk	2487	42.408439354497496
CL:0000057	fibroblast	fibroblast	UBERON:0006198	dorsal intercostal artery	supreme intercostal artery	2401	42.408439354497496
CL:0000057	fibroblast	fibroblast	UBERON:0006764	anterior communicating artery	anterior communicating artery	515	42.408439354497496
CL:0000057	fibroblast	fibroblast	UBERON:0001189	left testicular artery	left testicular artery	1687	42.408439354497496
CL:0000057	fibroblast	fibroblast	UBERON:0005628	ileal artery	ileal artery	1827	42.408439354497496
CL:0000057	fibroblast	fibroblast	UBERON:0005628	ileal artery	ileal artery	1823	42.408439354497496
CL:0000057	fibroblast	fibroblast	UBERON:0001313	iliolumbar artery	iliolumbar artery	1545	42.408439354497496
CL:0000057	fibroblast	fibroblast	UBERON:0006636	lumbar artery	lumbar artery	1695	42.408439354497496
CL:0000057	fibroblast	fibroblast	UBERON:0006198	dorsal intercostal artery	supreme intercostal artery	2405	42.408439354497496
CL:0000057	fibroblast	fibroblast	UBERON:0001356	medial circumflex femoral artery	medial circumflex femoral artery	1052	42.408439354497496
CL:0000057	fibroblast	fibroblast	UBERON:0001188	right testicular artery	right testicular artery	1815	42.408439354497496
CL:0000057	fibroblast	fibroblast	UBERON:0012173	middle suprarenal artery	middle suprarenal artery	1703	42.408439354497496
CL:0000057	fibroblast	fibroblast	UBERON:0035322	right common iliac artery	right common iliac artery	1775	42.408439354497496
CL:0000057	fibroblast	fibroblast	UBERON:8600081	percardiacophrenic artery	percardiacophrenic artery	2461	42.408439354497496
CL:0000057	fibroblast	fibroblast	UBERON:0015157	zygomatico-orbital artery	zygomatico-orbital artery	483	42.408439354497496
CL:0000057	fibroblast	fibroblast	UBERON:0002056	inferior suprarenal artery	inferior suprarenal artery	1727	42.408439354497496
CL:0000057	fibroblast	fibroblast	UBERON:0001615	transverse facial artery	transverse facial artery	479	42.408439354497496
CL:0000057	fibroblast	fibroblast	UBERON:0001613	occipital artery	occipital artery	413	42.408439354497496
CL:0000057	fibroblast	fibroblast	UBERON:0012321	deep cervical artery	deep cervical artery	2393	42.408439354497496
CL:0000057	fibroblast	fibroblast	UBERON:0001613	occipital artery	occipital artery	409	42.408439354497496
CL:0000057	fibroblast	fibroblast	UBERON:0012322	ascending cervical artery	ascending cervical artery	2495	42.408439354497496
CL:0000057	fibroblast	fibroblast	UBERON:8600079	dural artery	dural artery	591	42.408439354497496
CL:0000057	fibroblast	fibroblast	UBERON:0001313	iliolumbar artery	iliolumbar artery	1549	42.408439354497496
CL:0000057	fibroblast	fibroblast	UBERON:0001315	superior gluteal artery	superior gluteal artery	1557	42.408439354497496
CL:0000057	fibroblast	fibroblast	UBERON:0007693	caroticotympanic artery	caroticotympanic artery	571	42.408439354497496
CL:0000057	fibroblast	fibroblast	UBERON:0001315	superior gluteal artery	superior gluteal artery	1561	42.408439354497496
CL:0000057	fibroblast	fibroblast	UBERON:0014696	anterior choroidal artery	anterior choroidal artery	567	42.408439354497496
CL:0000057	fibroblast	fibroblast	UBERON:0002040	bronchial artery	bronchial artery	1899	42.408439354497496
CL:0000057	fibroblast	fibroblast	UBERON:0001315	superior gluteal artery	superior gluteal artery	1565	42.408439354497496
CL:0000057	fibroblast	fibroblast	UBERON:0002040	bronchial artery	bronchial artery	1895	42.408439354497496
CL:0000057	fibroblast	fibroblast	UBERON:0012321	deep cervical artery	deep cervical artery	2389	42.408439354497496
CL:0000057	fibroblast	fibroblast	UBERON:0012322	ascending cervical artery	ascending cervical artery	2499	42.408439354497496
CL:0000057	fibroblast	fibroblast	UBERON:8410023	right colic artery	right colic artery	1887	42.408439354497496
CL:0000057	fibroblast	fibroblast	UBERON:0001613	occipital artery	occipital artery	393	42.408439354497496
CL:0000057	fibroblast	fibroblast	UBERON:0001196	middle colic artery	middle colic artery	1883	42.408439354497496
CL:0000057	fibroblast	fibroblast	UBERON:0001613	occipital artery	occipital artery	397	42.408439354497496
CL:0000057	fibroblast	fibroblast	UBERON:0018255	jejunal artery	jejunal branches	1871	42.408439354497496
CL:0000057	fibroblast	fibroblast	UBERON:0001613	occipital artery	occipital artery	401	42.408439354497496
CL:0000057	fibroblast	fibroblast	UBERON:0035180	sigmoid artery	sigmoid artery	1631	42.408439354497496
CL:0000057	fibroblast	fibroblast	UBERON:0018255	jejunal artery	jejunal branches	1867	42.408439354497496
CL:0000057	fibroblast	fibroblast	UBERON:0001613	occipital artery	occipital artery	405	42.408439354497496
CL:0000057	fibroblast	fibroblast	UBERON:0035040	superior rectal artery	superior rectal artery	1635	42.408439354497496
CL:0000057	fibroblast	fibroblast	UBERON:0035183	calcarine artery	calcarine artery	2611	42.408439354497496
CL:0000057	fibroblast	fibroblast	UBERON:0034693	cremasteric artery	cremasteric artery	1376	42.408439354497496
CL:0000057	fibroblast	fibroblast	UBERON:8600064	posterolateral artery	posterolateral artery	2691	42.408439354497496
CL:0000057	fibroblast	fibroblast	UBERON:0034927	arcuate artery of foot	arcuate artery of foot	1116	42.408439354497496
CL:0000057	fibroblast	fibroblast	UBERON:0001404	radial artery	radial artery	2153	42.408439354497496
CL:0000057	fibroblast	fibroblast	UBERON:0010249	posterior meningeal artery	posterior meningeal artery	93	42.408439354497496
CL:0000057	fibroblast	fibroblast	UBERON:0001404	radial artery	radial artery	2141	42.408439354497496
CL:0000057	fibroblast	fibroblast	UBERON:8600078	ascending pharyngeal artery	ascending pharyngeal artery	97	42.408439354497496
CL:0000057	fibroblast	fibroblast	UBERON:0001404	radial artery	radial artery	2097	42.408439354497496
CL:0000057	fibroblast	fibroblast	UBERON:8600078	ascending pharyngeal artery	ascending pharyngeal artery	121	42.408439354497496
CL:0000057	fibroblast	fibroblast	UBERON:0001404	radial artery	radial artery	2081	42.408439354497496
CL:0000057	fibroblast	fibroblast	UBERON:0013132	penicillar arteriole	penicillar arteriole of spleen	940	42.408439354497496
CL:0000057	fibroblast	fibroblast	UBERON:0001404	radial artery	radial artery	2077	42.408439354497496
CL:0000057	fibroblast	fibroblast	UBERON:8600095	ascending palatine artery	ascending palatine artery	133	42.408439354497496
CL:0000057	fibroblast	fibroblast	UBERON:0035422	circumflex branch of left coronary artery	left circumflex artery	2687	42.408439354497496
CL:0000057	fibroblast	fibroblast	UBERON:0034927	arcuate artery of foot	arcuate artery of foot	1120	42.408439354497496
CL:0000057	fibroblast	fibroblast	UBERON:8600095	ascending palatine artery	ascending palatine artery	137	42.408439354497496
CL:0000057	fibroblast	fibroblast	UBERON:0034927	arcuate artery of foot	arcuate artery of foot	1136	42.408439354497496
CL:0000057	fibroblast	fibroblast	UBERON:0001399	deep brachial artery	deep brachial artery	2069	42.408439354497496
CL:0000057	fibroblast	fibroblast	UBERON:0035830	left gastroepiploic artery	left gastroepiploic artery	907	42.408439354497496
CL:0000057	fibroblast	fibroblast	UBERON:0001399	deep brachial artery	deep brachial artery	2065	42.408439354497496
CL:0000057	fibroblast	fibroblast	UBERON:0034927	arcuate artery of foot	arcuate artery of foot	1148	42.408439354497496
CL:0000057	fibroblast	fibroblast	UBERON:0001399	deep brachial artery	deep brachial artery	2061	42.408439354497496
CL:0000057	fibroblast	fibroblast	UBERON:0039232	conus artery	conus artery	2703	42.408439354497496
CL:0000057	fibroblast	fibroblast	UBERON:8600078	ascending pharyngeal artery	ascending pharyngeal artery	77	42.408439354497496
CL:0000057	fibroblast	fibroblast	UBERON:0001404	radial artery	radial artery	2161	42.408439354497496
CL:0000057	fibroblast	fibroblast	UBERON:8600096	submental artery	submental artery	171	42.408439354497496
CL:0000057	fibroblast	fibroblast	UBERON:0001651	right pulmonary artery	right pulmonary artery	3601	42.408439354497496
CL:0000057	fibroblast	fibroblast	UBERON:0002249	median artery	median artery	2233	42.408439354497496
CL:0000057	fibroblast	fibroblast	UBERON:0001356	medial circumflex femoral artery	medial circumflex femoral artery	1048	42.408439354497496
CL:0000057	fibroblast	fibroblast	UBERON:0001651	right pulmonary artery	right pulmonary artery	3641	42.408439354497496
CL:0000057	fibroblast	fibroblast	UBERON:0009041	superficial circumflex iliac artery	superficial circumflex iliac artery	1060	42.408439354497496
CL:0000057	fibroblast	fibroblast	UBERON:0001356	medial circumflex femoral artery	medial circumflex femoral artery	1044	42.408439354497496
CL:0000057	fibroblast	fibroblast	UBERON:0034964	superficial epigastric artery	superficial epigastric artery	1064	42.408439354497496
CL:0000057	fibroblast	fibroblast	UBERON:0001651	right pulmonary artery	right pulmonary artery	3605	42.408439354497496
CL:0000057	fibroblast	fibroblast	UBERON:0007317	superficial external pudendal artery	superficial external pudendal artery	1068	42.408439354497496
CL:0000057	fibroblast	fibroblast	UBERON:8600063	septal perforating artery	septal perforating artery	2675	42.408439354497496
CL:0000057	fibroblast	fibroblast	UBERON:0007316	deep external pudendal artery	deep external pudendal artery	1024	42.408439354497496
CL:0000057	fibroblast	fibroblast	UBERON:8600078	ascending pharyngeal artery	ascending pharyngeal artery	73	42.408439354497496
CL:0000057	fibroblast	fibroblast	UBERON:0015350	saphenous artery	saphenous branch of descending genicular artery	1084	42.408439354497496
CL:0000057	fibroblast	fibroblast	UBERON:0006137	proper palmar digital artery	proper palmar digital artery	2253	42.408439354497496
CL:0000057	fibroblast	fibroblast	UBERON:0035422	circumflex branch of left coronary artery	left circumflex artery	2679	42.408439354497496
CL:0000057	fibroblast	fibroblast	UBERON:0001404	radial artery	radial artery	2189	42.408439354497496
CL:0000057	fibroblast	fibroblast	UBERON:8600094	intra-acinar arteriole	intra-acinar arteriole	3591	42.408439354497496
CL:0000057	fibroblast	fibroblast	UBERON:0035422	circumflex branch of left coronary artery	left circumflex artery	2683	42.408439354497496
CL:0000057	fibroblast	fibroblast	UBERON:0001404	radial artery	radial artery	2177	42.408439354497496
CL:0000057	fibroblast	fibroblast	UBERON:8600078	ascending pharyngeal artery	ascending pharyngeal artery	69	42.408439354497496
CL:0000057	fibroblast	fibroblast	UBERON:0001404	radial artery	radial artery	2173	42.408439354497496
CL:0000057	fibroblast	fibroblast	UBERON:8600096	submental artery	submental artery	167	42.408439354497496
CL:0000057	fibroblast	fibroblast	UBERON:0035261	posterior temporal artery	posterior temporal artery	469	42.408439354497496
CL:0000057	fibroblast	fibroblast	UBERON:8600097	deep lingual artery	deep lingual artery	193	42.408439354497496
CL:0000057	fibroblast	fibroblast	UBERON:0007146	posterior spinal artery	posterior spinal artery	2647	42.408439354497496
CL:0000057	fibroblast	fibroblast	UBERON:0001561	subcostal artery	subcostal artery	2025	42.408439354497496
CL:0000057	fibroblast	fibroblast	UBERON:8600098	dorsal lingual artery	dorsal lingual artery	203	42.408439354497496
CL:0000057	fibroblast	fibroblast	UBERON:0013133	superior phrenic artery	superior phrenic artery	2033	42.408439354497496
CL:0000057	fibroblast	fibroblast	UBERON:0001611	sublingual artery	sublingual artery	213	42.408439354497496
CL:0000057	fibroblast	fibroblast	UBERON:0009688	posterior inferior cerebellar artery	posterior inferior cerebellar artery	2643	42.408439354497496
CL:0000057	fibroblast	fibroblast	UBERON:0001396	lateral thoracic artery	lateral thoracic artery	2341	42.408439354497496
CL:0000057	fibroblast	fibroblast	UBERON:8600098	dorsal lingual artery	dorsal lingual artery	207	42.408439354497496
CL:0000057	fibroblast	fibroblast	UBERON:0003470	artery of upper lip	superior labial artery	179	42.408439354497496
CL:0000057	fibroblast	fibroblast	UBERON:0001611	sublingual artery	sublingual artery	217	42.408439354497496
CL:0000057	fibroblast	fibroblast	UBERON:0003470	artery of upper lip	superior labial artery	175	42.408439354497496
CL:0000057	fibroblast	fibroblast	UBERON:0001553	medial tarsal artery	medial tarsal artery	1184	42.408439354497496
CL:0000057	fibroblast	fibroblast	UBERON:8600097	deep lingual artery	deep lingual artery	197	42.408439354497496
CL:0000057	fibroblast	fibroblast	UBERON:0007150	superior thyroid artery	superior thyroid artery	499	37.841223163436915
CL:0000057	fibroblast	fibroblast	UBERON:0007149	inferior thyroid artery	inferior thyroid artery	2523	37.841223163436915
CL:0000057	fibroblast	fibroblast	UBERON:0001192	left gastric artery	left gastric artery	879	37.841223163436915
CL:0000057	fibroblast	fibroblast	UBERON:8600077	pulmonary arteriole	pulmonary arteriole	3587	37.841223163436915
CL:0000057	fibroblast	fibroblast	UBERON:0018397	posterior superior alveolar artery	posterior superior alveolar artery	369	37.841223163436915
CL:0000057	fibroblast	fibroblast	UBERON:8600102	left anterior descending artery	left anterior descending artery	2659	37.841223163436915
CL:0000057	fibroblast	fibroblast	UBERON:0018397	posterior superior alveolar artery	posterior superior alveolar artery	363	37.841223163436915
CL:0000057	fibroblast	fibroblast	UBERON:0035539	esophageal artery	esophageal artery	1905	37.841223163436915
CL:0000057	fibroblast	fibroblast	UBERON:0014694	posterior auricular artery	posterior auricular artery	449	37.841223163436915
CL:0000057	fibroblast	fibroblast	UBERON:0018397	posterior superior alveolar artery	posterior superior alveolar artery	359	37.841223163436915
CL:0000057	fibroblast	fibroblast	UBERON:0007150	superior thyroid artery	superior thyroid artery	503	37.841223163436915
CL:0000057	fibroblast	fibroblast	UBERON:0006564	superficial palmar arch	superficial palmar arch	2301	37.841223163436915
CL:0000057	fibroblast	fibroblast	UBERON:0006564	superficial palmar arch	superficial palmar arch	2245	37.841223163436915
CL:0000057	fibroblast	fibroblast	UBERON:0014694	posterior auricular artery	posterior auricular artery	441	37.841223163436915
CL:0000057	fibroblast	fibroblast	UBERON:0001192	left gastric artery	left gastric artery	875	37.841223163436915
CL:0000057	fibroblast	fibroblast	UBERON:0015481	left hepatic artery	left hepatic artery	795	37.841223163436915
CL:0000057	fibroblast	fibroblast	UBERON:8600102	left anterior descending artery	left anterior descending artery	2663	37.841223163436915
CL:0000057	fibroblast	fibroblast	UBERON:0014694	posterior auricular artery	posterior auricular artery	437	37.841223163436915
CL:0000057	fibroblast	fibroblast	UBERON:0012255	inferior phrenic artery	inferior phrenic artery	1639	37.841223163436915
CL:0000057	fibroblast	fibroblast	UBERON:0014694	posterior auricular artery	posterior auricular artery	433	37.841223163436915
CL:0000057	fibroblast	fibroblast	UBERON:0001397	subscapular artery	subscapular artery	2349	37.841223163436915
CL:0000057	fibroblast	fibroblast	UBERON:0007149	inferior thyroid artery	inferior thyroid artery	2491	37.841223163436915
CL:0000057	fibroblast	fibroblast	UBERON:8600102	left anterior descending artery	left anterior descending artery	2667	37.841223163436915
CL:0000057	fibroblast	fibroblast	UBERON:0014694	posterior auricular artery	posterior auricular artery	429	37.841223163436915
CL:0000057	fibroblast	fibroblast	UBERON:8600102	left anterior descending artery	left anterior descending artery	2671	37.841223163436915
CL:0000057	fibroblast	fibroblast	UBERON:8600060	subsegmental pulmonary artery	subsegmental pulmonary artery	3583	37.841223163436915
CL:0000057	fibroblast	fibroblast	UBERON:0015481	left hepatic artery	left hepatic artery	799	37.841223163436915
CL:0000057	fibroblast	fibroblast	UBERON:0001617	mental artery	mental artery	321	37.841223163436915
CL:0000057	fibroblast	fibroblast	UBERON:0001314	obturator artery	obturator artery	1494	37.841223163436915
CL:0000057	fibroblast	fibroblast	UBERON:0001314	obturator artery	obturator artery	1490	37.841223163436915
CL:0000057	fibroblast	fibroblast	UBERON:0001652	left pulmonary artery	left pulmonary artery	3523	37.841223163436915
CL:0000057	fibroblast	fibroblast	UBERON:0001314	obturator artery	obturator artery	1486	37.841223163436915
CL:0000057	fibroblast	fibroblast	UBERON:0001314	obturator artery	obturator artery	1482	37.841223163436915
CL:0000057	fibroblast	fibroblast	UBERON:0012324	transverse cervical artery	transverse cervical artery	2539	37.841223163436915
CL:0000057	fibroblast	fibroblast	UBERON:0001652	left pulmonary artery	left pulmonary artery	3527	37.841223163436915
CL:0000057	fibroblast	fibroblast	UBERON:0015481	left hepatic artery	left hepatic artery	815	37.841223163436915
CL:0000057	fibroblast	fibroblast	UBERON:0012324	transverse cervical artery	transverse cervical artery	2543	37.841223163436915
CL:0000057	fibroblast	fibroblast	UBERON:0006564	superficial palmar arch	superficial palmar arch	2321	37.841223163436915
CL:0000057	fibroblast	fibroblast	UBERON:0015481	left hepatic artery	left hepatic artery	827	37.841223163436915
CL:0000057	fibroblast	fibroblast	UBERON:0008321	deep artery of penis	deep artery of penis	1434	37.841223163436915
CL:0000057	fibroblast	fibroblast	UBERON:0001358	perineal artery	perineal artery	1462	37.841223163436915
CL:0000057	fibroblast	fibroblast	UBERON:0001358	perineal artery	perineal artery	1458	37.841223163436915
CL:0000057	fibroblast	fibroblast	UBERON:0006564	superficial palmar arch	superficial palmar arch	2277	37.841223163436915
CL:0000057	fibroblast	fibroblast	UBERON:0001397	subscapular artery	subscapular artery	2353	37.841223163436915
CL:0000057	fibroblast	fibroblast	UBERON:0001311	inferior vesical artery	inferior vesical artery	1396	37.841223163436915
CL:0000057	fibroblast	fibroblast	UBERON:0014694	posterior auricular artery	posterior auricular artery	425	37.841223163436915
CL:0000057	fibroblast	fibroblast	UBERON:0007150	superior thyroid artery	superior thyroid artery	487	37.841223163436915
CL:0000057	fibroblast	fibroblast	UBERON:0007153	superior epigastric artery	superior epigastric artery	2473	37.841223163436915
CL:0000057	fibroblast	fibroblast	UBERON:0005431	anterior spinal artery	anterior spinal artery	2559	37.841223163436915
CL:0000057	fibroblast	fibroblast	UBERON:0010250	middle meningeal artery	middle meningeal artery	347	37.841223163436915
CL:0000057	fibroblast	fibroblast	UBERON:0006564	superficial palmar arch	superficial palmar arch	2257	37.841223163436915
CL:0000057	fibroblast	fibroblast	UBERON:0001311	inferior vesical artery	inferior vesical artery	1400	37.841223163436915
CL:0000057	fibroblast	fibroblast	UBERON:0013648	masseteric artery	masseteric artery	343	37.841223163436915
CL:0000057	fibroblast	fibroblast	UBERON:0005608	hyoid artery	infrahyoid artery	495	37.841223163436915
CL:0000057	fibroblast	fibroblast	UBERON:0001634	mesencephalic artery	mesencephalic artery	2627	37.841223163436915
CL:0000057	fibroblast	fibroblast	UBERON:0007149	inferior thyroid artery	inferior thyroid artery	2527	37.841223163436915
CL:0000057	fibroblast	fibroblast	UBERON:0001652	left pulmonary artery	left pulmonary artery	3579	37.841223163436915
CL:0000057	fibroblast	fibroblast	UBERON:0005431	anterior spinal artery	anterior spinal artery	2555	37.841223163436915
CL:0000057	fibroblast	fibroblast	UBERON:0007150	superior thyroid artery	superior thyroid artery	491	37.841223163436915
CL:0000057	fibroblast	fibroblast	UBERON:0001652	left pulmonary artery	left pulmonary artery	3539	37.841223163436915
CL:0000057	fibroblast	fibroblast	UBERON:0007149	inferior thyroid artery	inferior thyroid artery	2531	37.841223163436915
CL:0000057	fibroblast	fibroblast	UBERON:0015481	left hepatic artery	left hepatic artery	803	37.841223163436915
CL:0000057	fibroblast	fibroblast	UBERON:0015482	right hepatic artery	right hepatic artery	843	35.16957295897998
CL:0000057	fibroblast	fibroblast	UBERON:0001635	superior cerebellar artery	superior cerebellar artery	2639	35.16957295897998
CL:0000057	fibroblast	fibroblast	UBERON:0001355	deep femoral artery	deep femoral artery	1032	35.16957295897998
CL:0000057	fibroblast	fibroblast	UBERON:0015482	right hepatic artery	right hepatic artery	839	35.16957295897998
CL:0000057	fibroblast	fibroblast	UBERON:0001355	deep femoral artery	deep femoral artery	1028	35.16957295897998
CL:0000057	fibroblast	fibroblast	UBERON:0001186	left renal artery	left renal artery	1683	35.16957295897998
CL:0000057	fibroblast	fibroblast	UBERON:8410022	left colic artery	left colic artery	1573	35.16957295897998
CL:0000057	fibroblast	fibroblast	UBERON:0002070	superior pancreaticoduodenal artery	superior pancreaticoduodenal artery	783	35.16957295897998
CL:0000057	fibroblast	fibroblast	UBERON:0015482	right hepatic artery	right hepatic artery	855	35.16957295897998
CL:0000057	fibroblast	fibroblast	UBERON:0001539	dorsalis pedis artery	dorsalis pedis artery	1164	35.16957295897998
CL:0000057	fibroblast	fibroblast	UBERON:0001623	dorsal nasal artery	dorsal nasal artery	673	35.16957295897998
CL:0000057	fibroblast	fibroblast	UBERON:0001539	dorsalis pedis artery	dorsalis pedis artery	1160	35.16957295897998
CL:0000057	fibroblast	fibroblast	UBERON:0001625	right coronary artery	right coronary artery	2699	35.16957295897998
CL:0000057	fibroblast	fibroblast	UBERON:0001312	superior vesical artery	superior vesical artery	1498	35.16957295897998
CL:0000057	fibroblast	fibroblast	UBERON:0001539	dorsalis pedis artery	dorsalis pedis artery	1180	35.16957295897998
CL:0000057	fibroblast	fibroblast	UBERON:0001625	right coronary artery	right coronary artery	2695	35.16957295897998
CL:0000057	fibroblast	fibroblast	UBERON:0001625	right coronary artery	right coronary artery	2715	35.16957295897998
CL:0000057	fibroblast	fibroblast	UBERON:0015171	uterine spiral artery	uterine spiral artery	1529	35.16957295897998
CL:0000057	fibroblast	fibroblast	UBERON:0009689	anterior inferior cerebellar artery	anterior inferior cerebellar artery	2567	35.16957295897998
CL:0000057	fibroblast	fibroblast	UBERON:0001539	dorsalis pedis artery	dorsalis pedis artery	1112	35.16957295897998
CL:0000057	fibroblast	fibroblast	UBERON:0001628	posterior communicating artery	posterior communicating artery	727	35.16957295897998
CL:0000057	fibroblast	fibroblast	UBERON:0001537	anterior tibial artery	anterior tibial artery	1108	35.16957295897998
CL:0000057	fibroblast	fibroblast	UBERON:0001625	right coronary artery	right coronary artery	2719	35.16957295897998
CL:0000057	fibroblast	fibroblast	UBERON:0001625	right coronary artery	right coronary artery	2707	35.16957295897998
CL:0000057	fibroblast	fibroblast	UBERON:0001537	anterior tibial artery	anterior tibial artery	1104	35.16957295897998
CL:0000057	fibroblast	fibroblast	UBERON:8410022	left colic artery	left colic artery	1577	35.16957295897998
CL:0000057	fibroblast	fibroblast	UBERON:8410022	left colic artery	left colic artery	1627	35.16957295897998
CL:0000057	fibroblast	fibroblast	UBERON:0001537	anterior tibial artery	anterior tibial artery	1188	35.16957295897998
CL:0000057	fibroblast	fibroblast	UBERON:0001537	anterior tibial artery	anterior tibial artery	1192	35.16957295897998
CL:0000057	fibroblast	fibroblast	UBERON:0001537	anterior tibial artery	anterior tibial artery	1096	35.16957295897998
CL:0000057	fibroblast	fibroblast	UBERON:0015482	right hepatic artery	right hepatic artery	859	35.16957295897998
CL:0000057	fibroblast	fibroblast	UBERON:0001537	anterior tibial artery	anterior tibial artery	1092	35.16957295897998
CL:0000057	fibroblast	fibroblast	UBERON:0002070	superior pancreaticoduodenal artery	superior pancreaticoduodenal artery	775	35.16957295897998
CL:0000057	fibroblast	fibroblast	UBERON:0002070	superior pancreaticoduodenal artery	superior pancreaticoduodenal artery	779	35.16957295897998
CL:0000057	fibroblast	fibroblast	UBERON:0015482	right hepatic artery	right hepatic artery	835	35.16957295897998
CL:0000057	fibroblast	fibroblast	UBERON:0001355	deep femoral artery	deep femoral artery	1056	35.16957295897998
CL:0000057	fibroblast	fibroblast	UBERON:0001536	left common carotid artery plus branches	left common carotid artery	2037	35.16957295897998
CL:0000057	fibroblast	fibroblast	UBERON:0001410	common palmar digital artery	common palmar digital artery	2249	35.16957295897998
CL:0000057	fibroblast	fibroblast	UBERON:0006664	greater palatine artery	greater palatine artery	281	35.16957295897998
CL:0000057	fibroblast	fibroblast	UBERON:0004688	costo-cervical trunk	costocervical trunk	2385	35.16957295897998
CL:0000057	fibroblast	fibroblast	UBERON:0003471	artery of lower lip	inferior labial artery	157	35.16957295897998
CL:0000057	fibroblast	fibroblast	UBERON:0010408	ocular angle artery	angular artery	129	35.16957295897998
CL:0000057	fibroblast	fibroblast	UBERON:0001195	inferior pancreaticoduodenal artery	inferior pancreaticoduodenal artery	1863	35.16957295897998
CL:0000057	fibroblast	fibroblast	UBERON:0006664	greater palatine artery	greater palatine artery	277	35.16957295897998
CL:0000057	fibroblast	fibroblast	UBERON:0001195	inferior pancreaticoduodenal artery	inferior pancreaticoduodenal artery	1859	35.16957295897998
CL:0000057	fibroblast	fibroblast	UBERON:0001195	inferior pancreaticoduodenal artery	inferior pancreaticoduodenal artery	1855	35.16957295897998
CL:0000057	fibroblast	fibroblast	UBERON:0001531	right common carotid artery plus branches	right common carotid artery	53	35.16957295897998
CL:0000057	fibroblast	fibroblast	UBERON:0001185	right renal artery	right renal artery	1811	35.16957295897998
CL:0000057	fibroblast	fibroblast	UBERON:0003471	artery of lower lip	inferior labial artery	153	35.16957295897998
CL:0000057	fibroblast	fibroblast	UBERON:0010401	spleen central arteriole	spleen central arteriole	946	33.274006972376334
CL:0000057	fibroblast	fibroblast	UBERON:0001622	lacrimal artery	lacrimal artery	681	33.274006972376334
CL:0000057	fibroblast	fibroblast	UBERON:0006632	musculo-phrenic artery	musculophrenic artery	2457	33.274006972376334
CL:0000057	fibroblast	fibroblast	UBERON:0018231	labyrinthine artery	labyrinthine artery	2571	33.274006972376334
CL:0000057	fibroblast	fibroblast	UBERON:0010401	spleen central arteriole	spleen central arteriole	927	33.274006972376334
CL:0000057	fibroblast	fibroblast	UBERON:0001622	lacrimal artery	lacrimal artery	689	33.274006972376334
CL:0000057	fibroblast	fibroblast	UBERON:0010401	spleen central arteriole	spleen central arteriole	923	33.274006972376334
CL:0000057	fibroblast	fibroblast	UBERON:0010399	spleen trabecular artery	spleen trabecular artery	919	33.274006972376334
CL:0000057	fibroblast	fibroblast	UBERON:0001622	lacrimal artery	lacrimal artery	693	33.274006972376334
CL:0000057	fibroblast	fibroblast	UBERON:0018231	labyrinthine artery	labyrinthine artery	2575	33.274006972376334
CL:0000057	fibroblast	fibroblast	UBERON:0018243	thymic artery	thymic artery	2481	33.274006972376334
CL:0000057	fibroblast	fibroblast	UBERON:0012318	anterior ethmoidal artery	anterior ethmoidal artery	661	33.274006972376334
CL:0000057	fibroblast	fibroblast	UBERON:0002493	uterine artery	uterine artery	1517	33.274006972376334
CL:0000057	fibroblast	fibroblast	UBERON:0006632	musculo-phrenic artery	musculophrenic artery	2449	33.274006972376334
CL:0000057	fibroblast	fibroblast	UBERON:0001622	lacrimal artery	lacrimal artery	697	33.274006972376334
CL:0000057	fibroblast	fibroblast	UBERON:0006632	musculo-phrenic artery	musculophrenic artery	2453	33.274006972376334
CL:0000057	fibroblast	fibroblast	UBERON:0015480	proper hepatic artery	proper hepatic artery	791	33.274006972376334
CL:0000057	fibroblast	fibroblast	UBERON:0001354	inferior epigastric artery	inferior epigastric artery	1368	33.274006972376334
CL:0000057	fibroblast	fibroblast	UBERON:0008320	common penile artery	common penile artery	1426	33.274006972376334
CL:0000057	fibroblast	fibroblast	UBERON:0008320	common penile artery	common penile artery	1430	33.274006972376334
CL:0000057	fibroblast	fibroblast	UBERON:0001354	inferior epigastric artery	inferior epigastric artery	1372	33.274006972376334
CL:0000057	fibroblast	fibroblast	UBERON:0018243	thymic artery	thymic artery	2477	33.274006972376334
CL:0000057	fibroblast	fibroblast	UBERON:0006632	musculo-phrenic artery	musculophrenic artery	2445	33.274006972376334
CL:0000057	fibroblast	fibroblast	UBERON:0008320	common penile artery	common penile artery	1422	33.274006972376334
CL:0000057	fibroblast	fibroblast	UBERON:0001354	inferior epigastric artery	inferior epigastric artery	1380	33.274006972376334
CL:0000057	fibroblast	fibroblast	UBERON:0018231	labyrinthine artery	labyrinthine artery	2579	33.274006972376334
CL:0000057	fibroblast	fibroblast	UBERON:0001626	left coronary artery	left coronary artery	2655	33.274006972376334
CL:0000057	fibroblast	fibroblast	UBERON:0004646	infraorbital artery	infraorbital artery	335	31.8036917650495
CL:0000057	fibroblast	fibroblast	UBERON:0002250	popliteal artery	popliteal artery	1200	31.8036917650495
CL:0000057	fibroblast	fibroblast	UBERON:0001584	left subclavian artery	left subclavian artery	2041	31.8036917650495
CL:0000057	fibroblast	fibroblast	UBERON:0002250	popliteal artery	popliteal artery	1196	31.8036917650495
CL:0000057	fibroblast	fibroblast	UBERON:0001538	posterior tibial artery	posterior tibial artery	1244	31.8036917650495
CL:0000057	fibroblast	fibroblast	UBERON:0001538	posterior tibial artery	posterior tibial artery	1248	31.8036917650495
CL:0000057	fibroblast	fibroblast	UBERON:0004646	infraorbital artery	infraorbital artery	339	31.8036917650495
CL:0000057	fibroblast	fibroblast	UBERON:0001538	posterior tibial artery	posterior tibial artery	1348	31.8036917650495
CL:0000057	fibroblast	fibroblast	UBERON:0002505	spiral modiolar artery	spiral modiolar artery	2591	31.8036917650495
CL:0000057	fibroblast	fibroblast	UBERON:0001614	superficial temporal artery	superficial temporal artery	473	31.8036917650495
CL:0000057	fibroblast	fibroblast	UBERON:0001614	superficial temporal artery	superficial temporal artery	457	31.8036917650495
CL:0000057	fibroblast	fibroblast	UBERON:0001406	ulnar artery	ulnar artery	2221	31.8036917650495
CL:0000057	fibroblast	fibroblast	UBERON:0002250	popliteal artery	popliteal artery	1204	31.8036917650495
CL:0000057	fibroblast	fibroblast	UBERON:0001190	ovarian artery	ovarian artery	1707	31.8036917650495
CL:0000057	fibroblast	fibroblast	UBERON:0001614	superficial temporal artery	superficial temporal artery	453	31.8036917650495
CL:0000057	fibroblast	fibroblast	UBERON:0001406	ulnar artery	ulnar artery	2205	31.8036917650495
CL:0000057	fibroblast	fibroblast	UBERON:0001406	ulnar artery	ulnar artery	2241	31.8036917650495
CL:0000057	fibroblast	fibroblast	UBERON:0001406	ulnar artery	ulnar artery	2201	31.8036917650495
CL:0000057	fibroblast	fibroblast	UBERON:0001406	ulnar artery	ulnar artery	2237	31.8036917650495
CL:0000057	fibroblast	fibroblast	UBERON:0002250	popliteal artery	popliteal artery	1224	31.8036917650495
CL:0000057	fibroblast	fibroblast	UBERON:0001406	ulnar artery	ulnar artery	2197	31.8036917650495
CL:0000057	fibroblast	fibroblast	UBERON:0002250	popliteal artery	popliteal artery	1220	31.8036917650495
CL:0000057	fibroblast	fibroblast	UBERON:0002250	popliteal artery	popliteal artery	1088	31.8036917650495
CL:0000057	fibroblast	fibroblast	UBERON:0001538	posterior tibial artery	posterior tibial artery	1252	31.8036917650495
CL:0000057	fibroblast	fibroblast	UBERON:0002250	popliteal artery	popliteal artery	1216	31.8036917650495
CL:0000057	fibroblast	fibroblast	UBERON:0002250	popliteal artery	popliteal artery	1212	31.8036917650495
CL:0000057	fibroblast	fibroblast	UBERON:0002250	popliteal artery	popliteal artery	1208	31.8036917650495
CL:0000057	fibroblast	fibroblast	UBERON:0001406	ulnar artery	ulnar artery	2217	31.8036917650495
CL:0000057	fibroblast	fibroblast	UBERON:0001614	superficial temporal artery	superficial temporal artery	461	31.8036917650495
CL:0000057	fibroblast	fibroblast	UBERON:0014693	inferior alveolar artery	inferior alveolar artery	315	30.602356767919396
CL:0000057	fibroblast	fibroblast	UBERON:0001610	lingual artery	lingual artery	189	30.602356767919396
CL:0000057	fibroblast	fibroblast	UBERON:0005436	common hepatic artery	common hepatic artery	871	30.602356767919396
CL:0000057	fibroblast	fibroblast	UBERON:0014693	inferior alveolar artery	inferior alveolar artery	307	30.602356767919396
CL:0000057	fibroblast	fibroblast	UBERON:0014693	inferior alveolar artery	inferior alveolar artery	291	30.602356767919396
CL:0000057	fibroblast	fibroblast	UBERON:0014693	inferior alveolar artery	inferior alveolar artery	325	30.602356767919396
CL:0000057	fibroblast	fibroblast	UBERON:0014693	inferior alveolar artery	inferior alveolar artery	329	30.602356767919396
CL:0000057	fibroblast	fibroblast	UBERON:0001610	lingual artery	lingual artery	223	30.602356767919396
CL:0000057	fibroblast	fibroblast	UBERON:0014693	inferior alveolar artery	inferior alveolar artery	311	30.602356767919396
CL:0000057	fibroblast	fibroblast	UBERON:0014693	inferior alveolar artery	inferior alveolar artery	295	30.602356767919396
CL:0000057	fibroblast	fibroblast	UBERON:0001624	anterior cerebral artery	anterior cerebral artery	523	30.602356767919396
CL:0000057	fibroblast	fibroblast	UBERON:0001197	ileocolic artery	ileocolic artery	1847	30.602356767919396
CL:0000057	fibroblast	fibroblast	UBERON:0005436	common hepatic artery	common hepatic artery	759	30.602356767919396
CL:0000057	fibroblast	fibroblast	UBERON:0001197	ileocolic artery	ileocolic artery	1831	30.602356767919396
CL:0000057	fibroblast	fibroblast	UBERON:0001624	anterior cerebral artery	anterior cerebral artery	531	30.602356767919396
CL:0000057	fibroblast	fibroblast	UBERON:0001624	anterior cerebral artery	anterior cerebral artery	535	30.602356767919396
CL:0000057	fibroblast	fibroblast	UBERON:0001624	anterior cerebral artery	anterior cerebral artery	539	30.602356767919396
CL:0000057	fibroblast	fibroblast	UBERON:0001624	anterior cerebral artery	anterior cerebral artery	543	30.602356767919396
CL:0000057	fibroblast	fibroblast	UBERON:0001398	brachial artery	brachial artery	2073	30.602356767919396
CL:0000057	fibroblast	fibroblast	UBERON:0001624	anterior cerebral artery	anterior cerebral artery	527	30.602356767919396
CL:0000057	fibroblast	fibroblast	UBERON:0001624	anterior cerebral artery	anterior cerebral artery	547	30.602356767919396
CL:0000057	fibroblast	fibroblast	UBERON:0001624	anterior cerebral artery	anterior cerebral artery	551	30.602356767919396
CL:0000057	fibroblast	fibroblast	UBERON:0001197	ileocolic artery	ileocolic artery	1835	30.602356767919396
CL:0000057	fibroblast	fibroblast	UBERON:0001624	anterior cerebral artery	anterior cerebral artery	555	30.602356767919396
CL:0000057	fibroblast	fibroblast	UBERON:0001624	anterior cerebral artery	anterior cerebral artery	511	30.602356767919396
CL:0000057	fibroblast	fibroblast	UBERON:0001183	inferior mesenteric artery	inferior mesenteric artery	1569	30.602356767919396
CL:0000057	fibroblast	fibroblast	UBERON:0001624	anterior cerebral artery	anterior cerebral artery	559	30.602356767919396
CL:0000057	fibroblast	fibroblast	UBERON:0001398	brachial artery	brachial artery	2193	30.602356767919396
CL:0000057	fibroblast	fibroblast	UBERON:0001624	anterior cerebral artery	anterior cerebral artery	563	30.602356767919396
CL:0000057	fibroblast	fibroblast	UBERON:0003468	ureteric segment of renal artery	ureteric segment of renal artery	1771	30.602356767919396
CL:0000057	fibroblast	fibroblast	UBERON:0001398	brachial artery	brachial artery	2057	30.602356767919396
CL:0000057	fibroblast	fibroblast	UBERON:0006345	stapedial artery	stapedial artery	445	30.602356767919396
CL:0000057	fibroblast	fibroblast	UBERON:0001624	anterior cerebral artery	anterior cerebral artery	519	30.602356767919396
CL:0000057	fibroblast	fibroblast	UBERON:0001534	right subclavian artery	right subclavian artery	57	29.586642500422393
CL:0000057	fibroblast	fibroblast	UBERON:0001552	kidney arcuate artery	arcuate renal artery	1743	29.586642500422393
CL:0000057	fibroblast	fibroblast	UBERON:0010132	gastroduodenal artery	gastroduodenal artery	787	29.586642500422393
CL:0000057	fibroblast	fibroblast	UBERON:0001636	posterior cerebral artery	posterior cerebral artery	2623	29.586642500422393
CL:0000057	fibroblast	fibroblast	UBERON:0001636	posterior cerebral artery	posterior cerebral artery	2615	29.586642500422393
CL:0000057	fibroblast	fibroblast	UBERON:0009654	alveolar artery	alveolar artery	237	29.586642500422393
CL:0000057	fibroblast	fibroblast	UBERON:0001636	posterior cerebral artery	posterior cerebral artery	2619	29.586642500422393
CL:0000057	fibroblast	fibroblast	UBERON:0010132	gastroduodenal artery	gastroduodenal artery	767	29.586642500422393
CL:0000057	fibroblast	fibroblast	UBERON:0010132	gastroduodenal artery	gastroduodenal artery	763	29.586642500422393
CL:0000057	fibroblast	fibroblast	UBERON:0001636	posterior cerebral artery	posterior cerebral artery	2631	29.586642500422393
CL:0000057	fibroblast	fibroblast	UBERON:0001636	posterior cerebral artery	posterior cerebral artery	2635	29.586642500422393
CL:0000057	fibroblast	fibroblast	UBERON:0001636	posterior cerebral artery	posterior cerebral artery	2607	29.586642500422393
CL:0000057	fibroblast	fibroblast	UBERON:0004723	interlobular artery	interlobular renal artery	1747	29.586642500422393
CL:0000071	blood vessel endothelial cell	blood vessel endothelial cell	UBERON:0002345	descending thoracic aorta	descending thoracic aorta	1999	29.48555622001971
CL:0000071	blood vessel endothelial cell	blood vessel endothelial cell	UBERON:0002345	descending thoracic aorta	descending thoracic aorta	1987	29.48555622001971
CL:0000071	blood vessel endothelial cell	blood vessel endothelial cell	UBERON:0002345	descending thoracic aorta	descending thoracic aorta	1951	29.48555622001971
CL:0000071	blood vessel endothelial cell	blood vessel endothelial cell	UBERON:0002345	descending thoracic aorta	descending thoracic aorta	1943	29.48555622001971
CL:0000071	blood vessel endothelial cell	blood vessel endothelial cell	UBERON:0002345	descending thoracic aorta	descending thoracic aorta	1975	29.48555622001971
CL:0000071	blood vessel endothelial cell	blood vessel endothelial cell	UBERON:0002345	descending thoracic aorta	descending thoracic aorta	1983	29.48555622001971
CL:0000071	blood vessel endothelial cell	blood vessel endothelial cell	UBERON:0002345	descending thoracic aorta	descending thoracic aorta	745	29.48555622001971
CL:0000071	blood vessel endothelial cell	blood vessel endothelial cell	UBERON:0002345	descending thoracic aorta	descending thoracic aorta	1947	29.48555622001971
CL:0000071	blood vessel endothelial cell	blood vessel endothelial cell	UBERON:0002345	descending thoracic aorta	descending thoracic aorta	1955	29.48555622001971
CL:0000071	blood vessel endothelial cell	blood vessel endothelial cell	UBERON:0002345	descending thoracic aorta	descending thoracic aorta	1995	29.48555622001971
CL:0000071	blood vessel endothelial cell	blood vessel endothelial cell	UBERON:0002345	descending thoracic aorta	descending thoracic aorta	1971	29.48555622001971
CL:0000071	blood vessel endothelial cell	blood vessel endothelial cell	UBERON:0002345	descending thoracic aorta	descending thoracic aorta	1991	29.48555622001971
CL:0000071	blood vessel endothelial cell	blood vessel endothelial cell	UBERON:0002345	descending thoracic aorta	descending thoracic aorta	1963	29.48555622001971
CL:0000071	blood vessel endothelial cell	blood vessel endothelial cell	UBERON:0002345	descending thoracic aorta	descending thoracic aorta	1939	29.48555622001971
CL:0000071	blood vessel endothelial cell	blood vessel endothelial cell	UBERON:0002345	descending thoracic aorta	descending thoracic aorta	2019	29.48555622001971
CL:0000071	blood vessel endothelial cell	blood vessel endothelial cell	UBERON:0002345	descending thoracic aorta	descending thoracic aorta	1907	29.48555622001971
CL:0000071	blood vessel endothelial cell	blood vessel endothelial cell	UBERON:0002345	descending thoracic aorta	descending thoracic aorta	1911	29.48555622001971
CL:0000071	blood vessel endothelial cell	blood vessel endothelial cell	UBERON:0002345	descending thoracic aorta	descending thoracic aorta	1915	29.48555622001971
CL:0000071	blood vessel endothelial cell	blood vessel endothelial cell	UBERON:0002345	descending thoracic aorta	descending thoracic aorta	1919	29.48555622001971
CL:0000071	blood vessel endothelial cell	blood vessel endothelial cell	UBERON:0002345	descending thoracic aorta	descending thoracic aorta	2027	29.48555622001971
CL:0000071	blood vessel endothelial cell	blood vessel endothelial cell	UBERON:0002345	descending thoracic aorta	descending thoracic aorta	1923	29.48555622001971
CL:0000071	blood vessel endothelial cell	blood vessel endothelial cell	UBERON:0002345	descending thoracic aorta	descending thoracic aorta	1979	29.48555622001971
CL:0000071	blood vessel endothelial cell	blood vessel endothelial cell	UBERON:0002345	descending thoracic aorta	descending thoracic aorta	2015	29.48555622001971
CL:0000071	blood vessel endothelial cell	blood vessel endothelial cell	UBERON:0002345	descending thoracic aorta	descending thoracic aorta	2007	29.48555622001971
CL:0000071	blood vessel endothelial cell	blood vessel endothelial cell	UBERON:0002345	descending thoracic aorta	descending thoracic aorta	1927	29.48555622001971
CL:0000071	blood vessel endothelial cell	blood vessel endothelial cell	UBERON:0002345	descending thoracic aorta	descending thoracic aorta	2011	29.48555622001971
CL:0000071	blood vessel endothelial cell	blood vessel endothelial cell	UBERON:0002345	descending thoracic aorta	descending thoracic aorta	1931	29.48555622001971
CL:0000071	blood vessel endothelial cell	blood vessel endothelial cell	UBERON:0002345	descending thoracic aorta	descending thoracic aorta	1935	29.48555622001971
CL:0000071	blood vessel endothelial cell	blood vessel endothelial cell	UBERON:0002345	descending thoracic aorta	descending thoracic aorta	2003	29.48555622001971
CL:0000057	fibroblast	fibroblast	UBERON:0001187	testicular artery	testicular artery	1891	28.706790781315753
CL:0000057	fibroblast	fibroblast	UBERON:0001394	axillary artery	axillary artery	2345	28.706790781315753
CL:0000057	fibroblast	fibroblast	UBERON:0001394	axillary artery	axillary artery	2053	28.706790781315753
CL:0000057	fibroblast	fibroblast	UBERON:0001394	axillary artery	axillary artery	2049	28.706790781315753
CL:0000057	fibroblast	fibroblast	UBERON:0001620	central retinal artery	central retinal artery	669	27.93070656346243
CL:0000057	fibroblast	fibroblast	UBERON:0001194	splenic artery	splenic artery	891	27.93070656346243
CL:0000057	fibroblast	fibroblast	UBERON:0001194	splenic artery	splenic artery	887	27.93070656346243
CL:0000057	fibroblast	fibroblast	UBERON:0001194	splenic artery	splenic artery	899	27.93070656346243
CL:0000057	fibroblast	fibroblast	UBERON:0001194	splenic artery	splenic artery	883	27.93070656346243
CL:0000057	fibroblast	fibroblast	UBERON:0001194	splenic artery	splenic artery	903	27.93070656346243
CL:0000057	fibroblast	fibroblast	UBERON:0009885	interlobar artery	interlobar renal artery	1739	27.93070656346243
CL:0000057	fibroblast	fibroblast	UBERON:0001194	splenic artery	splenic artery	911	27.93070656346243
CL:0000057	fibroblast	fibroblast	UBERON:0001194	splenic artery	splenic artery	950	27.93070656346243
CL:0000057	fibroblast	fibroblast	UBERON:0001194	splenic artery	splenic artery	1004	27.93070656346243
CL:0000057	fibroblast	fibroblast	UBERON:0001194	splenic artery	splenic artery	1008	27.93070656346243
CL:0000057	fibroblast	fibroblast	UBERON:0001308	external iliac artery	external iliac artery	1016	27.93070656346243
CL:0000057	fibroblast	fibroblast	UBERON:0001308	external iliac artery	external iliac artery	1020	27.93070656346243
CL:0000057	fibroblast	fibroblast	UBERON:0001182	superior mesenteric artery	superior mesenteric artery	1819	27.23647557398892
CL:0000057	fibroblast	fibroblast	UBERON:0001529	brachiocephalic artery	brachiocephalic artery	49	27.23647557398892
CL:0000057	fibroblast	fibroblast	UBERON:0001612	facial artery	facial artery	125	27.23647557398892
CL:0000057	fibroblast	fibroblast	UBERON:0001612	facial artery	facial artery	143	27.23647557398892
CL:0000057	fibroblast	fibroblast	UBERON:0001612	facial artery	facial artery	185	27.23647557398892
CL:0000057	fibroblast	fibroblast	UBERON:0001612	facial artery	facial artery	163	27.23647557398892
CL:0000057	fibroblast	fibroblast	UBERON:0004639	renal afferent arteriole	renal afferent arteriole	1751	26.60846725399032
CL:0000057	fibroblast	fibroblast	UBERON:0001627	middle cerebral artery	middle cerebral artery	633	26.60846725399032
CL:0000057	fibroblast	fibroblast	UBERON:0007315	internal pudendal artery	internal pudendal artery	1470	26.60846725399032
CL:0000057	fibroblast	fibroblast	UBERON:0007315	internal pudendal artery	internal pudendal artery	1466	26.60846725399032
CL:0000057	fibroblast	fibroblast	UBERON:0007315	internal pudendal artery	internal pudendal artery	1418	26.60846725399032
CL:0000057	fibroblast	fibroblast	UBERON:0001627	middle cerebral artery	middle cerebral artery	649	26.60846725399032
CL:0000057	fibroblast	fibroblast	UBERON:0001627	middle cerebral artery	middle cerebral artery	637	26.60846725399032
CL:0000057	fibroblast	fibroblast	UBERON:0001627	middle cerebral artery	middle cerebral artery	613	26.60846725399032
CL:0000057	fibroblast	fibroblast	UBERON:0001627	middle cerebral artery	middle cerebral artery	645	26.60846725399032
CL:0000057	fibroblast	fibroblast	UBERON:0001627	middle cerebral artery	middle cerebral artery	629	26.60846725399032
CL:0000057	fibroblast	fibroblast	UBERON:0001627	middle cerebral artery	middle cerebral artery	625	26.60846725399032
CL:0000057	fibroblast	fibroblast	UBERON:0001627	middle cerebral artery	middle cerebral artery	621	26.60846725399032
CL:0000057	fibroblast	fibroblast	UBERON:0001627	middle cerebral artery	middle cerebral artery	605	26.60846725399032
CL:0000057	fibroblast	fibroblast	UBERON:0001309	internal iliac artery	internal iliac artery	1388	26.035140576858815
CL:0000057	fibroblast	fibroblast	UBERON:0004640	renal efferent arteriole	renal efferent arteriole	1757	26.035140576858815
CL:0000057	fibroblast	fibroblast	UBERON:0001309	internal iliac artery	internal iliac artery	1384	26.035140576858815
CL:0000057	fibroblast	fibroblast	UBERON:0001309	internal iliac artery	internal iliac artery	1537	26.035140576858815
CL:0000057	fibroblast	fibroblast	UBERON:0002270	hyaloid artery	hyaloid artery	677	25.50773115975985
CL:0000057	fibroblast	fibroblast	UBERON:0002345	descending thoracic aorta	descending thoracic aorta	1921	25.019426309361812
CL:0000057	fibroblast	fibroblast	UBERON:0002345	descending thoracic aorta	descending thoracic aorta	2001	25.019426309361812
CL:0000057	fibroblast	fibroblast	UBERON:0002345	descending thoracic aorta	descending thoracic aorta	1941	25.019426309361812
CL:0000057	fibroblast	fibroblast	UBERON:0001191	common iliac artery	common iliac artery	1012	25.019426309361812
CL:0000057	fibroblast	fibroblast	UBERON:0002345	descending thoracic aorta	descending thoracic aorta	2005	25.019426309361812
CL:0000057	fibroblast	fibroblast	UBERON:0002345	descending thoracic aorta	descending thoracic aorta	1929	25.019426309361812
CL:0000057	fibroblast	fibroblast	UBERON:0002345	descending thoracic aorta	descending thoracic aorta	1937	25.019426309361812
CL:0000057	fibroblast	fibroblast	UBERON:0002345	descending thoracic aorta	descending thoracic aorta	1933	25.019426309361812
CL:0000057	fibroblast	fibroblast	UBERON:0002345	descending thoracic aorta	descending thoracic aorta	2009	25.019426309361812
CL:0000057	fibroblast	fibroblast	UBERON:0002345	descending thoracic aorta	descending thoracic aorta	1925	25.019426309361812
CL:0000057	fibroblast	fibroblast	UBERON:0002345	descending thoracic aorta	descending thoracic aorta	2029	25.019426309361812
CL:0000057	fibroblast	fibroblast	UBERON:0002345	descending thoracic aorta	descending thoracic aorta	2013	25.019426309361812
CL:0000057	fibroblast	fibroblast	UBERON:0002345	descending thoracic aorta	descending thoracic aorta	2017	25.019426309361812
CL:0000057	fibroblast	fibroblast	UBERON:0002345	descending thoracic aorta	descending thoracic aorta	2021	25.019426309361812
CL:0000057	fibroblast	fibroblast	UBERON:0002345	descending thoracic aorta	descending thoracic aorta	1997	25.019426309361812
CL:0000057	fibroblast	fibroblast	UBERON:0002345	descending thoracic aorta	descending thoracic aorta	1977	25.019426309361812
CL:0000057	fibroblast	fibroblast	UBERON:0002345	descending thoracic aorta	descending thoracic aorta	1945	25.019426309361812
CL:0000057	fibroblast	fibroblast	UBERON:0002345	descending thoracic aorta	descending thoracic aorta	1913	25.019426309361812
CL:0000057	fibroblast	fibroblast	UBERON:0002345	descending thoracic aorta	descending thoracic aorta	747	25.019426309361812
CL:0000057	fibroblast	fibroblast	UBERON:0002345	descending thoracic aorta	descending thoracic aorta	1981	25.019426309361812
CL:0000057	fibroblast	fibroblast	UBERON:0002345	descending thoracic aorta	descending thoracic aorta	1973	25.019426309361812
CL:0000057	fibroblast	fibroblast	UBERON:0002345	descending thoracic aorta	descending thoracic aorta	1985	25.019426309361812
CL:0000057	fibroblast	fibroblast	UBERON:0002345	descending thoracic aorta	descending thoracic aorta	1965	25.019426309361812
CL:0000057	fibroblast	fibroblast	UBERON:0002345	descending thoracic aorta	descending thoracic aorta	1957	25.019426309361812
CL:0000057	fibroblast	fibroblast	UBERON:0002345	descending thoracic aorta	descending thoracic aorta	1909	25.019426309361812
CL:0000057	fibroblast	fibroblast	UBERON:0002345	descending thoracic aorta	descending thoracic aorta	1989	25.019426309361812
CL:0000057	fibroblast	fibroblast	UBERON:0002345	descending thoracic aorta	descending thoracic aorta	1953	25.019426309361812
CL:0000057	fibroblast	fibroblast	UBERON:0002345	descending thoracic aorta	descending thoracic aorta	1993	25.019426309361812
CL:0000057	fibroblast	fibroblast	UBERON:0002345	descending thoracic aorta	descending thoracic aorta	1949	25.019426309361812
CL:0000057	fibroblast	fibroblast	UBERON:0002345	descending thoracic aorta	descending thoracic aorta	1917	25.019426309361812
CL:0000359	vascular associated smooth muscle cell	vascular smooth muscle cell	UBERON:0034927	arcuate artery of foot	arcuate artery of foot	1121	24.782924244656783
CL:0000359	vascular associated smooth muscle cell	vascular smooth muscle cell	UBERON:0012321	deep cervical artery	deep cervical artery	2394	24.782924244656783
CL:0000359	vascular associated smooth muscle cell	vascular smooth muscle cell	UBERON:8410023	right colic artery	right colic artery	1888	24.782924244656783
CL:0000359	vascular associated smooth muscle cell	vascular smooth muscle cell	UBERON:0001399	deep brachial artery	deep brachial artery	2070	24.782924244656783
CL:0000359	vascular associated smooth muscle cell	vascular smooth muscle cell	UBERON:0001196	middle colic artery	middle colic artery	1884	24.782924244656783
CL:0000359	vascular associated smooth muscle cell	vascular smooth muscle cell	UBERON:0001198	superior suprarenal artery	superior suprarenal artery	1644	24.782924244656783
CL:0000359	vascular associated smooth muscle cell	vascular smooth muscle cell	UBERON:0001404	radial artery	radial artery	2078	24.782924244656783
CL:0000359	vascular associated smooth muscle cell	vascular smooth muscle cell	UBERON:0001404	radial artery	radial artery	2082	24.782924244656783
CL:0000359	vascular associated smooth muscle cell	vascular smooth muscle cell	UBERON:0034927	arcuate artery of foot	arcuate artery of foot	1117	24.782924244656783
CL:0000359	vascular associated smooth muscle cell	vascular smooth muscle cell	UBERON:0012322	ascending cervical artery	ascending cervical artery	2496	24.782924244656783
CL:0000359	vascular associated smooth muscle cell	vascular smooth muscle cell	UBERON:0035180	sigmoid artery	sigmoid artery	1632	24.782924244656783
CL:0000359	vascular associated smooth muscle cell	vascular smooth muscle cell	UBERON:0018255	jejunal artery	jejunal branches	1872	24.782924244656783
CL:0000359	vascular associated smooth muscle cell	vascular smooth muscle cell	UBERON:0006137	proper palmar digital artery	proper palmar digital artery	2254	24.782924244656783
CL:0000359	vascular associated smooth muscle cell	vascular smooth muscle cell	UBERON:0018255	jejunal artery	jejunal branches	1868	24.782924244656783
CL:0000359	vascular associated smooth muscle cell	vascular smooth muscle cell	UBERON:0035040	superior rectal artery	superior rectal artery	1636	24.782924244656783
CL:0000359	vascular associated smooth muscle cell	vascular smooth muscle cell	UBERON:0001404	radial artery	radial artery	2098	24.782924244656783
CL:0000359	vascular associated smooth muscle cell	vascular smooth muscle cell	UBERON:0001404	radial artery	radial artery	2142	24.782924244656783
CL:0000359	vascular associated smooth muscle cell	vascular smooth muscle cell	UBERON:0001404	radial artery	radial artery	2178	24.782924244656783
CL:0000359	vascular associated smooth muscle cell	vascular smooth muscle cell	UBERON:0001404	radial artery	radial artery	2154	24.782924244656783
CL:0000359	vascular associated smooth muscle cell	vascular smooth muscle cell	UBERON:0001188	right testicular artery	right testicular artery	1816	24.782924244656783
CL:0000359	vascular associated smooth muscle cell	vascular smooth muscle cell	UBERON:0002056	inferior suprarenal artery	inferior suprarenal artery	1728	24.782924244656783
CL:0000359	vascular associated smooth muscle cell	vascular smooth muscle cell	UBERON:0002249	median artery	median artery	2234	24.782924244656783
CL:0000359	vascular associated smooth muscle cell	vascular smooth muscle cell	UBERON:8600081	percardiacophrenic artery	percardiacophrenic artery	2462	24.782924244656783
CL:0000359	vascular associated smooth muscle cell	vascular smooth muscle cell	UBERON:0009041	superficial circumflex iliac artery	superficial circumflex iliac artery	1061	24.782924244656783
CL:0000359	vascular associated smooth muscle cell	vascular smooth muscle cell	UBERON:0012173	middle suprarenal artery	middle suprarenal artery	1704	24.782924244656783
CL:0000359	vascular associated smooth muscle cell	vascular smooth muscle cell	UBERON:0035322	right common iliac artery	right common iliac artery	1776	24.782924244656783
CL:0000359	vascular associated smooth muscle cell	vascular smooth muscle cell	UBERON:0034964	superficial epigastric artery	superficial epigastric artery	1065	24.782924244656783
CL:0000359	vascular associated smooth muscle cell	vascular smooth muscle cell	UBERON:0006198	dorsal intercostal artery	supreme intercostal artery	2406	24.782924244656783
CL:0000359	vascular associated smooth muscle cell	vascular smooth muscle cell	UBERON:0005464	median sacral artery	median sacral artery	1700	24.782924244656783
CL:0000359	vascular associated smooth muscle cell	vascular smooth muscle cell	UBERON:0006636	lumbar artery	lumbar artery	1696	24.782924244656783
CL:0000359	vascular associated smooth muscle cell	vascular smooth muscle cell	UBERON:0007317	superficial external pudendal artery	superficial external pudendal artery	1069	24.782924244656783
CL:0000359	vascular associated smooth muscle cell	vascular smooth muscle cell	UBERON:0006636	lumbar artery	lumbar artery	1692	24.782924244656783
CL:0000359	vascular associated smooth muscle cell	vascular smooth muscle cell	UBERON:0035529	left common iliac artery	left common iliac artery	1648	24.782924244656783
CL:0000359	vascular associated smooth muscle cell	vascular smooth muscle cell	UBERON:0015350	saphenous artery	saphenous branch of descending genicular artery	1085	24.782924244656783
CL:0000359	vascular associated smooth muscle cell	vascular smooth muscle cell	UBERON:0005628	ileal artery	ileal artery	1824	24.782924244656783
CL:0000359	vascular associated smooth muscle cell	vascular smooth muscle cell	UBERON:0001189	left testicular artery	left testicular artery	1688	24.782924244656783
CL:0000359	vascular associated smooth muscle cell	vascular smooth muscle cell	UBERON:0001404	radial artery	radial artery	2190	24.782924244656783
CL:0000359	vascular associated smooth muscle cell	vascular smooth muscle cell	UBERON:0005628	ileal artery	ileal artery	1828	24.782924244656783
CL:0000359	vascular associated smooth muscle cell	vascular smooth muscle cell	UBERON:0006198	dorsal intercostal artery	supreme intercostal artery	2402	24.782924244656783
CL:0000359	vascular associated smooth muscle cell	vascular smooth muscle cell	UBERON:8600062	thyrocervical trunk	thyrocervical trunk	2488	24.782924244656783
CL:0000359	vascular associated smooth muscle cell	vascular smooth muscle cell	UBERON:0012322	ascending cervical artery	ascending cervical artery	2500	24.782924244656783
CL:0000359	vascular associated smooth muscle cell	vascular smooth muscle cell	UBERON:0006198	dorsal intercostal artery	supreme intercostal artery	2398	24.782924244656783
CL:0000359	vascular associated smooth muscle cell	vascular smooth muscle cell	UBERON:0001404	radial artery	radial artery	2174	24.782924244656783
CL:0000359	vascular associated smooth muscle cell	vascular smooth muscle cell	UBERON:0001404	radial artery	radial artery	2162	24.782924244656783
CL:0000359	vascular associated smooth muscle cell	vascular smooth muscle cell	UBERON:0012321	deep cervical artery	deep cervical artery	2390	24.782924244656783
CL:0000359	vascular associated smooth muscle cell	vascular smooth muscle cell	UBERON:0001396	lateral thoracic artery	lateral thoracic artery	2342	24.782924244656783
CL:0000359	vascular associated smooth muscle cell	vascular smooth muscle cell	UBERON:0034927	arcuate artery of foot	arcuate artery of foot	1137	24.782924244656783
CL:0000359	vascular associated smooth muscle cell	vascular smooth muscle cell	UBERON:0001399	deep brachial artery	deep brachial artery	2066	24.782924244656783
CL:0000359	vascular associated smooth muscle cell	vascular smooth muscle cell	UBERON:0001395	thoraco-acromial artery	thoracoacromial artery	2374	24.782924244656783
CL:0000359	vascular associated smooth muscle cell	vascular smooth muscle cell	UBERON:0035183	calcarine artery	calcarine artery	2612	24.782924244656783
CL:0000359	vascular associated smooth muscle cell	vascular smooth muscle cell	UBERON:0001540	peroneal artery	peroneal artery	1229	24.782924244656783
CL:0000359	vascular associated smooth muscle cell	vascular smooth muscle cell	UBERON:0001357	inferior rectal artery	inferior rectal artery	1455	24.782924244656783
CL:0000359	vascular associated smooth muscle cell	vascular smooth muscle cell	UBERON:0001540	peroneal artery	peroneal artery	1233	24.782924244656783
CL:0000359	vascular associated smooth muscle cell	vascular smooth muscle cell	UBERON:0008323	dorsal artery of clitoris	dorsal artery of clitoris	1451	24.782924244656783
CL:0000359	vascular associated smooth muscle cell	vascular smooth muscle cell	UBERON:0001540	peroneal artery	peroneal artery	1237	24.782924244656783
CL:0000359	vascular associated smooth muscle cell	vascular smooth muscle cell	UBERON:0002011	thoracodorsal artery	thoracodorsal artery	2358	24.782924244656783
CL:0000359	vascular associated smooth muscle cell	vascular smooth muscle cell	UBERON:0001540	peroneal artery	peroneal artery	1241	24.782924244656783
CL:0000359	vascular associated smooth muscle cell	vascular smooth muscle cell	UBERON:0008322	deep artery of clitoris	deep artery of clitoris	1447	24.782924244656783
CL:0000359	vascular associated smooth muscle cell	vascular smooth muscle cell	UBERON:0001340	dorsal artery of penis	dorsal artery of penis	1443	24.782924244656783
CL:0000359	vascular associated smooth muscle cell	vascular smooth muscle cell	UBERON:0001395	thoraco-acromial artery	thoracoacromial artery	2370	24.782924244656783
CL:0000359	vascular associated smooth muscle cell	vascular smooth muscle cell	UBERON:0015174	helicine artery of penis	helicine artery of penis	1439	24.782924244656783
CL:0000359	vascular associated smooth muscle cell	vascular smooth muscle cell	UBERON:0001071	superficial cervical artery	superficial cervical artery	2548	24.782924244656783
CL:0000359	vascular associated smooth muscle cell	vascular smooth muscle cell	UBERON:8600080	pericardial artery	pericardial artery	1962	24.782924244656783
CL:0000359	vascular associated smooth muscle cell	vascular smooth muscle cell	UBERON:0001395	thoraco-acromial artery	thoracoacromial artery	2366	24.782924244656783
CL:0000359	vascular associated smooth muscle cell	vascular smooth muscle cell	UBERON:0001541	medial plantar artery	medial plantar artery	1353	24.782924244656783
CL:0000359	vascular associated smooth muscle cell	vascular smooth muscle cell	UBERON:0001541	medial plantar artery	medial plantar artery	1357	24.782924244656783
CL:0000359	vascular associated smooth muscle cell	vascular smooth muscle cell	UBERON:0035273	superior thoracic artery	superior thoracic artery	2362	24.782924244656783
CL:0000359	vascular associated smooth muscle cell	vascular smooth muscle cell	UBERON:0001541	medial plantar artery	medial plantar artery	1361	24.782924244656783
CL:0000359	vascular associated smooth muscle cell	vascular smooth muscle cell	UBERON:0009040	deep circumflex iliac artery	deep circumflex iliac artery	1365	24.782924244656783
CL:0000359	vascular associated smooth muscle cell	vascular smooth muscle cell	UBERON:0034727	vestibular bulb artery	vestibular bulb artery	1475	24.782924244656783
CL:0000359	vascular associated smooth muscle cell	vascular smooth muscle cell	UBERON:8600062	thyrocervical trunk	thyrocervical trunk	2536	24.782924244656783
CL:0000359	vascular associated smooth muscle cell	vascular smooth muscle cell	UBERON:0035640	middle vesical artery	middle vesical artery	1503	24.782924244656783
CL:0000359	vascular associated smooth muscle cell	vascular smooth muscle cell	UBERON:0001395	thoraco-acromial artery	thoracoacromial artery	2382	24.782924244656783
CL:0000359	vascular associated smooth muscle cell	vascular smooth muscle cell	UBERON:0001315	superior gluteal artery	superior gluteal artery	1566	24.782924244656783
CL:0000359	vascular associated smooth muscle cell	vascular smooth muscle cell	UBERON:0034927	arcuate artery of foot	arcuate artery of foot	1149	24.782924244656783
CL:0000359	vascular associated smooth muscle cell	vascular smooth muscle cell	UBERON:0002040	bronchial artery	bronchial artery	1896	24.782924244656783
CL:0000359	vascular associated smooth muscle cell	vascular smooth muscle cell	UBERON:0001399	deep brachial artery	deep brachial artery	2062	24.782924244656783
CL:0000359	vascular associated smooth muscle cell	vascular smooth muscle cell	UBERON:0001315	superior gluteal artery	superior gluteal artery	1562	24.782924244656783
CL:0000359	vascular associated smooth muscle cell	vascular smooth muscle cell	UBERON:0002040	bronchial artery	bronchial artery	1900	24.782924244656783
CL:0000359	vascular associated smooth muscle cell	vascular smooth muscle cell	UBERON:0001315	superior gluteal artery	superior gluteal artery	1558	24.782924244656783
CL:0000359	vascular associated smooth muscle cell	vascular smooth muscle cell	UBERON:0001313	iliolumbar artery	iliolumbar artery	1550	24.782924244656783
CL:0000359	vascular associated smooth muscle cell	vascular smooth muscle cell	UBERON:0001313	iliolumbar artery	iliolumbar artery	1546	24.782924244656783
CL:0000359	vascular associated smooth muscle cell	vascular smooth muscle cell	UBERON:0001313	iliolumbar artery	iliolumbar artery	1542	24.782924244656783
CL:0000359	vascular associated smooth muscle cell	vascular smooth muscle cell	UBERON:0001395	thoraco-acromial artery	thoracoacromial artery	2378	24.782924244656783
CL:0000359	vascular associated smooth muscle cell	vascular smooth muscle cell	UBERON:0001553	medial tarsal artery	medial tarsal artery	1185	24.782924244656783
CL:0000359	vascular associated smooth muscle cell	vascular smooth muscle cell	UBERON:0013133	superior phrenic artery	superior phrenic artery	2034	24.782924244656783
CL:0000359	vascular associated smooth muscle cell	vascular smooth muscle cell	UBERON:0007146	posterior spinal artery	posterior spinal artery	2648	24.782924244656783
CL:0000359	vascular associated smooth muscle cell	vascular smooth muscle cell	UBERON:0034693	cremasteric artery	cremasteric artery	1377	24.782924244656783
CL:0000359	vascular associated smooth muscle cell	vascular smooth muscle cell	UBERON:0015173	helicine branch of uterine artery	arcuate artery of uterus	1526	24.782924244656783
CL:0000359	vascular associated smooth muscle cell	vascular smooth muscle cell	UBERON:0001561	subcostal artery	subcostal artery	2026	24.782924244656783
CL:0000359	vascular associated smooth muscle cell	vascular smooth muscle cell	UBERON:0015173	helicine branch of uterine artery	arcuate artery of uterus	1522	24.782924244656783
CL:0000359	vascular associated smooth muscle cell	vascular smooth muscle cell	UBERON:0009688	posterior inferior cerebellar artery	posterior inferior cerebellar artery	2644	24.782924244656783
CL:0000359	vascular associated smooth muscle cell	vascular smooth muscle cell	UBERON:0005192	deferent duct artery	deferent duct artery	1514	24.782924244656783
CL:0000359	vascular associated smooth muscle cell	vascular smooth muscle cell	UBERON:0001356	medial circumflex femoral artery	medial circumflex femoral artery	1053	24.782924244656783
CL:0000359	vascular associated smooth muscle cell	vascular smooth muscle cell	UBERON:0001651	right pulmonary artery	right pulmonary artery	3642	24.782924244656783
CL:0000359	vascular associated smooth muscle cell	vascular smooth muscle cell	UBERON:0006764	anterior communicating artery	anterior communicating artery	516	24.782924244656783
CL:0000359	vascular associated smooth muscle cell	vascular smooth muscle cell	UBERON:8600098	dorsal lingual artery	dorsal lingual artery	208	24.782924244656783
CL:0000359	vascular associated smooth muscle cell	vascular smooth muscle cell	UBERON:8600079	dural artery	dural artery	592	24.782924244656783
CL:0000359	vascular associated smooth muscle cell	vascular smooth muscle cell	UBERON:0035492	inferior hypophysial artery	inferior hypophyseal artery	596	24.782924244656783
CL:0000359	vascular associated smooth muscle cell	vascular smooth muscle cell	UBERON:8600097	deep lingual artery	deep lingual artery	198	24.782924244656783
CL:0000359	vascular associated smooth muscle cell	vascular smooth muscle cell	UBERON:0035225	anterior temporal artery	anterior temporal artery	610	24.782924244656783
CL:0000359	vascular associated smooth muscle cell	vascular smooth muscle cell	UBERON:0035462	anterior parietal artery	artery of postcentral sulcus	618	24.782924244656783
CL:0000359	vascular associated smooth muscle cell	vascular smooth muscle cell	UBERON:0035222	posterior parietal artery	posterior parietal artery	642	24.782924244656783
CL:0000359	vascular associated smooth muscle cell	vascular smooth muscle cell	UBERON:0003470	artery of upper lip	superior labial artery	180	24.782924244656783
CL:0000359	vascular associated smooth muscle cell	vascular smooth muscle cell	UBERON:0010251	anterior meningeal artery	anterior meningeal artery	666	24.782924244656783
CL:0000359	vascular associated smooth muscle cell	vascular smooth muscle cell	UBERON:0003470	artery of upper lip	superior labial artery	176	24.782924244656783
CL:0000359	vascular associated smooth muscle cell	vascular smooth muscle cell	UBERON:0014772	lateral palpebral artery	lateral palpebral artery	686	24.782924244656783
CL:0000359	vascular associated smooth muscle cell	vascular smooth muscle cell	UBERON:8600096	submental artery	submental artery	172	24.782924244656783
CL:0000359	vascular associated smooth muscle cell	vascular smooth muscle cell	UBERON:8600096	submental artery	submental artery	168	24.782924244656783
CL:0000359	vascular associated smooth muscle cell	vascular smooth muscle cell	UBERON:0014773	medial palpebral artery	medial palpebral artery	706	24.782924244656783
CL:0000359	vascular associated smooth muscle cell	vascular smooth muscle cell	UBERON:0012319	posterior ethmoidal artery	posterior ethmoidal artery	710	24.782924244656783
CL:0000359	vascular associated smooth muscle cell	vascular smooth muscle cell	UBERON:0015160	supraorbital artery	supraorbital artery	720	24.782924244656783
CL:0000359	vascular associated smooth muscle cell	vascular smooth muscle cell	UBERON:0012187	frontal artery	supratrochlear artery	724	24.782924244656783
CL:0000359	vascular associated smooth muscle cell	vascular smooth muscle cell	UBERON:8600095	ascending palatine artery	ascending palatine artery	138	24.782924244656783
CL:0000359	vascular associated smooth muscle cell	vascular smooth muscle cell	UBERON:0035404	superior hypophysial artery	superior hypophyseal artery	732	24.782924244656783
CL:0000359	vascular associated smooth muscle cell	vascular smooth muscle cell	UBERON:8600095	ascending palatine artery	ascending palatine artery	134	24.782924244656783
CL:0000359	vascular associated smooth muscle cell	vascular smooth muscle cell	UBERON:8600078	ascending pharyngeal artery	ascending pharyngeal artery	122	24.782924244656783
CL:0000359	vascular associated smooth muscle cell	vascular smooth muscle cell	UBERON:8600078	ascending pharyngeal artery	ascending pharyngeal artery	98	24.782924244656783
CL:0000359	vascular associated smooth muscle cell	vascular smooth muscle cell	UBERON:0035829	right gastroepiploic artery	right gastroepiploic artery	772	24.782924244656783
CL:0000359	vascular associated smooth muscle cell	vascular smooth muscle cell	UBERON:0010249	posterior meningeal artery	posterior meningeal artery	94	24.782924244656783
CL:0000359	vascular associated smooth muscle cell	vascular smooth muscle cell	UBERON:8600098	dorsal lingual artery	dorsal lingual artery	204	24.782924244656783
CL:0000359	vascular associated smooth muscle cell	vascular smooth muscle cell	UBERON:0007693	caroticotympanic artery	caroticotympanic artery	572	24.782924244656783
CL:0000359	vascular associated smooth muscle cell	vascular smooth muscle cell	UBERON:8600078	ascending pharyngeal artery	ascending pharyngeal artery	74	24.782924244656783
CL:0000359	vascular associated smooth muscle cell	vascular smooth muscle cell	UBERON:0001611	sublingual artery	sublingual artery	214	24.782924244656783
CL:0000359	vascular associated smooth muscle cell	vascular smooth muscle cell	UBERON:8600086	incisor artery	incisor artery	304	24.782924244656783
CL:0000359	vascular associated smooth muscle cell	vascular smooth muscle cell	UBERON:8600101	descending palatine artery	descending palatine artery	288	24.782924244656783
CL:0000359	vascular associated smooth muscle cell	vascular smooth muscle cell	UBERON:0001613	occipital artery	occipital artery	394	24.782924244656783
CL:0000359	vascular associated smooth muscle cell	vascular smooth muscle cell	UBERON:0001613	occipital artery	occipital artery	398	24.782924244656783
CL:0000359	vascular associated smooth muscle cell	vascular smooth muscle cell	UBERON:0001613	occipital artery	occipital artery	402	24.782924244656783
CL:0000359	vascular associated smooth muscle cell	vascular smooth muscle cell	UBERON:0001613	occipital artery	occipital artery	406	24.782924244656783
CL:0000359	vascular associated smooth muscle cell	vascular smooth muscle cell	UBERON:0001613	occipital artery	occipital artery	410	24.782924244656783
CL:0000359	vascular associated smooth muscle cell	vascular smooth muscle cell	UBERON:0001613	occipital artery	occipital artery	414	24.782924244656783
CL:0000359	vascular associated smooth muscle cell	vascular smooth muscle cell	UBERON:0001613	occipital artery	occipital artery	418	24.782924244656783
CL:0000359	vascular associated smooth muscle cell	vascular smooth muscle cell	UBERON:0001613	occipital artery	occipital artery	422	24.782924244656783
CL:0000359	vascular associated smooth muscle cell	vascular smooth muscle cell	UBERON:8600101	descending palatine artery	descending palatine artery	274	24.782924244656783
CL:0000359	vascular associated smooth muscle cell	vascular smooth muscle cell	UBERON:0014695	deep auricular artery	deep auricular artery	264	24.782924244656783
CL:0000359	vascular associated smooth muscle cell	vascular smooth muscle cell	UBERON:0035042	middle temporal artery	middle temporal artery	466	24.782924244656783
CL:0000359	vascular associated smooth muscle cell	vascular smooth muscle cell	UBERON:0035261	posterior temporal artery	posterior temporal artery	470	24.782924244656783
CL:0000359	vascular associated smooth muscle cell	vascular smooth muscle cell	UBERON:0001618	buccal artery	buccal artery	258	24.782924244656783
CL:0000359	vascular associated smooth muscle cell	vascular smooth muscle cell	UBERON:0001618	buccal artery	buccal artery	254	24.782924244656783
CL:0000359	vascular associated smooth muscle cell	vascular smooth muscle cell	UBERON:0001615	transverse facial artery	transverse facial artery	480	24.782924244656783
CL:0000359	vascular associated smooth muscle cell	vascular smooth muscle cell	UBERON:8600100	artery of pterygoid canal	artery of pterygoid canal	250	24.782924244656783
CL:0000359	vascular associated smooth muscle cell	vascular smooth muscle cell	UBERON:0015157	zygomatico-orbital artery	zygomatico-orbital artery	484	24.782924244656783
CL:0000359	vascular associated smooth muscle cell	vascular smooth muscle cell	UBERON:0001356	medial circumflex femoral artery	medial circumflex femoral artery	1049	24.782924244656783
CL:0000359	vascular associated smooth muscle cell	vascular smooth muscle cell	UBERON:8600099	accessory meningeal artery	accessory meningeal artery	234	24.782924244656783
CL:0000359	vascular associated smooth muscle cell	vascular smooth muscle cell	UBERON:0001611	sublingual artery	sublingual artery	218	24.782924244656783
CL:0000359	vascular associated smooth muscle cell	vascular smooth muscle cell	UBERON:0014696	anterior choroidal artery	anterior choroidal artery	568	24.782924244656783
CL:0000359	vascular associated smooth muscle cell	vascular smooth muscle cell	UBERON:8600078	ascending pharyngeal artery	ascending pharyngeal artery	78	24.782924244656783
CL:0000359	vascular associated smooth muscle cell	vascular smooth muscle cell	UBERON:8600097	deep lingual artery	deep lingual artery	194	24.782924244656783
CL:0000359	vascular associated smooth muscle cell	vascular smooth muscle cell	UBERON:8600094	intra-acinar arteriole	intra-acinar arteriole	3592	24.782924244656783
CL:0000359	vascular associated smooth muscle cell	vascular smooth muscle cell	UBERON:0035830	left gastroepiploic artery	left gastroepiploic artery	908	24.782924244656783
CL:0000359	vascular associated smooth muscle cell	vascular smooth muscle cell	UBERON:8600063	septal perforating artery	septal perforating artery	2676	24.782924244656783
CL:0000359	vascular associated smooth muscle cell	vascular smooth muscle cell	UBERON:0035422	circumflex branch of left coronary artery	left circumflex artery	2680	24.782924244656783
CL:0000359	vascular associated smooth muscle cell	vascular smooth muscle cell	UBERON:0007316	deep external pudendal artery	deep external pudendal artery	1025	24.782924244656783
CL:0000359	vascular associated smooth muscle cell	vascular smooth muscle cell	UBERON:0001651	right pulmonary artery	right pulmonary artery	3602	24.782924244656783
CL:0000359	vascular associated smooth muscle cell	vascular smooth muscle cell	UBERON:0035422	circumflex branch of left coronary artery	left circumflex artery	2688	24.782924244656783
CL:0000359	vascular associated smooth muscle cell	vascular smooth muscle cell	UBERON:8600078	ascending pharyngeal artery	ascending pharyngeal artery	70	24.782924244656783
CL:0000359	vascular associated smooth muscle cell	vascular smooth muscle cell	UBERON:0013132	penicillar arteriole	penicillar arteriole of spleen	941	24.782924244656783
CL:0000359	vascular associated smooth muscle cell	vascular smooth muscle cell	UBERON:0001356	medial circumflex femoral artery	medial circumflex femoral artery	1045	24.782924244656783
CL:0000359	vascular associated smooth muscle cell	vascular smooth muscle cell	UBERON:0039232	conus artery	conus artery	2704	24.782924244656783
CL:0000359	vascular associated smooth muscle cell	vascular smooth muscle cell	UBERON:0001651	right pulmonary artery	right pulmonary artery	3606	24.782924244656783
CL:0000359	vascular associated smooth muscle cell	vascular smooth muscle cell	UBERON:8600064	posterolateral artery	posterolateral artery	2692	24.782924244656783
CL:0000359	vascular associated smooth muscle cell	vascular smooth muscle cell	UBERON:0035422	circumflex branch of left coronary artery	left circumflex artery	2684	24.782924244656783
CL:0000057	fibroblast	fibroblast	UBERON:0001616	maxillary artery	maxillary artery	267	24.564825369531953
CL:0000057	fibroblast	fibroblast	UBERON:0001616	maxillary artery	maxillary artery	229	24.564825369531953
CL:0000057	fibroblast	fibroblast	UBERON:0001616	maxillary artery	maxillary artery	377	24.564825369531953
CL:0000057	fibroblast	fibroblast	UBERON:0001616	maxillary artery	maxillary artery	245	24.564825369531953
CL:0000057	fibroblast	fibroblast	UBERON:0001616	maxillary artery	maxillary artery	381	24.564825369531953
CL:0000057	fibroblast	fibroblast	UBERON:0001616	maxillary artery	maxillary artery	351	24.564825369531953
CL:0000057	fibroblast	fibroblast	UBERON:0001310	umbilical artery	umbilical artery	1506	24.564825369531953
CL:0000057	fibroblast	fibroblast	UBERON:0001616	maxillary artery	maxillary artery	355	24.564825369531953
CL:0000057	fibroblast	fibroblast	UBERON:0001616	maxillary artery	maxillary artery	241	24.564825369531953
CL:0000057	fibroblast	fibroblast	UBERON:0001640	celiac artery	celiac artery	755	23.36349037240185
CL:0000057	fibroblast	fibroblast	UBERON:0002333	pulmonary trunk	pulmonary trunk	3519	23.36349037240185
CL:0000057	fibroblast	fibroblast	UBERON:0001633	basilar artery	basilar artery	2603	23.00723603664624
CL:0000057	fibroblast	fibroblast	UBERON:0001633	basilar artery	basilar artery	2599	23.00723603664624
CL:0000057	fibroblast	fibroblast	UBERON:0001633	basilar artery	basilar artery	2563	23.00723603664624
CL:0000057	fibroblast	fibroblast	UBERON:0002456	internal thoracic artery	internal thoracic artery	2417	22.669259382928338
CL:0000057	fibroblast	fibroblast	UBERON:0001070	external carotid artery	external carotid artery	65	22.669259382928338
CL:0000057	fibroblast	fibroblast	UBERON:0002456	internal thoracic artery	internal thoracic artery	2413	22.669259382928338
CL:0000057	fibroblast	fibroblast	UBERON:0002456	internal thoracic artery	internal thoracic artery	2437	22.669259382928338
CL:0000057	fibroblast	fibroblast	UBERON:0002456	internal thoracic artery	internal thoracic artery	2433	22.669259382928338
CL:0000057	fibroblast	fibroblast	UBERON:0002456	internal thoracic artery	internal thoracic artery	2425	22.669259382928338
CL:0000057	fibroblast	fibroblast	UBERON:0002456	internal thoracic artery	internal thoracic artery	2421	22.669259382928338
CL:0000057	fibroblast	fibroblast	UBERON:0002456	internal thoracic artery	internal thoracic artery	2429	22.669259382928338
CL:0000057	fibroblast	fibroblast	UBERON:0002456	internal thoracic artery	internal thoracic artery	2441	22.669259382928338
CL:0000057	fibroblast	fibroblast	UBERON:0002456	internal thoracic artery	internal thoracic artery	2465	22.669259382928338
CL:0000071	blood vessel endothelial cell	blood vessel endothelial cell	UBERON:0001496	ascending aorta	ascending aorta	39	22.24668982450219
CL:0000057	fibroblast	fibroblast	UBERON:0001535	vertebral artery	vertebral artery	2651	20.45221011830123
CL:0000057	fibroblast	fibroblast	UBERON:0001535	vertebral artery	vertebral artery	2551	20.45221011830123
CL:0000359	vascular associated smooth muscle cell	vascular smooth muscle cell	UBERON:0013648	masseteric artery	masseteric artery	344	20.215708053596202
CL:0000359	vascular associated smooth muscle cell	vascular smooth muscle cell	UBERON:0005431	anterior spinal artery	anterior spinal artery	2556	20.215708053596202
CL:0000359	vascular associated smooth muscle cell	vascular smooth muscle cell	UBERON:0008321	deep artery of penis	deep artery of penis	1435	20.215708053596202
CL:0000359	vascular associated smooth muscle cell	vascular smooth muscle cell	UBERON:0001652	left pulmonary artery	left pulmonary artery	3524	20.215708053596202
CL:0000359	vascular associated smooth muscle cell	vascular smooth muscle cell	UBERON:8600077	pulmonary arteriole	pulmonary arteriole	3588	20.215708053596202
CL:0000359	vascular associated smooth muscle cell	vascular smooth muscle cell	UBERON:0001652	left pulmonary artery	left pulmonary artery	3528	20.215708053596202
CL:0000359	vascular associated smooth muscle cell	vascular smooth muscle cell	UBERON:0014694	posterior auricular artery	posterior auricular artery	450	20.215708053596202
CL:0000359	vascular associated smooth muscle cell	vascular smooth muscle cell	UBERON:0007150	superior thyroid artery	superior thyroid artery	500	20.215708053596202
CL:0000359	vascular associated smooth muscle cell	vascular smooth muscle cell	UBERON:0007149	inferior thyroid artery	inferior thyroid artery	2528	20.215708053596202
CL:0000359	vascular associated smooth muscle cell	vascular smooth muscle cell	UBERON:0006564	superficial palmar arch	superficial palmar arch	2258	20.215708053596202
CL:0000359	vascular associated smooth muscle cell	vascular smooth muscle cell	UBERON:0001311	inferior vesical artery	inferior vesical artery	1401	20.215708053596202
CL:0000359	vascular associated smooth muscle cell	vascular smooth muscle cell	UBERON:0007149	inferior thyroid artery	inferior thyroid artery	2492	20.215708053596202
CL:0000359	vascular associated smooth muscle cell	vascular smooth muscle cell	UBERON:0001311	inferior vesical artery	inferior vesical artery	1397	20.215708053596202
CL:0000359	vascular associated smooth muscle cell	vascular smooth muscle cell	UBERON:0005608	hyoid artery	infrahyoid artery	496	20.215708053596202
CL:0000359	vascular associated smooth muscle cell	vascular smooth muscle cell	UBERON:0001397	subscapular artery	subscapular artery	2354	20.215708053596202
CL:0000359	vascular associated smooth muscle cell	vascular smooth muscle cell	UBERON:0001652	left pulmonary artery	left pulmonary artery	3540	20.215708053596202
CL:0000359	vascular associated smooth muscle cell	vascular smooth muscle cell	UBERON:0007150	superior thyroid artery	superior thyroid artery	492	20.215708053596202
CL:0000359	vascular associated smooth muscle cell	vascular smooth muscle cell	UBERON:0007150	superior thyroid artery	superior thyroid artery	504	20.215708053596202
CL:0000359	vascular associated smooth muscle cell	vascular smooth muscle cell	UBERON:0001192	left gastric artery	left gastric artery	876	20.215708053596202
CL:0000359	vascular associated smooth muscle cell	vascular smooth muscle cell	UBERON:0007150	superior thyroid artery	superior thyroid artery	488	20.215708053596202
CL:0000359	vascular associated smooth muscle cell	vascular smooth muscle cell	UBERON:0006564	superficial palmar arch	superficial palmar arch	2278	20.215708053596202
CL:0000359	vascular associated smooth muscle cell	vascular smooth muscle cell	UBERON:0001314	obturator artery	obturator artery	1487	20.215708053596202
CL:0000359	vascular associated smooth muscle cell	vascular smooth muscle cell	UBERON:0014694	posterior auricular artery	posterior auricular artery	434	20.215708053596202
CL:0000359	vascular associated smooth muscle cell	vascular smooth muscle cell	UBERON:0014694	posterior auricular artery	posterior auricular artery	438	20.215708053596202
CL:0000359	vascular associated smooth muscle cell	vascular smooth muscle cell	UBERON:0006564	superficial palmar arch	superficial palmar arch	2322	20.215708053596202
CL:0000359	vascular associated smooth muscle cell	vascular smooth muscle cell	UBERON:0012324	transverse cervical artery	transverse cervical artery	2540	20.215708053596202
CL:0000359	vascular associated smooth muscle cell	vascular smooth muscle cell	UBERON:0001314	obturator artery	obturator artery	1491	20.215708053596202
CL:0000359	vascular associated smooth muscle cell	vascular smooth muscle cell	UBERON:0014694	posterior auricular artery	posterior auricular artery	430	20.215708053596202
CL:0000359	vascular associated smooth muscle cell	vascular smooth muscle cell	UBERON:0001358	perineal artery	perineal artery	1463	20.215708053596202
CL:0000359	vascular associated smooth muscle cell	vascular smooth muscle cell	UBERON:0012324	transverse cervical artery	transverse cervical artery	2544	20.215708053596202
CL:0000359	vascular associated smooth muscle cell	vascular smooth muscle cell	UBERON:0001358	perineal artery	perineal artery	1459	20.215708053596202
CL:0000359	vascular associated smooth muscle cell	vascular smooth muscle cell	UBERON:0014694	posterior auricular artery	posterior auricular artery	426	20.215708053596202
CL:0000359	vascular associated smooth muscle cell	vascular smooth muscle cell	UBERON:0001314	obturator artery	obturator artery	1495	20.215708053596202
CL:0000359	vascular associated smooth muscle cell	vascular smooth muscle cell	UBERON:0007149	inferior thyroid artery	inferior thyroid artery	2532	20.215708053596202
CL:0000359	vascular associated smooth muscle cell	vascular smooth muscle cell	UBERON:0006564	superficial palmar arch	superficial palmar arch	2302	20.215708053596202
CL:0000359	vascular associated smooth muscle cell	vascular smooth muscle cell	UBERON:8600102	left anterior descending artery	left anterior descending artery	2672	20.215708053596202
CL:0000359	vascular associated smooth muscle cell	vascular smooth muscle cell	UBERON:0014694	posterior auricular artery	posterior auricular artery	442	20.215708053596202
CL:0000359	vascular associated smooth muscle cell	vascular smooth muscle cell	UBERON:0001192	left gastric artery	left gastric artery	880	20.215708053596202
CL:0000359	vascular associated smooth muscle cell	vascular smooth muscle cell	UBERON:0007153	superior epigastric artery	superior epigastric artery	2474	20.215708053596202
CL:0000359	vascular associated smooth muscle cell	vascular smooth muscle cell	UBERON:0005431	anterior spinal artery	anterior spinal artery	2560	20.215708053596202
CL:0000359	vascular associated smooth muscle cell	vascular smooth muscle cell	UBERON:0001314	obturator artery	obturator artery	1483	20.215708053596202
CL:0000359	vascular associated smooth muscle cell	vascular smooth muscle cell	UBERON:8600102	left anterior descending artery	left anterior descending artery	2660	20.215708053596202
CL:0000359	vascular associated smooth muscle cell	vascular smooth muscle cell	UBERON:0018397	posterior superior alveolar artery	posterior superior alveolar artery	364	20.215708053596202
CL:0000359	vascular associated smooth muscle cell	vascular smooth muscle cell	UBERON:0015481	left hepatic artery	left hepatic artery	816	20.215708053596202
CL:0000359	vascular associated smooth muscle cell	vascular smooth muscle cell	UBERON:0035539	esophageal artery	esophageal artery	1906	20.215708053596202
CL:0000359	vascular associated smooth muscle cell	vascular smooth muscle cell	UBERON:0018397	posterior superior alveolar artery	posterior superior alveolar artery	360	20.215708053596202
CL:0000359	vascular associated smooth muscle cell	vascular smooth muscle cell	UBERON:8600102	left anterior descending artery	left anterior descending artery	2668	20.215708053596202
CL:0000359	vascular associated smooth muscle cell	vascular smooth muscle cell	UBERON:0018397	posterior superior alveolar artery	posterior superior alveolar artery	370	20.215708053596202
CL:0000359	vascular associated smooth muscle cell	vascular smooth muscle cell	UBERON:0015481	left hepatic artery	left hepatic artery	828	20.215708053596202
CL:0000359	vascular associated smooth muscle cell	vascular smooth muscle cell	UBERON:0015481	left hepatic artery	left hepatic artery	800	20.215708053596202
CL:0000359	vascular associated smooth muscle cell	vascular smooth muscle cell	UBERON:0015481	left hepatic artery	left hepatic artery	796	20.215708053596202
CL:0000359	vascular associated smooth muscle cell	vascular smooth muscle cell	UBERON:8600102	left anterior descending artery	left anterior descending artery	2664	20.215708053596202
CL:0000359	vascular associated smooth muscle cell	vascular smooth muscle cell	UBERON:0001397	subscapular artery	subscapular artery	2350	20.215708053596202
CL:0000359	vascular associated smooth muscle cell	vascular smooth muscle cell	UBERON:0006564	superficial palmar arch	superficial palmar arch	2246	20.215708053596202
CL:0000359	vascular associated smooth muscle cell	vascular smooth muscle cell	UBERON:0001634	mesencephalic artery	mesencephalic artery	2628	20.215708053596202
CL:0000359	vascular associated smooth muscle cell	vascular smooth muscle cell	UBERON:0007149	inferior thyroid artery	inferior thyroid artery	2524	20.215708053596202
CL:0000359	vascular associated smooth muscle cell	vascular smooth muscle cell	UBERON:8600060	subsegmental pulmonary artery	subsegmental pulmonary artery	3584	20.215708053596202
CL:0000359	vascular associated smooth muscle cell	vascular smooth muscle cell	UBERON:0001652	left pulmonary artery	left pulmonary artery	3580	20.215708053596202
CL:0000359	vascular associated smooth muscle cell	vascular smooth muscle cell	UBERON:0001617	mental artery	mental artery	322	20.215708053596202
CL:0000359	vascular associated smooth muscle cell	vascular smooth muscle cell	UBERON:0012255	inferior phrenic artery	inferior phrenic artery	1640	20.215708053596202
CL:0000359	vascular associated smooth muscle cell	vascular smooth muscle cell	UBERON:0010250	middle meningeal artery	middle meningeal artery	348	20.215708053596202
CL:0000359	vascular associated smooth muscle cell	vascular smooth muscle cell	UBERON:0015481	left hepatic artery	left hepatic artery	804	20.215708053596202
CL:0000057	fibroblast	fibroblast	UBERON:0001619	ophthalmic artery	ophthalmic artery	701	19.781553752005983
CL:0000057	fibroblast	fibroblast	UBERON:0001619	ophthalmic artery	ophthalmic artery	653	19.781553752005983
CL:0000057	fibroblast	fibroblast	UBERON:0001619	ophthalmic artery	ophthalmic artery	657	19.781553752005983
CL:0000057	fibroblast	fibroblast	UBERON:0001619	ophthalmic artery	ophthalmic artery	713	19.781553752005983
CL:0002144	capillary endothelial cell	capillary endothelial cell	UBERON:0003910	splenic sinusoid	splenic venous sinusoid	2949	19.739179971569158
CL:0002144	capillary endothelial cell	capillary endothelial cell	UBERON:8600041	chorionic terminal villous capillary	chorionic terminal villous capillary	1509	19.739179971569158
CL:0002144	capillary endothelial cell	capillary endothelial cell	UBERON:0013132	penicillar arteriole	penicillar arteriole of spleen	943	19.739179971569158
CL:0002144	capillary endothelial cell	capillary endothelial cell	UBERON:8600094	intra-acinar arteriole	intra-acinar arteriole	3594	19.739179971569158
CL:0002144	capillary endothelial cell	capillary endothelial cell	UBERON:0035404	superior hypophysial artery	superior hypophyseal artery	734	19.739179971569158
CL:0002144	capillary endothelial cell	capillary endothelial cell	UBERON:8600061	intra-acinar venule	intra-acinar venule	29	19.739179971569158
CL:0002144	capillary endothelial cell	capillary endothelial cell	UBERON:0035492	inferior hypophysial artery	inferior hypophyseal artery	598	19.739179971569158
CL:0000057	fibroblast	fibroblast	UBERON:0001184	renal artery	renal artery	1735	18.796274181341282
CL:0000057	fibroblast	fibroblast	UBERON:0001184	renal artery	renal artery	1731	18.796274181341282
CL:0000057	fibroblast	fibroblast	UBERON:0001184	renal artery	renal artery	1715	18.796274181341282
CL:0000057	fibroblast	fibroblast	UBERON:0001184	renal artery	renal artery	1711	18.796274181341282
CL:0000057	fibroblast	fibroblast	UBERON:0001184	renal artery	renal artery	1767	18.796274181341282
CL:0000057	fibroblast	fibroblast	UBERON:0001184	renal artery	renal artery	1719	18.796274181341282
CL:0000057	fibroblast	fibroblast	UBERON:0001184	renal artery	renal artery	1723	18.796274181341282
CL:0000071	blood vessel endothelial cell	blood vessel endothelial cell	UBERON:0001508	arch of aorta	aortic arch	43	18.000956911465074
CL:0000057	fibroblast	fibroblast	UBERON:0001496	ascending aorta	ascending aorta	41	17.780559913844293
CL:0000359	vascular associated smooth muscle cell	vascular smooth muscle cell	UBERON:8410022	left colic artery	left colic artery	1628	17.544057849139264
CL:0000359	vascular associated smooth muscle cell	vascular smooth muscle cell	UBERON:8410022	left colic artery	left colic artery	1578	17.544057849139264
CL:0000359	vascular associated smooth muscle cell	vascular smooth muscle cell	UBERON:0015171	uterine spiral artery	uterine spiral artery	1530	17.544057849139264
CL:0000359	vascular associated smooth muscle cell	vascular smooth muscle cell	UBERON:0001537	anterior tibial artery	anterior tibial artery	1109	17.544057849139264
CL:0000359	vascular associated smooth muscle cell	vascular smooth muscle cell	UBERON:0001355	deep femoral artery	deep femoral artery	1029	17.544057849139264
CL:0000359	vascular associated smooth muscle cell	vascular smooth muscle cell	UBERON:0001537	anterior tibial artery	anterior tibial artery	1105	17.544057849139264
CL:0000359	vascular associated smooth muscle cell	vascular smooth muscle cell	UBERON:0001539	dorsalis pedis artery	dorsalis pedis artery	1181	17.544057849139264
CL:0000359	vascular associated smooth muscle cell	vascular smooth muscle cell	UBERON:8410022	left colic artery	left colic artery	1574	17.544057849139264
CL:0000359	vascular associated smooth muscle cell	vascular smooth muscle cell	UBERON:0001312	superior vesical artery	superior vesical artery	1499	17.544057849139264
CL:0000359	vascular associated smooth muscle cell	vascular smooth muscle cell	UBERON:0001536	left common carotid artery plus branches	left common carotid artery	2038	17.544057849139264
CL:0000359	vascular associated smooth muscle cell	vascular smooth muscle cell	UBERON:0001185	right renal artery	right renal artery	1812	17.544057849139264
CL:0000359	vascular associated smooth muscle cell	vascular smooth muscle cell	UBERON:0001410	common palmar digital artery	common palmar digital artery	2250	17.544057849139264
CL:0000359	vascular associated smooth muscle cell	vascular smooth muscle cell	UBERON:0001537	anterior tibial artery	anterior tibial artery	1093	17.544057849139264
CL:0000359	vascular associated smooth muscle cell	vascular smooth muscle cell	UBERON:0001537	anterior tibial artery	anterior tibial artery	1097	17.544057849139264
CL:0000359	vascular associated smooth muscle cell	vascular smooth muscle cell	UBERON:0001539	dorsalis pedis artery	dorsalis pedis artery	1113	17.544057849139264
CL:0000359	vascular associated smooth muscle cell	vascular smooth muscle cell	UBERON:0001625	right coronary artery	right coronary artery	2708	17.544057849139264
CL:0000359	vascular associated smooth muscle cell	vascular smooth muscle cell	UBERON:0004688	costo-cervical trunk	costocervical trunk	2386	17.544057849139264
CL:0000359	vascular associated smooth muscle cell	vascular smooth muscle cell	UBERON:0001539	dorsalis pedis artery	dorsalis pedis artery	1165	17.544057849139264
CL:0000359	vascular associated smooth muscle cell	vascular smooth muscle cell	UBERON:0001625	right coronary artery	right coronary artery	2696	17.544057849139264
CL:0000359	vascular associated smooth muscle cell	vascular smooth muscle cell	UBERON:0006664	greater palatine artery	greater palatine artery	282	17.544057849139264
CL:0000359	vascular associated smooth muscle cell	vascular smooth muscle cell	UBERON:0010408	ocular angle artery	angular artery	130	17.544057849139264
CL:0000359	vascular associated smooth muscle cell	vascular smooth muscle cell	UBERON:0001355	deep femoral artery	deep femoral artery	1057	17.544057849139264
CL:0000359	vascular associated smooth muscle cell	vascular smooth muscle cell	UBERON:0001625	right coronary artery	right coronary artery	2700	17.544057849139264
CL:0000359	vascular associated smooth muscle cell	vascular smooth muscle cell	UBERON:0001539	dorsalis pedis artery	dorsalis pedis artery	1161	17.544057849139264
CL:0000359	vascular associated smooth muscle cell	vascular smooth muscle cell	UBERON:0002070	superior pancreaticoduodenal artery	superior pancreaticoduodenal artery	776	17.544057849139264
CL:0000359	vascular associated smooth muscle cell	vascular smooth muscle cell	UBERON:0002070	superior pancreaticoduodenal artery	superior pancreaticoduodenal artery	780	17.544057849139264
CL:0000359	vascular associated smooth muscle cell	vascular smooth muscle cell	UBERON:0002070	superior pancreaticoduodenal artery	superior pancreaticoduodenal artery	784	17.544057849139264
CL:0000359	vascular associated smooth muscle cell	vascular smooth muscle cell	UBERON:0015482	right hepatic artery	right hepatic artery	836	17.544057849139264
CL:0000359	vascular associated smooth muscle cell	vascular smooth muscle cell	UBERON:0001628	posterior communicating artery	posterior communicating artery	728	17.544057849139264
CL:0000359	vascular associated smooth muscle cell	vascular smooth muscle cell	UBERON:0015482	right hepatic artery	right hepatic artery	840	17.544057849139264
CL:0000359	vascular associated smooth muscle cell	vascular smooth muscle cell	UBERON:0015482	right hepatic artery	right hepatic artery	844	17.544057849139264
CL:0000359	vascular associated smooth muscle cell	vascular smooth muscle cell	UBERON:0001635	superior cerebellar artery	superior cerebellar artery	2640	17.544057849139264
CL:0000359	vascular associated smooth muscle cell	vascular smooth muscle cell	UBERON:0015482	right hepatic artery	right hepatic artery	856	17.544057849139264
CL:0000359	vascular associated smooth muscle cell	vascular smooth muscle cell	UBERON:0015482	right hepatic artery	right hepatic artery	860	17.544057849139264
CL:0000359	vascular associated smooth muscle cell	vascular smooth muscle cell	UBERON:0001537	anterior tibial artery	anterior tibial artery	1193	17.544057849139264
CL:0000359	vascular associated smooth muscle cell	vascular smooth muscle cell	UBERON:0001537	anterior tibial artery	anterior tibial artery	1189	17.544057849139264
CL:0000359	vascular associated smooth muscle cell	vascular smooth muscle cell	UBERON:0001625	right coronary artery	right coronary artery	2720	17.544057849139264
CL:0000359	vascular associated smooth muscle cell	vascular smooth muscle cell	UBERON:0001625	right coronary artery	right coronary artery	2716	17.544057849139264
CL:0000359	vascular associated smooth muscle cell	vascular smooth muscle cell	UBERON:0009689	anterior inferior cerebellar artery	anterior inferior cerebellar artery	2568	17.544057849139264
CL:0000359	vascular associated smooth muscle cell	vascular smooth muscle cell	UBERON:0001186	left renal artery	left renal artery	1684	17.544057849139264
CL:0000359	vascular associated smooth muscle cell	vascular smooth muscle cell	UBERON:0001355	deep femoral artery	deep femoral artery	1033	17.544057849139264
CL:0000359	vascular associated smooth muscle cell	vascular smooth muscle cell	UBERON:0001195	inferior pancreaticoduodenal artery	inferior pancreaticoduodenal artery	1856	17.544057849139264
CL:0000359	vascular associated smooth muscle cell	vascular smooth muscle cell	UBERON:0001195	inferior pancreaticoduodenal artery	inferior pancreaticoduodenal artery	1860	17.544057849139264
CL:0000359	vascular associated smooth muscle cell	vascular smooth muscle cell	UBERON:0001531	right common carotid artery plus branches	right common carotid artery	54	17.544057849139264
CL:0000359	vascular associated smooth muscle cell	vascular smooth muscle cell	UBERON:0001195	inferior pancreaticoduodenal artery	inferior pancreaticoduodenal artery	1864	17.544057849139264
CL:0000359	vascular associated smooth muscle cell	vascular smooth muscle cell	UBERON:0003471	artery of lower lip	inferior labial artery	158	17.544057849139264
CL:0000359	vascular associated smooth muscle cell	vascular smooth muscle cell	UBERON:0001623	dorsal nasal artery	dorsal nasal artery	674	17.544057849139264
CL:0000359	vascular associated smooth muscle cell	vascular smooth muscle cell	UBERON:0003471	artery of lower lip	inferior labial artery	154	17.544057849139264
CL:0000359	vascular associated smooth muscle cell	vascular smooth muscle cell	UBERON:0006664	greater palatine artery	greater palatine artery	278	17.544057849139264
CL:0002543	vein endothelial cell	endothelial cell of vein	UBERON:0001664	inferior cerebral vein	inferior cerebral vein	3367	17.389013045135684
CL:0002543	vein endothelial cell	endothelial cell of vein	UBERON:0001106	cephalic vein	cephalic vein	3449	17.389013045135684
CL:0002543	vein endothelial cell	endothelial cell of vein	UBERON:0001106	cephalic vein	cephalic vein	3447	17.389013045135684
CL:0002543	vein endothelial cell	endothelial cell of vein	UBERON:0004561	proper palmar digital vein	proper palmar digital vein	3439	17.389013045135684
CL:0002543	vein endothelial cell	endothelial cell of vein	UBERON:8600087	external nasal vein	external nasal vein	3246	17.389013045135684
CL:0002543	vein endothelial cell	endothelial cell of vein	UBERON:0001670	inferior cerebellar vein	inferior cerebellar vein	3365	17.389013045135684
CL:0002543	vein endothelial cell	endothelial cell of vein	UBERON:0001659	transverse facial vein	transverse facial vein #2	3240	17.389013045135684
CL:0002543	vein endothelial cell	endothelial cell of vein	UBERON:8600091	inferior anastomotic vein	inferior anastomotic vein	3363	17.389013045135684
CL:0002543	vein endothelial cell	endothelial cell of vein	UBERON:0035150	superior cerebral vein	superior cerebral vein	3361	17.389013045135684
CL:0002543	vein endothelial cell	endothelial cell of vein	UBERON:0001669	superior cerebellar vein	superior cerebellar vein	3356	17.389013045135684
CL:0002543	vein endothelial cell	endothelial cell of vein	UBERON:0035152	internal cerebral vein	internal cerebral vein	3353	17.389013045135684
CL:0002543	vein endothelial cell	endothelial cell of vein	UBERON:0035152	internal cerebral vein	internal cerebral vein	3351	17.389013045135684
CL:0002543	vein endothelial cell	endothelial cell of vein	UBERON:0006662	musculo-phrenic vein	musculophrenic vein	3403	17.389013045135684
CL:0002543	vein endothelial cell	endothelial cell of vein	UBERON:8600092	radial vein	radial vein	3429	17.389013045135684
CL:0002543	vein endothelial cell	endothelial cell of vein	UBERON:0035231	superficial middle cerebral vein	superficial middle cerebral vein	3288	17.389013045135684
CL:0002543	vein endothelial cell	endothelial cell of vein	UBERON:0001659	transverse facial vein	transverse facial vein	3236	17.389013045135684
CL:0002543	vein endothelial cell	endothelial cell of vein	UBERON:0035152	internal cerebral vein	internal cerebral vein	3349	17.389013045135684
CL:0002543	vein endothelial cell	endothelial cell of vein	UBERON:0035547	posterior ciliary vein	vorticose vein	3286	17.389013045135684
CL:0002543	vein endothelial cell	endothelial cell of vein	UBERON:0001658	middle temporal vein	middle temporal vein	3232	17.389013045135684
CL:0002543	vein endothelial cell	endothelial cell of vein	UBERON:8600072	glandular venous plexus	glandular venous plexus	3379	17.389013045135684
CL:0002543	vein endothelial cell	endothelial cell of vein	UBERON:0002089	thoracodorsal vein	thoracodorsal vein	3459	17.389013045135684
CL:0002543	vein endothelial cell	endothelial cell of vein	UBERON:0001661	deep temporal vein	deep temporal vein	3212	17.389013045135684
CL:0002543	vein endothelial cell	endothelial cell of vein	UBERON:0012200	anterior intercostal vein	anterior intercostal vein	3385	17.389013045135684
CL:0002543	vein endothelial cell	endothelial cell of vein	UBERON:8600090	hypophyseal vein	hypophyseal vein	3282	17.389013045135684
CL:0002543	vein endothelial cell	endothelial cell of vein	UBERON:0012237	superior phrenic vein	superior phrenic vein	3184	17.389013045135684
CL:0002543	vein endothelial cell	endothelial cell of vein	UBERON:8600073	circumflex humeral vein	circumflex humeral vein	3451	17.389013045135684
CL:0002543	vein endothelial cell	endothelial cell of vein	UBERON:0001104	anterior jugular vein	anterior jugular vein	3463	17.389013045135684
CL:0002543	vein endothelial cell	endothelial cell of vein	UBERON:0012196	right superior intercostal vein	right superior intercostal vein	3180	17.389013045135684
CL:0002543	vein endothelial cell	endothelial cell of vein	UBERON:0001104	anterior jugular vein	anterior jugular vein	3465	17.389013045135684
CL:0002543	vein endothelial cell	endothelial cell of vein	UBERON:0034981	superior bulb of internal jugular vein	superior bulb of internal jugular vein	3375	17.389013045135684
CL:0002543	vein endothelial cell	endothelial cell of vein	UBERON:0001672	anterior cerebral vein	anterior cerebral vein	3341	17.389013045135684
CL:0002543	vein endothelial cell	endothelial cell of vein	UBERON:0035532	deep middle cerebral vein	deep middle cerebral vein	3343	17.389013045135684
CL:0002543	vein endothelial cell	endothelial cell of vein	UBERON:0034965	middle thyroid vein	middle thyroid vein	3329	17.389013045135684
CL:0002543	vein endothelial cell	endothelial cell of vein	UBERON:8600092	radial vein	radial vein	3431	17.389013045135684
CL:0002543	vein endothelial cell	endothelial cell of vein	UBERON:0001414	median basilic vein	median cubital vein	3425	17.389013045135684
CL:0002543	vein endothelial cell	endothelial cell of vein	UBERON:8600052	subsegmental pulmonary vein	subsegmental pulmonary vein	21	17.389013045135684
CL:0002543	vein endothelial cell	endothelial cell of vein	UBERON:8600068	mental vein	mental vein	3264	17.389013045135684
CL:0002543	vein endothelial cell	endothelial cell of vein	UBERON:8600093	ulnar vein	ulnar vein	3433	17.389013045135684
CL:0002543	vein endothelial cell	endothelial cell of vein	UBERON:0003478	vein of lower lip	inferior labial vein	3260	17.389013045135684
CL:0002543	vein endothelial cell	endothelial cell of vein	UBERON:0001590	pericardiacophrenic vein	pericardiacophrenic vein	3409	17.389013045135684
CL:0002543	vein endothelial cell	endothelial cell of vein	UBERON:0035662	parotid vein	parotid vein	3266	17.389013045135684
CL:0002543	vein endothelial cell	endothelial cell of vein	UBERON:0007155	superior epigastric vein	superior epigastric vein	3407	17.389013045135684
CL:0002543	vein endothelial cell	endothelial cell of vein	UBERON:0035659	deep facial vein	deep facial vein	3258	17.389013045135684
CL:0002543	vein endothelial cell	endothelial cell of vein	UBERON:8600089	transverse nasal root vein	transverse nasal root vein	3256	17.389013045135684
CL:0002543	vein endothelial cell	endothelial cell of vein	UBERON:0018256	lacrimal vein	lacrimal vein	3297	17.389013045135684
CL:0002543	vein endothelial cell	endothelial cell of vein	UBERON:0004689	naso-frontal vein	nasofrontal vein	3299	17.389013045135684
CL:0002543	vein endothelial cell	endothelial cell of vein	UBERON:0001420	subscapular vein	subscapular vein	3455	17.389013045135684
CL:0002543	vein endothelial cell	endothelial cell of vein	UBERON:0014904	intersegmental pulmonary vein	intersegmental pulmonary vein	19	17.389013045135684
CL:0002543	vein endothelial cell	endothelial cell of vein	UBERON:0035547	posterior ciliary vein	vorticose vein #2	3301	17.389013045135684
CL:0002543	vein endothelial cell	endothelial cell of vein	UBERON:8600088	supratrochlear vein	supratrochlear vein	3254	17.389013045135684
CL:0002543	vein endothelial cell	endothelial cell of vein	UBERON:0006662	musculo-phrenic vein	musculophrenic vein	3405	17.389013045135684
CL:0002543	vein endothelial cell	endothelial cell of vein	UBERON:8600069	deep lingual vein	deep lingual vein	3305	17.389013045135684
CL:0002543	vein endothelial cell	endothelial cell of vein	UBERON:0034982	inferior bulb of internal jugular vein	inferior bulb of internal jugular vein	3274	17.389013045135684
CL:0002543	vein endothelial cell	endothelial cell of vein	UBERON:0001655	submental vein	submental vein	3268	17.389013045135684
CL:0002543	vein endothelial cell	endothelial cell of vein	UBERON:0001654	supraorbital vein	supraorbital vein	3252	17.389013045135684
CL:0002543	vein endothelial cell	endothelial cell of vein	UBERON:8600070	dorsal lingual vein	dorsal lingual vein	3311	17.389013045135684
CL:0002543	vein endothelial cell	endothelial cell of vein	UBERON:8600071	sublingual vein	sublingual vein	3319	17.389013045135684
CL:0002543	vein endothelial cell	endothelial cell of vein	UBERON:8600093	ulnar vein	ulnar vein	3435	17.389013045135684
CL:0002543	vein endothelial cell	endothelial cell of vein	UBERON:0002459	inferior palpebral vein	inferior palpebral vein	3248	17.389013045135684
CL:0002543	vein endothelial cell	endothelial cell of vein	UBERON:8600074	thoracoacromial vein	thoracoacromial vein	3457	17.389013045135684
CL:0002543	vein endothelial cell	endothelial cell of vein	UBERON:8600071	sublingual vein	sublingual vein	3321	17.389013045135684
CL:0002543	vein endothelial cell	endothelial cell of vein	UBERON:0003477	vein of upper lip	superior labial vein	3270	17.389013045135684
CL:0002543	vein endothelial cell	endothelial cell of vein	UBERON:0002088	lateral thoracic vein	lateral thoracic vein	3453	17.389013045135684
CL:0002543	vein endothelial cell	endothelial cell of vein	UBERON:8600085	hepatic portal venule	hepatic portal venule	3016	17.389013045135684
CL:0002543	vein endothelial cell	endothelial cell of vein	UBERON:8410017	left colic vein	left colic vein	2921	17.389013045135684
CL:0002543	vein endothelial cell	endothelial cell of vein	UBERON:0014690	left gastric vein	left gastric vein	2905	17.389013045135684
CL:0002543	vein endothelial cell	endothelial cell of vein	UBERON:0008889	uterine venous plexus	uterine venous plexus	2856	17.389013045135684
CL:0002543	vein endothelial cell	endothelial cell of vein	UBERON:0001319	vaginal vein	vaginal vein	2858	17.389013045135684
CL:0002543	vein endothelial cell	endothelial cell of vein	UBERON:0006687	median sacral vein	median sacral vein	2862	17.389013045135684
CL:0002543	vein endothelial cell	endothelial cell of vein	UBERON:0011955	left hepatic vein	left hepatic vein	2866	17.389013045135684
CL:0002543	vein endothelial cell	endothelial cell of vein	UBERON:0011955	left hepatic vein	left hepatic vein	2868	17.389013045135684
CL:0002543	vein endothelial cell	endothelial cell of vein	UBERON:0011955	left hepatic vein	left hepatic vein	2870	17.389013045135684
CL:0002543	vein endothelial cell	endothelial cell of vein	UBERON:0011955	left hepatic vein	left hepatic vein	2872	17.389013045135684
CL:0002543	vein endothelial cell	endothelial cell of vein	UBERON:8600085	hepatic portal venule	hepatic portal venule	2881	17.389013045135684
CL:0002543	vein endothelial cell	endothelial cell of vein	UBERON:8600085	hepatic portal venule	hepatic portal venule	2889	17.389013045135684
CL:0002543	vein endothelial cell	endothelial cell of vein	UBERON:8600085	hepatic portal venule	hepatic portal venule	2893	17.389013045135684
CL:0002543	vein endothelial cell	endothelial cell of vein	UBERON:0035392	cystic vein	cystic vein	2901	17.389013045135684
CL:0002543	vein endothelial cell	endothelial cell of vein	UBERON:0014691	right gastric vein	right gastric vein	2911	17.389013045135684
CL:0002543	vein endothelial cell	endothelial cell of vein	UBERON:0006355	superior vesical vein	superior vesical vein	2852	17.389013045135684
CL:0002543	vein endothelial cell	endothelial cell of vein	UBERON:0014691	right gastric vein	right gastric vein	2913	17.389013045135684
CL:0002543	vein endothelial cell	endothelial cell of vein	UBERON:8410017	left colic vein	left colic vein	2919	17.389013045135684
CL:0002543	vein endothelial cell	endothelial cell of vein	UBERON:0012196	right superior intercostal vein	right superior intercostal vein	3178	17.389013045135684
CL:0002543	vein endothelial cell	endothelial cell of vein	UBERON:0001219	ileocolic vein	ileocolic vein	2958	17.389013045135684
CL:0002543	vein endothelial cell	endothelial cell of vein	UBERON:0001591	thymic vein	thymic vein	3511	17.389013045135684
CL:0002543	vein endothelial cell	endothelial cell of vein	UBERON:0001219	ileocolic vein	ileocolic vein	2960	17.389013045135684
CL:0002543	vein endothelial cell	endothelial cell of vein	UBERON:8600076	suboccipital venous plexus	suboccipital venous plexus	3497	17.389013045135684
CL:0002543	vein endothelial cell	endothelial cell of vein	UBERON:0001216	jejunal vein	jejunal vein	2970	17.389013045135684
CL:0002543	vein endothelial cell	endothelial cell of vein	UBERON:0001218	middle colic vein	middle colic vein	2972	17.389013045135684
CL:0002543	vein endothelial cell	endothelial cell of vein	UBERON:0001218	middle colic vein	middle colic vein	2974	17.389013045135684
CL:0002543	vein endothelial cell	endothelial cell of vein	UBERON:8600076	suboccipital venous plexus	suboccipital venous plexus	3495	17.389013045135684
CL:0002543	vein endothelial cell	endothelial cell of vein	UBERON:8600058	uterine vein	uterine vein	2854	17.389013045135684
CL:0002543	vein endothelial cell	endothelial cell of vein	UBERON:0001362	perineal vein	perineal vein	2848	17.389013045135684
CL:0002543	vein endothelial cell	endothelial cell of vein	UBERON:0006662	musculo-phrenic vein	musculophrenic vein	3399	17.389013045135684
CL:0002543	vein endothelial cell	endothelial cell of vein	UBERON:0013142	soleal vein	soleal vein	2786	17.389013045135684
CL:0002543	vein endothelial cell	endothelial cell of vein	UBERON:0009687	middle cardiac vein	middle cardiac vein	2730	17.389013045135684
CL:0002543	vein endothelial cell	endothelial cell of vein	UBERON:0035374	small cardiac vein	small cardiac vein	2736	17.389013045135684
CL:0002543	vein endothelial cell	endothelial cell of vein	UBERON:0001360	deep circumflex iliac vein	deep circumflex iliac vein	2744	17.389013045135684
CL:0002543	vein endothelial cell	endothelial cell of vein	UBERON:0009048	deep external pudendal vein	deep external pudendal vein	2752	17.389013045135684
CL:0002543	vein endothelial cell	endothelial cell of vein	UBERON:0014692	superficial epigastric vein	superficial epigastric vein	2762	17.389013045135684
CL:0002543	vein endothelial cell	endothelial cell of vein	UBERON:8600082	superficial iliac circumflex vein	superficial iliac circumflex vein	2766	17.389013045135684
CL:0002543	vein endothelial cell	endothelial cell of vein	UBERON:8600065	lateral femoral circumflex vein	lateral femoral circumflex vein	2768	17.389013045135684
CL:0002543	vein endothelial cell	endothelial cell of vein	UBERON:0035234	medial circumflex femoral vein	medial circumflex femoral vein	2770	17.389013045135684
CL:0002543	vein endothelial cell	endothelial cell of vein	UBERON:0001549	dorsal metatarsal vein	dorsal metatarsal vein	2778	17.389013045135684
CL:0002543	vein endothelial cell	endothelial cell of vein	UBERON:0001549	dorsal metatarsal vein	dorsal metatarsal vein	2780	17.389013045135684
CL:0002543	vein endothelial cell	endothelial cell of vein	UBERON:0013143	gastrocnemius vein	gastrocnemius vein	2782	17.389013045135684
CL:0002543	vein endothelial cell	endothelial cell of vein	UBERON:0006144	medial plantar digital vein	medial plantar vein	2798	17.389013045135684
CL:0002543	vein endothelial cell	endothelial cell of vein	UBERON:0001321	obturator vein	obturator vein	2846	17.389013045135684
CL:0002543	vein endothelial cell	endothelial cell of vein	UBERON:0006144	medial plantar digital vein	medial plantar vein	2800	17.389013045135684
CL:0002543	vein endothelial cell	endothelial cell of vein	UBERON:0013142	soleal vein	soleal vein #2	2802	17.389013045135684
CL:0002543	vein endothelial cell	endothelial cell of vein	UBERON:0001548	lateral marginal vein	lateral marginal vein	2808	17.389013045135684
CL:0002543	vein endothelial cell	endothelial cell of vein	UBERON:0013144	vein of genicular venous plexus	vein of genicular venous plexus	2810	17.389013045135684
CL:0002543	vein endothelial cell	endothelial cell of vein	UBERON:0007154	inferior epigastric vein	inferior epigastric vein	2812	17.389013045135684
CL:0002543	vein endothelial cell	endothelial cell of vein	UBERON:0001320	iliolumbar vein	iliolumbar vein	2816	17.389013045135684
CL:0002543	vein endothelial cell	endothelial cell of vein	UBERON:0006690	deep dorsal vein of clitoris	deep dorsal vein of clitoris	2820	17.389013045135684
CL:0002543	vein endothelial cell	endothelial cell of vein	UBERON:0006690	deep dorsal vein of clitoris	deep dorsal vein of clitoris	2822	17.389013045135684
CL:0002543	vein endothelial cell	endothelial cell of vein	UBERON:0006656	deep dorsal vein of penis	deep dorsal vein of penis	2824	17.389013045135684
CL:0002543	vein endothelial cell	endothelial cell of vein	UBERON:0001318	inferior vesical vein	inferior vesical vein	2828	17.389013045135684
CL:0002543	vein endothelial cell	endothelial cell of vein	UBERON:8600057	middle hemorrhoidal vein	middle hemorrhoidal vein	2844	17.389013045135684
CL:0002543	vein endothelial cell	endothelial cell of vein	UBERON:8410018	right colic vein	right colic vein	2978	17.389013045135684
CL:0002543	vein endothelial cell	endothelial cell of vein	UBERON:0006662	musculo-phrenic vein	musculophrenic vein	3401	17.389013045135684
CL:0002543	vein endothelial cell	endothelial cell of vein	UBERON:0035474	right subcostal vein	right subcostal vein	3172	17.389013045135684
CL:0002543	vein endothelial cell	endothelial cell of vein	UBERON:0035252	left subcostal vein	left subcostal vein	3146	17.389013045135684
CL:0002543	vein endothelial cell	endothelial cell of vein	UBERON:8600085	hepatic portal venule	hepatic portal venule	3000	17.389013045135684
CL:0002543	vein endothelial cell	endothelial cell of vein	UBERON:8600085	hepatic portal venule	hepatic portal venule	3006	17.389013045135684
CL:0002543	vein endothelial cell	endothelial cell of vein	UBERON:0012196	right superior intercostal vein	right superior intercostal vein	3174	17.389013045135684
CL:0002543	vein endothelial cell	endothelial cell of vein	UBERON:0011956	right hepatic vein	right hepatic vein	3094	17.389013045135684
CL:0002543	vein endothelial cell	endothelial cell of vein	UBERON:8600085	hepatic portal venule	hepatic portal venule	3010	17.389013045135684
CL:0002543	vein endothelial cell	endothelial cell of vein	UBERON:8600085	hepatic portal venule	hepatic portal venule	3020	17.389013045135684
CL:0002543	vein endothelial cell	endothelial cell of vein	UBERON:0035483	left suprarenal vein	left suprarenal vein	3030	17.389013045135684
CL:0002543	vein endothelial cell	endothelial cell of vein	UBERON:0000443	left testicular vein	left testicular vein	3032	17.389013045135684
CL:0002543	vein endothelial cell	endothelial cell of vein	UBERON:8600066	basivertebral vein	basivertebral vein	3042	17.389013045135684
CL:0002543	vein endothelial cell	endothelial cell of vein	UBERON:8600053	esophageal vein	esophageal vein	3136	17.389013045135684
CL:0002543	vein endothelial cell	endothelial cell of vein	UBERON:0035249	posterior external jugular vein	posterior external jugular vein	3477	17.389013045135684
CL:0002543	vein endothelial cell	endothelial cell of vein	UBERON:0035435	right suprarenal vein	right suprarenal vein	3104	17.389013045135684
CL:0002543	vein endothelial cell	endothelial cell of vein	UBERON:0011957	middle hepatic vein	middle hepatic vein	3064	17.389013045135684
CL:0002543	vein endothelial cell	endothelial cell of vein	UBERON:0006199	posterior auricular vein	posterior auricular vein	3471	17.389013045135684
CL:0002543	vein endothelial cell	endothelial cell of vein	UBERON:0011956	right hepatic vein	right hepatic vein	3096	17.389013045135684
CL:0002543	vein endothelial cell	endothelial cell of vein	UBERON:0011957	middle hepatic vein	middle hepatic vein	3066	17.389013045135684
CL:0002543	vein endothelial cell	endothelial cell of vein	UBERON:0011957	middle hepatic vein	middle hepatic vein	3068	17.389013045135684
CL:0002543	vein endothelial cell	endothelial cell of vein	UBERON:0011957	middle hepatic vein	middle hepatic vein	3070	17.389013045135684
CL:0002543	vein endothelial cell	endothelial cell of vein	UBERON:0011956	right hepatic vein	right hepatic vein	3090	17.389013045135684
CL:0002543	vein endothelial cell	endothelial cell of vein	UBERON:0011956	right hepatic vein	right hepatic vein	3092	17.389013045135684
CL:0002543	vein endothelial cell	endothelial cell of vein	UBERON:8600085	hepatic portal venule	hepatic portal venule	2996	17.389013045135684
CL:0002543	vein endothelial cell	endothelial cell of vein	UBERON:0001104	anterior jugular vein	anterior jugular vein	3469	17.389013045135684
CL:0002543	vein endothelial cell	endothelial cell of vein	UBERON:8410018	right colic vein	right colic vein	2980	17.389013045135684
CL:0002543	vein endothelial cell	endothelial cell of vein	UBERON:8600075	transverse cervical vein	transverse cervical vein	3481	17.389013045135684
CL:0002543	vein endothelial cell	endothelial cell of vein	UBERON:8600054	supreme intercostal vein	supreme intercostal vein	3483	17.389013045135684
CL:0002543	vein endothelial cell	endothelial cell of vein	UBERON:0001104	anterior jugular vein	anterior jugular vein	3467	17.389013045135684
CL:0002543	vein endothelial cell	endothelial cell of vein	UBERON:0012196	right superior intercostal vein	right superior intercostal vein	3176	17.389013045135684
CL:0002543	vein endothelial cell	endothelial cell of vein	UBERON:8600085	hepatic portal venule	hepatic portal venule	2992	17.389013045135684
CL:0000057	fibroblast	fibroblast	UBERON:0001532	internal carotid artery	internal carotid artery	575	16.76484564634729
CL:0000057	fibroblast	fibroblast	UBERON:0001532	internal carotid artery	internal carotid artery	507	16.76484564634729
CL:0000071	blood vessel endothelial cell	blood vessel endothelial cell	UBERON:0001516	abdominal aorta	abdominal aorta	1781	16.209158426114747
CL:0000071	blood vessel endothelial cell	blood vessel endothelial cell	UBERON:0001516	abdominal aorta	abdominal aorta	1793	16.209158426114747
CL:0000071	blood vessel endothelial cell	blood vessel endothelial cell	UBERON:0001516	abdominal aorta	abdominal aorta	1797	16.209158426114747
CL:0000071	blood vessel endothelial cell	blood vessel endothelial cell	UBERON:0001516	abdominal aorta	abdominal aorta	1789	16.209158426114747
CL:0000071	blood vessel endothelial cell	blood vessel endothelial cell	UBERON:0001516	abdominal aorta	abdominal aorta	749	16.209158426114747
CL:0000071	blood vessel endothelial cell	blood vessel endothelial cell	UBERON:0001516	abdominal aorta	abdominal aorta	1801	16.209158426114747
CL:0000071	blood vessel endothelial cell	blood vessel endothelial cell	UBERON:0001516	abdominal aorta	abdominal aorta	1777	16.209158426114747
CL:0000071	blood vessel endothelial cell	blood vessel endothelial cell	UBERON:0001516	abdominal aorta	abdominal aorta	1805	16.209158426114747
CL:0000071	blood vessel endothelial cell	blood vessel endothelial cell	UBERON:0001516	abdominal aorta	abdominal aorta	1649	16.209158426114747
CL:0000071	blood vessel endothelial cell	blood vessel endothelial cell	UBERON:0001516	abdominal aorta	abdominal aorta	1665	16.209158426114747
CL:0000071	blood vessel endothelial cell	blood vessel endothelial cell	UBERON:0001516	abdominal aorta	abdominal aorta	1653	16.209158426114747
CL:0000071	blood vessel endothelial cell	blood vessel endothelial cell	UBERON:0001516	abdominal aorta	abdominal aorta	1785	16.209158426114747
CL:0000071	blood vessel endothelial cell	blood vessel endothelial cell	UBERON:0001516	abdominal aorta	abdominal aorta	1661	16.209158426114747
CL:0000071	blood vessel endothelial cell	blood vessel endothelial cell	UBERON:0001516	abdominal aorta	abdominal aorta	1673	16.209158426114747
CL:0000071	blood vessel endothelial cell	blood vessel endothelial cell	UBERON:0001516	abdominal aorta	abdominal aorta	1657	16.209158426114747
CL:0000071	blood vessel endothelial cell	blood vessel endothelial cell	UBERON:0001516	abdominal aorta	abdominal aorta	1677	16.209158426114747
CL:0000071	blood vessel endothelial cell	blood vessel endothelial cell	UBERON:0001516	abdominal aorta	abdominal aorta	1669	16.209158426114747
CL:0000057	fibroblast	fibroblast	UBERON:0001533	subclavian artery	subclavian artery	2045	16.003719664542324
CL:0000057	fibroblast	fibroblast	UBERON:0001533	subclavian artery	subclavian artery	2409	16.003719664542324
CL:1000413	endothelial cell of artery	endothelial cell of artery	UBERON:0001395	thoraco-acromial artery	thoracoacromial artery	2372	15.799972100507176
CL:1000413	endothelial cell of artery	endothelial cell of artery	UBERON:0001404	radial artery	radial artery	2160	15.799972100507176
CL:1000413	endothelial cell of artery	endothelial cell of artery	UBERON:8600078	ascending pharyngeal artery	ascending pharyngeal artery	72	15.799972100507176
CL:1000413	endothelial cell of artery	endothelial cell of artery	UBERON:0001404	radial artery	radial artery	2096	15.799972100507176
CL:1000413	endothelial cell of artery	endothelial cell of artery	UBERON:0010249	posterior meningeal artery	posterior meningeal artery	92	15.799972100507176
CL:1000413	endothelial cell of artery	endothelial cell of artery	UBERON:8600078	ascending pharyngeal artery	ascending pharyngeal artery	76	15.799972100507176
CL:1000413	endothelial cell of artery	endothelial cell of artery	UBERON:0001404	radial artery	radial artery	2172	15.799972100507176
CL:1000413	endothelial cell of artery	endothelial cell of artery	UBERON:8600100	artery of pterygoid canal	artery of pterygoid canal	248	15.799972100507176
CL:1000413	endothelial cell of artery	endothelial cell of artery	UBERON:8600099	accessory meningeal artery	accessory meningeal artery	232	15.799972100507176
CL:1000413	endothelial cell of artery	endothelial cell of artery	UBERON:0001404	radial artery	radial artery	2140	15.799972100507176
CL:1000413	endothelial cell of artery	endothelial cell of artery	UBERON:0001404	radial artery	radial artery	2152	15.799972100507176
CL:1000413	endothelial cell of artery	endothelial cell of artery	UBERON:8600078	ascending pharyngeal artery	ascending pharyngeal artery	96	15.799972100507176
CL:1000413	endothelial cell of artery	endothelial cell of artery	UBERON:0035273	superior thoracic artery	superior thoracic artery	2360	15.799972100507176
CL:1000413	endothelial cell of artery	endothelial cell of artery	UBERON:8600078	ascending pharyngeal artery	ascending pharyngeal artery	120	15.799972100507176
CL:1000413	endothelial cell of artery	endothelial cell of artery	UBERON:8600096	submental artery	submental artery	170	15.799972100507176
CL:1000413	endothelial cell of artery	endothelial cell of artery	UBERON:0013133	superior phrenic artery	superior phrenic artery	2032	15.799972100507176
CL:1000413	endothelial cell of artery	endothelial cell of artery	UBERON:8600101	descending palatine artery	descending palatine artery	272	15.799972100507176
CL:1000413	endothelial cell of artery	endothelial cell of artery	UBERON:0001395	thoraco-acromial artery	thoracoacromial artery	2364	15.799972100507176
CL:1000413	endothelial cell of artery	endothelial cell of artery	UBERON:0006137	proper palmar digital artery	proper palmar digital artery	2252	15.799972100507176
CL:1000413	endothelial cell of artery	endothelial cell of artery	UBERON:8600098	dorsal lingual artery	dorsal lingual artery	202	15.799972100507176
CL:1000413	endothelial cell of artery	endothelial cell of artery	UBERON:0001561	subcostal artery	subcostal artery	2024	15.799972100507176
CL:1000413	endothelial cell of artery	endothelial cell of artery	UBERON:0001611	sublingual artery	sublingual artery	212	15.799972100507176
CL:1000413	endothelial cell of artery	endothelial cell of artery	UBERON:0001396	lateral thoracic artery	lateral thoracic artery	2340	15.799972100507176
CL:1000413	endothelial cell of artery	endothelial cell of artery	UBERON:0001651	right pulmonary artery	right pulmonary artery	3600	15.799972100507176
CL:1000413	endothelial cell of artery	endothelial cell of artery	UBERON:0014695	deep auricular artery	deep auricular artery	262	15.799972100507176
CL:1000413	endothelial cell of artery	endothelial cell of artery	UBERON:0003470	artery of upper lip	superior labial artery	174	15.799972100507176
CL:1000413	endothelial cell of artery	endothelial cell of artery	UBERON:0001404	radial artery	radial artery	2188	15.799972100507176
CL:1000413	endothelial cell of artery	endothelial cell of artery	UBERON:0001651	right pulmonary artery	right pulmonary artery	3604	15.799972100507176
CL:1000413	endothelial cell of artery	endothelial cell of artery	UBERON:8600096	submental artery	submental artery	166	15.799972100507176
CL:1000413	endothelial cell of artery	endothelial cell of artery	UBERON:0001404	radial artery	radial artery	2080	15.799972100507176
CL:1000413	endothelial cell of artery	endothelial cell of artery	UBERON:0001399	deep brachial artery	deep brachial artery	2060	15.799972100507176
CL:1000413	endothelial cell of artery	endothelial cell of artery	UBERON:0001399	deep brachial artery	deep brachial artery	2064	15.799972100507176
CL:1000413	endothelial cell of artery	endothelial cell of artery	UBERON:0001399	deep brachial artery	deep brachial artery	2068	15.799972100507176
CL:1000413	endothelial cell of artery	endothelial cell of artery	UBERON:0001651	right pulmonary artery	right pulmonary artery	3640	15.799972100507176
CL:1000413	endothelial cell of artery	endothelial cell of artery	UBERON:0001404	radial artery	radial artery	2176	15.799972100507176
CL:1000413	endothelial cell of artery	endothelial cell of artery	UBERON:8600080	pericardial artery	pericardial artery	1960	15.799972100507176
CL:1000413	endothelial cell of artery	endothelial cell of artery	UBERON:0001395	thoraco-acromial artery	thoracoacromial artery	2368	15.799972100507176
CL:1000413	endothelial cell of artery	endothelial cell of artery	UBERON:8600097	deep lingual artery	deep lingual artery	192	15.799972100507176
CL:1000413	endothelial cell of artery	endothelial cell of artery	UBERON:8600078	ascending pharyngeal artery	ascending pharyngeal artery	68	15.799972100507176
CL:1000413	endothelial cell of artery	endothelial cell of artery	UBERON:8600095	ascending palatine artery	ascending palatine artery	132	15.799972100507176
CL:1000413	endothelial cell of artery	endothelial cell of artery	UBERON:0001404	radial artery	radial artery	2076	15.799972100507176
CL:1000413	endothelial cell of artery	endothelial cell of artery	UBERON:0001618	buccal artery	buccal artery	252	15.799972100507176
CL:1000413	endothelial cell of artery	endothelial cell of artery	UBERON:8600101	descending palatine artery	descending palatine artery	286	15.799972100507176
CL:1000413	endothelial cell of artery	endothelial cell of artery	UBERON:0002011	thoracodorsal artery	thoracodorsal artery	2356	15.799972100507176
CL:1000413	endothelial cell of artery	endothelial cell of artery	UBERON:0001356	medial circumflex femoral artery	medial circumflex femoral artery	1051	15.799972100507176
CL:1000413	endothelial cell of artery	endothelial cell of artery	UBERON:8600086	incisor artery	incisor artery	302	15.799972100507176
CL:1000413	endothelial cell of artery	endothelial cell of artery	UBERON:0008323	dorsal artery of clitoris	dorsal artery of clitoris	1449	15.799972100507176
CL:1000413	endothelial cell of artery	endothelial cell of artery	UBERON:0001541	medial plantar artery	medial plantar artery	1355	15.799972100507176
CL:1000413	endothelial cell of artery	endothelial cell of artery	UBERON:0001541	medial plantar artery	medial plantar artery	1359	15.799972100507176
CL:1000413	endothelial cell of artery	endothelial cell of artery	UBERON:0009040	deep circumflex iliac artery	deep circumflex iliac artery	1363	15.799972100507176
CL:1000413	endothelial cell of artery	endothelial cell of artery	UBERON:0034693	cremasteric artery	cremasteric artery	1375	15.799972100507176
CL:1000413	endothelial cell of artery	endothelial cell of artery	UBERON:0035404	superior hypophysial artery	superior hypophyseal artery	730	15.799972100507176
CL:1000413	endothelial cell of artery	endothelial cell of artery	UBERON:0012187	frontal artery	supratrochlear artery	722	15.799972100507176
CL:1000413	endothelial cell of artery	endothelial cell of artery	UBERON:0015160	supraorbital artery	supraorbital artery	718	15.799972100507176
CL:1000413	endothelial cell of artery	endothelial cell of artery	UBERON:0012319	posterior ethmoidal artery	posterior ethmoidal artery	708	15.799972100507176
CL:1000413	endothelial cell of artery	endothelial cell of artery	UBERON:0014773	medial palpebral artery	medial palpebral artery	704	15.799972100507176
CL:1000413	endothelial cell of artery	endothelial cell of artery	UBERON:0015174	helicine artery of penis	helicine artery of penis	1437	15.799972100507176
CL:1000413	endothelial cell of artery	endothelial cell of artery	UBERON:0001340	dorsal artery of penis	dorsal artery of penis	1441	15.799972100507176
CL:1000413	endothelial cell of artery	endothelial cell of artery	UBERON:0008322	deep artery of clitoris	deep artery of clitoris	1445	15.799972100507176
CL:1000413	endothelial cell of artery	endothelial cell of artery	UBERON:0014772	lateral palpebral artery	lateral palpebral artery	684	15.799972100507176
CL:1000413	endothelial cell of artery	endothelial cell of artery	UBERON:0001313	iliolumbar artery	iliolumbar artery	1544	15.799972100507176
CL:1000413	endothelial cell of artery	endothelial cell of artery	UBERON:0001357	inferior rectal artery	inferior rectal artery	1453	15.799972100507176
CL:1000413	endothelial cell of artery	endothelial cell of artery	UBERON:0001071	superficial cervical artery	superficial cervical artery	2546	15.799972100507176
CL:1000413	endothelial cell of artery	endothelial cell of artery	UBERON:0034727	vestibular bulb artery	vestibular bulb artery	1473	15.799972100507176
CL:1000413	endothelial cell of artery	endothelial cell of artery	UBERON:0010251	anterior meningeal artery	anterior meningeal artery	664	15.799972100507176
CL:1000413	endothelial cell of artery	endothelial cell of artery	UBERON:0001395	thoraco-acromial artery	thoracoacromial artery	2376	15.799972100507176
CL:1000413	endothelial cell of artery	endothelial cell of artery	UBERON:0035640	middle vesical artery	middle vesical artery	1501	15.799972100507176
CL:1000413	endothelial cell of artery	endothelial cell of artery	UBERON:0035222	posterior parietal artery	posterior parietal artery	640	15.799972100507176
CL:1000413	endothelial cell of artery	endothelial cell of artery	UBERON:0005192	deferent duct artery	deferent duct artery	1512	15.799972100507176
CL:1000413	endothelial cell of artery	endothelial cell of artery	UBERON:0015173	helicine branch of uterine artery	arcuate artery of uterus	1520	15.799972100507176
CL:1000413	endothelial cell of artery	endothelial cell of artery	UBERON:0015173	helicine branch of uterine artery	arcuate artery of uterus	1524	15.799972100507176
CL:1000413	endothelial cell of artery	endothelial cell of artery	UBERON:0035462	anterior parietal artery	artery of postcentral sulcus	616	15.799972100507176
CL:1000413	endothelial cell of artery	endothelial cell of artery	UBERON:0035225	anterior temporal artery	anterior temporal artery	608	15.799972100507176
CL:1000413	endothelial cell of artery	endothelial cell of artery	UBERON:0001541	medial plantar artery	medial plantar artery	1351	15.799972100507176
CL:1000413	endothelial cell of artery	endothelial cell of artery	UBERON:0035829	right gastroepiploic artery	right gastroepiploic artery	770	15.799972100507176
CL:1000413	endothelial cell of artery	endothelial cell of artery	UBERON:0001540	peroneal artery	peroneal artery	1239	15.799972100507176
CL:1000413	endothelial cell of artery	endothelial cell of artery	UBERON:0001540	peroneal artery	peroneal artery	1235	15.799972100507176
CL:1000413	endothelial cell of artery	endothelial cell of artery	UBERON:0001356	medial circumflex femoral artery	medial circumflex femoral artery	1047	15.799972100507176
CL:1000413	endothelial cell of artery	endothelial cell of artery	UBERON:0009041	superficial circumflex iliac artery	superficial circumflex iliac artery	1059	15.799972100507176
CL:1000413	endothelial cell of artery	endothelial cell of artery	UBERON:0001356	medial circumflex femoral artery	medial circumflex femoral artery	1043	15.799972100507176
CL:1000413	endothelial cell of artery	endothelial cell of artery	UBERON:0034964	superficial epigastric artery	superficial epigastric artery	1063	15.799972100507176
CL:1000413	endothelial cell of artery	endothelial cell of artery	UBERON:8600063	septal perforating artery	septal perforating artery	2674	15.799972100507176
CL:1000413	endothelial cell of artery	endothelial cell of artery	UBERON:0007317	superficial external pudendal artery	superficial external pudendal artery	1067	15.799972100507176
CL:1000413	endothelial cell of artery	endothelial cell of artery	UBERON:0015350	saphenous artery	saphenous branch of descending genicular artery	1083	15.799972100507176
CL:1000413	endothelial cell of artery	endothelial cell of artery	UBERON:0007316	deep external pudendal artery	deep external pudendal artery	1023	15.799972100507176
CL:1000413	endothelial cell of artery	endothelial cell of artery	UBERON:0035422	circumflex branch of left coronary artery	left circumflex artery	2678	15.799972100507176
CL:1000413	endothelial cell of artery	endothelial cell of artery	UBERON:0035422	circumflex branch of left coronary artery	left circumflex artery	2682	15.799972100507176
CL:1000413	endothelial cell of artery	endothelial cell of artery	UBERON:0035422	circumflex branch of left coronary artery	left circumflex artery	2686	15.799972100507176
CL:1000413	endothelial cell of artery	endothelial cell of artery	UBERON:8600064	posterolateral artery	posterolateral artery	2690	15.799972100507176
CL:1000413	endothelial cell of artery	endothelial cell of artery	UBERON:0034927	arcuate artery of foot	arcuate artery of foot	1115	15.799972100507176
CL:1000413	endothelial cell of artery	endothelial cell of artery	UBERON:0013132	penicillar arteriole	penicillar arteriole of spleen	939	15.799972100507176
CL:1000413	endothelial cell of artery	endothelial cell of artery	UBERON:0034927	arcuate artery of foot	arcuate artery of foot	1119	15.799972100507176
CL:1000413	endothelial cell of artery	endothelial cell of artery	UBERON:0034927	arcuate artery of foot	arcuate artery of foot	1135	15.799972100507176
CL:1000413	endothelial cell of artery	endothelial cell of artery	UBERON:0034927	arcuate artery of foot	arcuate artery of foot	1147	15.799972100507176
CL:1000413	endothelial cell of artery	endothelial cell of artery	UBERON:0035830	left gastroepiploic artery	left gastroepiploic artery	906	15.799972100507176
CL:1000413	endothelial cell of artery	endothelial cell of artery	UBERON:0039232	conus artery	conus artery	2702	15.799972100507176
CL:1000413	endothelial cell of artery	endothelial cell of artery	UBERON:0001553	medial tarsal artery	medial tarsal artery	1183	15.799972100507176
CL:1000413	endothelial cell of artery	endothelial cell of artery	UBERON:0007146	posterior spinal artery	posterior spinal artery	2646	15.799972100507176
CL:1000413	endothelial cell of artery	endothelial cell of artery	UBERON:0009688	posterior inferior cerebellar artery	posterior inferior cerebellar artery	2642	15.799972100507176
CL:1000413	endothelial cell of artery	endothelial cell of artery	UBERON:0035183	calcarine artery	calcarine artery	2610	15.799972100507176
CL:1000413	endothelial cell of artery	endothelial cell of artery	UBERON:0001540	peroneal artery	peroneal artery	1227	15.799972100507176
CL:1000413	endothelial cell of artery	endothelial cell of artery	UBERON:0001540	peroneal artery	peroneal artery	1231	15.799972100507176
CL:1000413	endothelial cell of artery	endothelial cell of artery	UBERON:0001313	iliolumbar artery	iliolumbar artery	1540	15.799972100507176
CL:1000413	endothelial cell of artery	endothelial cell of artery	UBERON:8600062	thyrocervical trunk	thyrocervical trunk	2534	15.799972100507176
CL:1000413	endothelial cell of artery	endothelial cell of artery	UBERON:0035492	inferior hypophysial artery	inferior hypophyseal artery	594	15.799972100507176
CL:1000413	endothelial cell of artery	endothelial cell of artery	UBERON:0012173	middle suprarenal artery	middle suprarenal artery	1702	15.799972100507176
CL:1000413	endothelial cell of artery	endothelial cell of artery	UBERON:0015157	zygomatico-orbital artery	zygomatico-orbital artery	482	15.799972100507176
CL:1000413	endothelial cell of artery	endothelial cell of artery	UBERON:8600081	percardiacophrenic artery	percardiacophrenic artery	2460	15.799972100507176
CL:1000413	endothelial cell of artery	endothelial cell of artery	UBERON:0001313	iliolumbar artery	iliolumbar artery	1548	15.799972100507176
CL:1000413	endothelial cell of artery	endothelial cell of artery	UBERON:0001615	transverse facial artery	transverse facial artery	478	15.799972100507176
CL:1000413	endothelial cell of artery	endothelial cell of artery	UBERON:0035261	posterior temporal artery	posterior temporal artery	468	15.799972100507176
CL:1000413	endothelial cell of artery	endothelial cell of artery	UBERON:0035042	middle temporal artery	middle temporal artery	464	15.799972100507176
CL:1000413	endothelial cell of artery	endothelial cell of artery	UBERON:0035322	right common iliac artery	right common iliac artery	1774	15.799972100507176
CL:1000413	endothelial cell of artery	endothelial cell of artery	UBERON:0001188	right testicular artery	right testicular artery	1814	15.799972100507176
CL:1000413	endothelial cell of artery	endothelial cell of artery	UBERON:0006198	dorsal intercostal artery	supreme intercostal artery	2404	15.799972100507176
CL:1000413	endothelial cell of artery	endothelial cell of artery	UBERON:0005628	ileal artery	ileal artery	1822	15.799972100507176
CL:1000413	endothelial cell of artery	endothelial cell of artery	UBERON:0005628	ileal artery	ileal artery	1826	15.799972100507176
CL:1000413	endothelial cell of artery	endothelial cell of artery	UBERON:0006198	dorsal intercostal artery	supreme intercostal artery	2400	15.799972100507176
CL:1000413	endothelial cell of artery	endothelial cell of artery	UBERON:0001613	occipital artery	occipital artery	420	15.799972100507176
CL:1000413	endothelial cell of artery	endothelial cell of artery	UBERON:0001613	occipital artery	occipital artery	416	15.799972100507176
CL:1000413	endothelial cell of artery	endothelial cell of artery	UBERON:0006198	dorsal intercostal artery	supreme intercostal artery	2396	15.799972100507176
CL:1000413	endothelial cell of artery	endothelial cell of artery	UBERON:0001613	occipital artery	occipital artery	412	15.799972100507176
CL:1000413	endothelial cell of artery	endothelial cell of artery	UBERON:0001613	occipital artery	occipital artery	408	15.799972100507176
CL:1000413	endothelial cell of artery	endothelial cell of artery	UBERON:0012321	deep cervical artery	deep cervical artery	2392	15.799972100507176
CL:1000413	endothelial cell of artery	endothelial cell of artery	UBERON:0018255	jejunal artery	jejunal branches	1866	15.799972100507176
CL:1000413	endothelial cell of artery	endothelial cell of artery	UBERON:0001613	occipital artery	occipital artery	404	15.799972100507176
CL:1000413	endothelial cell of artery	endothelial cell of artery	UBERON:0018255	jejunal artery	jejunal branches	1870	15.799972100507176
CL:1000413	endothelial cell of artery	endothelial cell of artery	UBERON:0001613	occipital artery	occipital artery	400	15.799972100507176
CL:1000413	endothelial cell of artery	endothelial cell of artery	UBERON:0001196	middle colic artery	middle colic artery	1882	15.799972100507176
CL:1000413	endothelial cell of artery	endothelial cell of artery	UBERON:0001613	occipital artery	occipital artery	396	15.799972100507176
CL:1000413	endothelial cell of artery	endothelial cell of artery	UBERON:8410023	right colic artery	right colic artery	1886	15.799972100507176
CL:1000413	endothelial cell of artery	endothelial cell of artery	UBERON:0001613	occipital artery	occipital artery	392	15.799972100507176
CL:1000413	endothelial cell of artery	endothelial cell of artery	UBERON:0002040	bronchial artery	bronchial artery	1894	15.799972100507176
CL:1000413	endothelial cell of artery	endothelial cell of artery	UBERON:0012321	deep cervical artery	deep cervical artery	2388	15.799972100507176
CL:1000413	endothelial cell of artery	endothelial cell of artery	UBERON:0001395	thoraco-acromial artery	thoracoacromial artery	2380	15.799972100507176
CL:1000413	endothelial cell of artery	endothelial cell of artery	UBERON:0002056	inferior suprarenal artery	inferior suprarenal artery	1726	15.799972100507176
CL:1000413	endothelial cell of artery	endothelial cell of artery	UBERON:0002249	median artery	median artery	2232	15.799972100507176
CL:1000413	endothelial cell of artery	endothelial cell of artery	UBERON:0006764	anterior communicating artery	anterior communicating artery	514	15.799972100507176
CL:1000413	endothelial cell of artery	endothelial cell of artery	UBERON:0014696	anterior choroidal artery	anterior choroidal artery	566	15.799972100507176
CL:1000413	endothelial cell of artery	endothelial cell of artery	UBERON:0012322	ascending cervical artery	ascending cervical artery	2494	15.799972100507176
CL:1000413	endothelial cell of artery	endothelial cell of artery	UBERON:0035529	left common iliac artery	left common iliac artery	1646	15.799972100507176
CL:1000413	endothelial cell of artery	endothelial cell of artery	UBERON:0001198	superior suprarenal artery	superior suprarenal artery	1642	15.799972100507176
CL:1000413	endothelial cell of artery	endothelial cell of artery	UBERON:0001189	left testicular artery	left testicular artery	1686	15.799972100507176
CL:1000413	endothelial cell of artery	endothelial cell of artery	UBERON:0035040	superior rectal artery	superior rectal artery	1634	15.799972100507176
CL:1000413	endothelial cell of artery	endothelial cell of artery	UBERON:0035180	sigmoid artery	sigmoid artery	1630	15.799972100507176
CL:1000413	endothelial cell of artery	endothelial cell of artery	UBERON:0012322	ascending cervical artery	ascending cervical artery	2498	15.799972100507176
CL:1000413	endothelial cell of artery	endothelial cell of artery	UBERON:0001315	superior gluteal artery	superior gluteal artery	1564	15.799972100507176
CL:1000413	endothelial cell of artery	endothelial cell of artery	UBERON:8600062	thyrocervical trunk	thyrocervical trunk	2486	15.799972100507176
CL:1000413	endothelial cell of artery	endothelial cell of artery	UBERON:0001315	superior gluteal artery	superior gluteal artery	1560	15.799972100507176
CL:1000413	endothelial cell of artery	endothelial cell of artery	UBERON:0006636	lumbar artery	lumbar artery	1690	15.799972100507176
CL:1000413	endothelial cell of artery	endothelial cell of artery	UBERON:0007693	caroticotympanic artery	caroticotympanic artery	570	15.799972100507176
CL:1000413	endothelial cell of artery	endothelial cell of artery	UBERON:0006636	lumbar artery	lumbar artery	1694	15.799972100507176
CL:1000413	endothelial cell of artery	endothelial cell of artery	UBERON:0005464	median sacral artery	median sacral artery	1698	15.799972100507176
CL:1000413	endothelial cell of artery	endothelial cell of artery	UBERON:0001315	superior gluteal artery	superior gluteal artery	1556	15.799972100507176
CL:1000413	endothelial cell of artery	endothelial cell of artery	UBERON:8600079	dural artery	dural artery	590	15.799972100507176
CL:0000359	vascular associated smooth muscle cell	vascular smooth muscle cell	UBERON:0010401	spleen central arteriole	spleen central arteriole	924	15.648491862535622
CL:0000359	vascular associated smooth muscle cell	vascular smooth muscle cell	UBERON:0002493	uterine artery	uterine artery	1518	15.648491862535622
CL:0000359	vascular associated smooth muscle cell	vascular smooth muscle cell	UBERON:0012318	anterior ethmoidal artery	anterior ethmoidal artery	662	15.648491862535622
CL:0000359	vascular associated smooth muscle cell	vascular smooth muscle cell	UBERON:0010401	spleen central arteriole	spleen central arteriole	947	15.648491862535622
CL:0000359	vascular associated smooth muscle cell	vascular smooth muscle cell	UBERON:0001622	lacrimal artery	lacrimal artery	682	15.648491862535622
CL:0000359	vascular associated smooth muscle cell	vascular smooth muscle cell	UBERON:0010401	spleen central arteriole	spleen central arteriole	928	15.648491862535622
CL:0000359	vascular associated smooth muscle cell	vascular smooth muscle cell	UBERON:0001354	inferior epigastric artery	inferior epigastric artery	1381	15.648491862535622
CL:0000359	vascular associated smooth muscle cell	vascular smooth muscle cell	UBERON:0018243	thymic artery	thymic artery	2482	15.648491862535622
CL:0000359	vascular associated smooth muscle cell	vascular smooth muscle cell	UBERON:0010399	spleen trabecular artery	spleen trabecular artery	920	15.648491862535622
CL:0000359	vascular associated smooth muscle cell	vascular smooth muscle cell	UBERON:0006632	musculo-phrenic artery	musculophrenic artery	2450	15.648491862535622
CL:0000359	vascular associated smooth muscle cell	vascular smooth muscle cell	UBERON:0001354	inferior epigastric artery	inferior epigastric artery	1369	15.648491862535622
CL:0000359	vascular associated smooth muscle cell	vascular smooth muscle cell	UBERON:0018231	labyrinthine artery	labyrinthine artery	2572	15.648491862535622
CL:0000359	vascular associated smooth muscle cell	vascular smooth muscle cell	UBERON:0008320	common penile artery	common penile artery	1423	15.648491862535622
CL:0000359	vascular associated smooth muscle cell	vascular smooth muscle cell	UBERON:0018231	labyrinthine artery	labyrinthine artery	2576	15.648491862535622
CL:0000359	vascular associated smooth muscle cell	vascular smooth muscle cell	UBERON:0006632	musculo-phrenic artery	musculophrenic artery	2454	15.648491862535622
CL:0000359	vascular associated smooth muscle cell	vascular smooth muscle cell	UBERON:0018231	labyrinthine artery	labyrinthine artery	2580	15.648491862535622
CL:0000359	vascular associated smooth muscle cell	vascular smooth muscle cell	UBERON:0008320	common penile artery	common penile artery	1427	15.648491862535622
CL:0000359	vascular associated smooth muscle cell	vascular smooth muscle cell	UBERON:0015480	proper hepatic artery	proper hepatic artery	792	15.648491862535622
CL:0000359	vascular associated smooth muscle cell	vascular smooth muscle cell	UBERON:0001622	lacrimal artery	lacrimal artery	690	15.648491862535622
CL:0000359	vascular associated smooth muscle cell	vascular smooth muscle cell	UBERON:0006632	musculo-phrenic artery	musculophrenic artery	2446	15.648491862535622
CL:0000359	vascular associated smooth muscle cell	vascular smooth muscle cell	UBERON:0008320	common penile artery	common penile artery	1431	15.648491862535622
CL:0000359	vascular associated smooth muscle cell	vascular smooth muscle cell	UBERON:0001622	lacrimal artery	lacrimal artery	698	15.648491862535622
CL:0000359	vascular associated smooth muscle cell	vascular smooth muscle cell	UBERON:0018243	thymic artery	thymic artery	2478	15.648491862535622
CL:0000359	vascular associated smooth muscle cell	vascular smooth muscle cell	UBERON:0001622	lacrimal artery	lacrimal artery	694	15.648491862535622
CL:0000359	vascular associated smooth muscle cell	vascular smooth muscle cell	UBERON:0001626	left coronary artery	left coronary artery	2656	15.648491862535622
CL:0000359	vascular associated smooth muscle cell	vascular smooth muscle cell	UBERON:0001354	inferior epigastric artery	inferior epigastric artery	1373	15.648491862535622
CL:0000359	vascular associated smooth muscle cell	vascular smooth muscle cell	UBERON:0006632	musculo-phrenic artery	musculophrenic artery	2458	15.648491862535622
CL:0000071	blood vessel endothelial cell	blood vessel endothelial cell	UBERON:0002079	left cardiac atrium	left atrium	12	15.220393481050088
CL:0000071	blood vessel endothelial cell	blood vessel endothelial cell	UBERON:0002079	left cardiac atrium	left atrium	14	15.220393481050088
CL:0000071	blood vessel endothelial cell	blood vessel endothelial cell	UBERON:0002079	left cardiac atrium	left atrium	30	15.220393481050088
CL:0000071	blood vessel endothelial cell	blood vessel endothelial cell	UBERON:0002079	left cardiac atrium	left atrium	32	15.220393481050088
CL:0002144	capillary endothelial cell	capillary endothelial cell	UBERON:0018397	posterior superior alveolar artery	posterior superior alveolar artery	374	15.171963780508577
CL:0000071	blood vessel endothelial cell	blood vessel endothelial cell	UBERON:0001514	descending aorta	descending aorta	741	15.166604609697082
CL:0000359	vascular associated smooth muscle cell	vascular smooth muscle cell	UBERON:0001406	ulnar artery	ulnar artery	2222	14.178176655208787
CL:0000359	vascular associated smooth muscle cell	vascular smooth muscle cell	UBERON:0002250	popliteal artery	popliteal artery	1205	14.178176655208787
CL:0000359	vascular associated smooth muscle cell	vascular smooth muscle cell	UBERON:0002250	popliteal artery	popliteal artery	1217	14.178176655208787
CL:0000359	vascular associated smooth muscle cell	vascular smooth muscle cell	UBERON:0001584	left subclavian artery	left subclavian artery	2042	14.178176655208787
CL:0000359	vascular associated smooth muscle cell	vascular smooth muscle cell	UBERON:0002250	popliteal artery	popliteal artery	1213	14.178176655208787
CL:0000359	vascular associated smooth muscle cell	vascular smooth muscle cell	UBERON:0002250	popliteal artery	popliteal artery	1209	14.178176655208787
CL:0000359	vascular associated smooth muscle cell	vascular smooth muscle cell	UBERON:0004646	infraorbital artery	infraorbital artery	336	14.178176655208787
CL:0000359	vascular associated smooth muscle cell	vascular smooth muscle cell	UBERON:0004646	infraorbital artery	infraorbital artery	340	14.178176655208787
CL:0000359	vascular associated smooth muscle cell	vascular smooth muscle cell	UBERON:0001614	superficial temporal artery	superficial temporal artery	454	14.178176655208787
CL:0000359	vascular associated smooth muscle cell	vascular smooth muscle cell	UBERON:0002250	popliteal artery	popliteal artery	1201	14.178176655208787
CL:0000359	vascular associated smooth muscle cell	vascular smooth muscle cell	UBERON:0002250	popliteal artery	popliteal artery	1225	14.178176655208787
CL:0000359	vascular associated smooth muscle cell	vascular smooth muscle cell	UBERON:0001614	superficial temporal artery	superficial temporal artery	462	14.178176655208787
CL:0000359	vascular associated smooth muscle cell	vascular smooth muscle cell	UBERON:0002250	popliteal artery	popliteal artery	1197	14.178176655208787
CL:0000359	vascular associated smooth muscle cell	vascular smooth muscle cell	UBERON:0001614	superficial temporal artery	superficial temporal artery	474	14.178176655208787
CL:0000359	vascular associated smooth muscle cell	vascular smooth muscle cell	UBERON:0002250	popliteal artery	popliteal artery	1089	14.178176655208787
CL:0000359	vascular associated smooth muscle cell	vascular smooth muscle cell	UBERON:0001190	ovarian artery	ovarian artery	1708	14.178176655208787
CL:0000359	vascular associated smooth muscle cell	vascular smooth muscle cell	UBERON:0002250	popliteal artery	popliteal artery	1221	14.178176655208787
CL:0000359	vascular associated smooth muscle cell	vascular smooth muscle cell	UBERON:0001614	superficial temporal artery	superficial temporal artery	458	14.178176655208787
CL:0000359	vascular associated smooth muscle cell	vascular smooth muscle cell	UBERON:0001538	posterior tibial artery	posterior tibial artery	1253	14.178176655208787
CL:0000359	vascular associated smooth muscle cell	vascular smooth muscle cell	UBERON:0002505	spiral modiolar artery	spiral modiolar artery	2592	14.178176655208787
CL:0000359	vascular associated smooth muscle cell	vascular smooth muscle cell	UBERON:0001406	ulnar artery	ulnar artery	2206	14.178176655208787
CL:0000359	vascular associated smooth muscle cell	vascular smooth muscle cell	UBERON:0001406	ulnar artery	ulnar artery	2238	14.178176655208787
CL:0000359	vascular associated smooth muscle cell	vascular smooth muscle cell	UBERON:0001406	ulnar artery	ulnar artery	2242	14.178176655208787
CL:0000359	vascular associated smooth muscle cell	vascular smooth muscle cell	UBERON:0001538	posterior tibial artery	posterior tibial artery	1349	14.178176655208787
CL:0000359	vascular associated smooth muscle cell	vascular smooth muscle cell	UBERON:0001406	ulnar artery	ulnar artery	2218	14.178176655208787
CL:0000359	vascular associated smooth muscle cell	vascular smooth muscle cell	UBERON:0001406	ulnar artery	ulnar artery	2202	14.178176655208787
CL:0000359	vascular associated smooth muscle cell	vascular smooth muscle cell	UBERON:0001538	posterior tibial artery	posterior tibial artery	1249	14.178176655208787
CL:0000359	vascular associated smooth muscle cell	vascular smooth muscle cell	UBERON:0001406	ulnar artery	ulnar artery	2198	14.178176655208787
CL:0000359	vascular associated smooth muscle cell	vascular smooth muscle cell	UBERON:0001538	posterior tibial artery	posterior tibial artery	1245	14.178176655208787
CL:0000057	fibroblast	fibroblast	UBERON:0001530	common carotid artery plus branches	common carotid artery	61	13.534827000807176
CL:0000057	fibroblast	fibroblast	UBERON:0001508	arch of aorta	aortic arch	45	13.534827000807176
CL:0000359	vascular associated smooth muscle cell	vascular smooth muscle cell	UBERON:0001197	ileocolic artery	ileocolic artery	1848	12.976841658078683
CL:0000359	vascular associated smooth muscle cell	vascular smooth muscle cell	UBERON:0001624	anterior cerebral artery	anterior cerebral artery	524	12.976841658078683
CL:0000359	vascular associated smooth muscle cell	vascular smooth muscle cell	UBERON:0005436	common hepatic artery	common hepatic artery	760	12.976841658078683
CL:0000359	vascular associated smooth muscle cell	vascular smooth muscle cell	UBERON:0001624	anterior cerebral artery	anterior cerebral artery	548	12.976841658078683
CL:0000359	vascular associated smooth muscle cell	vascular smooth muscle cell	UBERON:0001183	inferior mesenteric artery	inferior mesenteric artery	1570	12.976841658078683
CL:0000359	vascular associated smooth muscle cell	vascular smooth muscle cell	UBERON:0001624	anterior cerebral artery	anterior cerebral artery	544	12.976841658078683
CL:0000359	vascular associated smooth muscle cell	vascular smooth muscle cell	UBERON:0001624	anterior cerebral artery	anterior cerebral artery	528	12.976841658078683
CL:0000359	vascular associated smooth muscle cell	vascular smooth muscle cell	UBERON:0001624	anterior cerebral artery	anterior cerebral artery	564	12.976841658078683
CL:0000359	vascular associated smooth muscle cell	vascular smooth muscle cell	UBERON:0001624	anterior cerebral artery	anterior cerebral artery	540	12.976841658078683
CL:0000359	vascular associated smooth muscle cell	vascular smooth muscle cell	UBERON:0001624	anterior cerebral artery	anterior cerebral artery	552	12.976841658078683
CL:0000359	vascular associated smooth muscle cell	vascular smooth muscle cell	UBERON:0001624	anterior cerebral artery	anterior cerebral artery	536	12.976841658078683
CL:0000359	vascular associated smooth muscle cell	vascular smooth muscle cell	UBERON:0001624	anterior cerebral artery	anterior cerebral artery	532	12.976841658078683
CL:0000359	vascular associated smooth muscle cell	vascular smooth muscle cell	UBERON:0001197	ileocolic artery	ileocolic artery	1832	12.976841658078683
CL:0000359	vascular associated smooth muscle cell	vascular smooth muscle cell	UBERON:0001624	anterior cerebral artery	anterior cerebral artery	560	12.976841658078683
CL:0000359	vascular associated smooth muscle cell	vascular smooth muscle cell	UBERON:0001624	anterior cerebral artery	anterior cerebral artery	520	12.976841658078683
CL:0000359	vascular associated smooth muscle cell	vascular smooth muscle cell	UBERON:0001197	ileocolic artery	ileocolic artery	1836	12.976841658078683
CL:0000359	vascular associated smooth muscle cell	vascular smooth muscle cell	UBERON:0003468	ureteric segment of renal artery	ureteric segment of renal artery	1772	12.976841658078683
CL:0000359	vascular associated smooth muscle cell	vascular smooth muscle cell	UBERON:0001624	anterior cerebral artery	anterior cerebral artery	556	12.976841658078683
CL:0000359	vascular associated smooth muscle cell	vascular smooth muscle cell	UBERON:0001398	brachial artery	brachial artery	2058	12.976841658078683
CL:0000359	vascular associated smooth muscle cell	vascular smooth muscle cell	UBERON:0001624	anterior cerebral artery	anterior cerebral artery	512	12.976841658078683
CL:0000359	vascular associated smooth muscle cell	vascular smooth muscle cell	UBERON:0001610	lingual artery	lingual artery	190	12.976841658078683
CL:0000359	vascular associated smooth muscle cell	vascular smooth muscle cell	UBERON:0014693	inferior alveolar artery	inferior alveolar artery	292	12.976841658078683
CL:0000359	vascular associated smooth muscle cell	vascular smooth muscle cell	UBERON:0014693	inferior alveolar artery	inferior alveolar artery	296	12.976841658078683
CL:0000359	vascular associated smooth muscle cell	vascular smooth muscle cell	UBERON:0014693	inferior alveolar artery	inferior alveolar artery	308	12.976841658078683
CL:0000359	vascular associated smooth muscle cell	vascular smooth muscle cell	UBERON:0014693	inferior alveolar artery	inferior alveolar artery	312	12.976841658078683
CL:0000359	vascular associated smooth muscle cell	vascular smooth muscle cell	UBERON:0005436	common hepatic artery	common hepatic artery	872	12.976841658078683
CL:0000359	vascular associated smooth muscle cell	vascular smooth muscle cell	UBERON:0014693	inferior alveolar artery	inferior alveolar artery	316	12.976841658078683
CL:0000359	vascular associated smooth muscle cell	vascular smooth muscle cell	UBERON:0001610	lingual artery	lingual artery	224	12.976841658078683
CL:0000359	vascular associated smooth muscle cell	vascular smooth muscle cell	UBERON:0001398	brachial artery	brachial artery	2074	12.976841658078683
CL:0000359	vascular associated smooth muscle cell	vascular smooth muscle cell	UBERON:0014693	inferior alveolar artery	inferior alveolar artery	326	12.976841658078683
CL:0000359	vascular associated smooth muscle cell	vascular smooth muscle cell	UBERON:0006345	stapedial artery	stapedial artery	446	12.976841658078683
CL:0000359	vascular associated smooth muscle cell	vascular smooth muscle cell	UBERON:0014693	inferior alveolar artery	inferior alveolar artery	330	12.976841658078683
CL:0000359	vascular associated smooth muscle cell	vascular smooth muscle cell	UBERON:0001398	brachial artery	brachial artery	2194	12.976841658078683
CL:0002543	vein endothelial cell	endothelial cell of vein	UBERON:8600105	lumbar vein	lumbar vein	3034	12.821796854075103
CL:0002543	vein endothelial cell	endothelial cell of vein	UBERON:8600104	intervertebral vein	intervertebral vein	3038	12.821796854075103
CL:0002543	vein endothelial cell	endothelial cell of vein	UBERON:8600105	lumbar vein	lumbar vein	3036	12.821796854075103
CL:0002543	vein endothelial cell	endothelial cell of vein	UBERON:0001545	anterior tibial vein	anterior tibial vein	2774	12.821796854075103
CL:0002543	vein endothelial cell	endothelial cell of vein	UBERON:0008783	dorsal venous arch	dorsal venous arch of foot	2776	12.821796854075103
CL:0002543	vein endothelial cell	endothelial cell of vein	UBERON:8600104	intervertebral vein	intervertebral vein	3050	12.821796854075103
CL:0002543	vein endothelial cell	endothelial cell of vein	UBERON:0006958	great vein of heart	great cardiac vein	2726	12.821796854075103
CL:0002543	vein endothelial cell	endothelial cell of vein	UBERON:0001217	ileal vein	ileal vein	2956	12.821796854075103
CL:0002543	vein endothelial cell	endothelial cell of vein	UBERON:0006958	great vein of heart	great cardiac vein	2728	12.821796854075103
CL:0002262	endothelial cell of sinusoid	endothelial cell of sinusoid	UBERON:0003910	splenic sinusoid	splenic venous sinusoid	2950	12.821796854075103
CL:0002543	vein endothelial cell	endothelial cell of vein	UBERON:0008783	dorsal venous arch	dorsal venous arch of foot #2	2758	12.821796854075103
CL:0002543	vein endothelial cell	endothelial cell of vein	UBERON:8600056	lateral sacral vein	lateral sacral vein	2842	12.821796854075103
CL:0002543	vein endothelial cell	endothelial cell of vein	UBERON:0009042	prostatic venous plexus	prostatic venous plexus	2830	12.821796854075103
CL:0002543	vein endothelial cell	endothelial cell of vein	UBERON:0009049	superficial external pudendal vein	superficial external pudendal vein	2764	12.821796854075103
CL:0002543	vein endothelial cell	endothelial cell of vein	UBERON:0008783	dorsal venous arch	dorsal venous arch of foot #3	2806	12.821796854075103
CL:0002543	vein endothelial cell	endothelial cell of vein	UBERON:8600104	intervertebral vein	intervertebral vein	3044	12.821796854075103
CL:0002543	vein endothelial cell	endothelial cell of vein	UBERON:0006663	hemiazygos vein	hemiazygos vein	3140	12.821796854075103
CL:0002543	vein endothelial cell	endothelial cell of vein	UBERON:8600104	intervertebral vein	intervertebral vein	3052	12.821796854075103
CL:0002543	vein endothelial cell	endothelial cell of vein	UBERON:0014685	pterygoid plexus	pterygoid venous plexus	3210	12.821796854075103
CL:0002543	vein endothelial cell	endothelial cell of vein	UBERON:0014685	pterygoid plexus	pterygoid venous plexus	3220	12.821796854075103
CL:0002543	vein endothelial cell	endothelial cell of vein	UBERON:0014685	pterygoid plexus	pterygoid venous plexus	3222	12.821796854075103
CL:0002543	vein endothelial cell	endothelial cell of vein	UBERON:0014685	pterygoid plexus	pterygoid venous plexus	3226	12.821796854075103
CL:0002543	vein endothelial cell	endothelial cell of vein	UBERON:0001657	superficial temporal vein	superficial temporal vein	3234	12.821796854075103
CL:0002543	vein endothelial cell	endothelial cell of vein	UBERON:0014768	superior palpebral vein	superior palpebral vein	3250	12.821796854075103
CL:0002543	vein endothelial cell	endothelial cell of vein	UBERON:0036300	tributary of central retinal vein	tributary of central retinal vein	3280	12.821796854075103
CL:0002543	vein endothelial cell	endothelial cell of vein	UBERON:0011193	inferior ophthalmic vein	inferior ophthalmic vein	3284	12.821796854075103
CL:0002543	vein endothelial cell	endothelial cell of vein	UBERON:0001642	superior sagittal sinus	superior sagittal sinus	3359	12.821796854075103
CL:0002543	vein endothelial cell	endothelial cell of vein	UBERON:0036074	vein of vestibular aqueduct	vein of vestibular aqueduct	3373	12.821796854075103
CL:0002543	vein endothelial cell	endothelial cell of vein	UBERON:0001411	basilic vein	basilic vein	3415	12.821796854075103
CL:0002543	vein endothelial cell	endothelial cell of vein	UBERON:0001411	basilic vein	basilic vein	3417	12.821796854075103
CL:0002543	vein endothelial cell	endothelial cell of vein	UBERON:0001411	basilic vein	basilic vein	3423	12.821796854075103
CL:0002543	vein endothelial cell	endothelial cell of vein	UBERON:0001412	common palmar digital vein	common palmar digital vein	3437	12.821796854075103
CL:0002543	vein endothelial cell	endothelial cell of vein	UBERON:8600059	deep cervical vein	deep cervical vein	3493	12.821796854075103
CL:0002543	vein endothelial cell	endothelial cell of vein	UBERON:0012195	left superior intercostal vein	left superior intercostal vein	3505	12.821796854075103
CL:0002543	vein endothelial cell	endothelial cell of vein	UBERON:0012195	left superior intercostal vein	left superior intercostal vein	3507	12.821796854075103
CL:0002543	vein endothelial cell	endothelial cell of vein	UBERON:0012195	left superior intercostal vein	left superior intercostal vein	3509	12.821796854075103
CL:0002543	vein endothelial cell	endothelial cell of vein	UBERON:0014685	pterygoid plexus	pterygoid venous plexus	3214	12.821796854075103
CL:0002543	vein endothelial cell	endothelial cell of vein	UBERON:0014685	pterygoid plexus	pterygoid venous plexus	3208	12.821796854075103
CL:0002543	vein endothelial cell	endothelial cell of vein	UBERON:8600105	lumbar vein	lumbar vein	3062	12.821796854075103
CL:0002543	vein endothelial cell	endothelial cell of vein	UBERON:0001660	maxillary vein	maxillary vein	3206	12.821796854075103
CL:0002543	vein endothelial cell	endothelial cell of vein	UBERON:0009887	interlobar vein	interlobar renal vein	3076	12.821796854075103
CL:0002543	vein endothelial cell	endothelial cell of vein	UBERON:0000442	right testicular vein	right testicular vein	3106	12.821796854075103
CL:0002543	vein endothelial cell	endothelial cell of vein	UBERON:0000442	right testicular vein	right testicular vein	3110	12.821796854075103
CL:0002543	vein endothelial cell	endothelial cell of vein	UBERON:0006665	accessory hemiazygos vein	accessory hemiazygos vein	3118	12.821796854075103
CL:0002543	vein endothelial cell	endothelial cell of vein	UBERON:0006665	accessory hemiazygos vein	accessory hemiazygos vein	3124	12.821796854075103
CL:0002543	vein endothelial cell	endothelial cell of vein	UBERON:0006665	accessory hemiazygos vein	accessory hemiazygos vein	3126	12.821796854075103
CL:0002543	vein endothelial cell	endothelial cell of vein	UBERON:0006665	accessory hemiazygos vein	accessory hemiazygos vein	3128	12.821796854075103
CL:0002543	vein endothelial cell	endothelial cell of vein	UBERON:0006665	accessory hemiazygos vein	accessory hemiazygos vein	3130	12.821796854075103
CL:0002543	vein endothelial cell	endothelial cell of vein	UBERON:0006665	accessory hemiazygos vein	accessory hemiazygos vein	3132	12.821796854075103
CL:0002543	vein endothelial cell	endothelial cell of vein	UBERON:0006665	accessory hemiazygos vein	accessory hemiazygos vein	3134	12.821796854075103
CL:0002543	vein endothelial cell	endothelial cell of vein	UBERON:0006663	hemiazygos vein	hemiazygos vein	3138	12.821796854075103
CL:0002543	vein endothelial cell	endothelial cell of vein	UBERON:0006663	hemiazygos vein	hemiazygos vein	3142	12.821796854075103
CL:0002543	vein endothelial cell	endothelial cell of vein	UBERON:0006663	hemiazygos vein	hemiazygos vein	3144	12.821796854075103
CL:0002543	vein endothelial cell	endothelial cell of vein	UBERON:0012199	posterior intercostal vein	posterior intercostal vein	3148	12.821796854075103
CL:0002543	vein endothelial cell	endothelial cell of vein	UBERON:0012199	posterior intercostal vein	posterior intercostal vein	3150	12.821796854075103
CL:0002543	vein endothelial cell	endothelial cell of vein	UBERON:0012199	posterior intercostal vein	posterior intercostal vein	3152	12.821796854075103
CL:0002543	vein endothelial cell	endothelial cell of vein	UBERON:0012199	posterior intercostal vein	posterior intercostal vein	3154	12.821796854075103
CL:0002262	endothelial cell of sinusoid	endothelial cell of sinusoid	UBERON:8600041	chorionic terminal villous capillary	chorionic terminal villous capillary	1510	12.821796854075103
CL:0002543	vein endothelial cell	endothelial cell of vein	UBERON:0001550	medial marginal vein	medial marginal vein	2756	12.821796854075103
CL:0000071	blood vessel endothelial cell	blood vessel endothelial cell	UBERON:0002078	right cardiac atrium	right atrium	2722	12.768400288362479
CL:0000071	blood vessel endothelial cell	blood vessel endothelial cell	UBERON:0002078	right cardiac atrium	right atrium	3111	12.768400288362479
CL:0002144	capillary endothelial cell	capillary endothelial cell	UBERON:0005336	capillary layer of choroid	capillary layer of choroid	716	12.500313576051639
CL:0000359	vascular associated smooth muscle cell	vascular smooth muscle cell	UBERON:0001636	posterior cerebral artery	posterior cerebral artery	2620	11.96112739058168
CL:0000359	vascular associated smooth muscle cell	vascular smooth muscle cell	UBERON:0001636	posterior cerebral artery	posterior cerebral artery	2636	11.96112739058168
CL:0000359	vascular associated smooth muscle cell	vascular smooth muscle cell	UBERON:0010132	gastroduodenal artery	gastroduodenal artery	788	11.96112739058168
CL:0000359	vascular associated smooth muscle cell	vascular smooth muscle cell	UBERON:0001636	posterior cerebral artery	posterior cerebral artery	2632	11.96112739058168
CL:0000359	vascular associated smooth muscle cell	vascular smooth muscle cell	UBERON:0010132	gastroduodenal artery	gastroduodenal artery	768	11.96112739058168
CL:0000359	vascular associated smooth muscle cell	vascular smooth muscle cell	UBERON:0001636	posterior cerebral artery	posterior cerebral artery	2608	11.96112739058168
CL:0000359	vascular associated smooth muscle cell	vascular smooth muscle cell	UBERON:0010132	gastroduodenal artery	gastroduodenal artery	764	11.96112739058168
CL:0000359	vascular associated smooth muscle cell	vascular smooth muscle cell	UBERON:0001636	posterior cerebral artery	posterior cerebral artery	2624	11.96112739058168
CL:0000359	vascular associated smooth muscle cell	vascular smooth muscle cell	UBERON:0009654	alveolar artery	alveolar artery	238	11.96112739058168
CL:0000359	vascular associated smooth muscle cell	vascular smooth muscle cell	UBERON:0001636	posterior cerebral artery	posterior cerebral artery	2616	11.96112739058168
CL:0000359	vascular associated smooth muscle cell	vascular smooth muscle cell	UBERON:0001534	right subclavian artery	right subclavian artery	58	11.96112739058168
UBERON:0004726	vasa recta	vasa recta of kidney	UBERON:0009202	descending vasa recta	descending vasa recta of kidney	1761	11.8060825865781
UBERON:0004726	vasa recta	vasa recta of kidney	UBERON:0009202	descending vasa recta	descending vasa recta of kidney	1762	11.8060825865781
CL:0000057	fibroblast	fibroblast	UBERON:0001516	abdominal aorta	abdominal aorta	1663	11.74302851545685
CL:0000057	fibroblast	fibroblast	UBERON:0001516	abdominal aorta	abdominal aorta	1679	11.74302851545685
CL:0000057	fibroblast	fibroblast	UBERON:0001516	abdominal aorta	abdominal aorta	751	11.74302851545685
CL:0000057	fibroblast	fibroblast	UBERON:0001516	abdominal aorta	abdominal aorta	1779	11.74302851545685
CL:0000057	fibroblast	fibroblast	UBERON:0001516	abdominal aorta	abdominal aorta	1667	11.74302851545685
CL:0000057	fibroblast	fibroblast	UBERON:0001516	abdominal aorta	abdominal aorta	1791	11.74302851545685
CL:0000057	fibroblast	fibroblast	UBERON:0001516	abdominal aorta	abdominal aorta	1783	11.74302851545685
CL:0000057	fibroblast	fibroblast	UBERON:0001516	abdominal aorta	abdominal aorta	1787	11.74302851545685
CL:0000057	fibroblast	fibroblast	UBERON:0001516	abdominal aorta	abdominal aorta	1675	11.74302851545685
CL:0000057	fibroblast	fibroblast	UBERON:0001516	abdominal aorta	abdominal aorta	1795	11.74302851545685
CL:0000057	fibroblast	fibroblast	UBERON:0001516	abdominal aorta	abdominal aorta	1799	11.74302851545685
CL:0000057	fibroblast	fibroblast	UBERON:0001516	abdominal aorta	abdominal aorta	1803	11.74302851545685
CL:0000057	fibroblast	fibroblast	UBERON:0001516	abdominal aorta	abdominal aorta	1807	11.74302851545685
CL:0000057	fibroblast	fibroblast	UBERON:0001516	abdominal aorta	abdominal aorta	1651	11.74302851545685
CL:0000057	fibroblast	fibroblast	UBERON:0001516	abdominal aorta	abdominal aorta	1659	11.74302851545685
CL:0000057	fibroblast	fibroblast	UBERON:0001516	abdominal aorta	abdominal aorta	1655	11.74302851545685
CL:0000057	fibroblast	fibroblast	UBERON:0001516	abdominal aorta	abdominal aorta	1671	11.74302851545685
CL:1000413	endothelial cell of artery	endothelial cell of artery	UBERON:0006564	superficial palmar arch	superficial palmar arch	2300	11.232755909446595
CL:1000413	endothelial cell of artery	endothelial cell of artery	UBERON:8600102	left anterior descending artery	left anterior descending artery	2658	11.232755909446595
CL:1000413	endothelial cell of artery	endothelial cell of artery	UBERON:8600102	left anterior descending artery	left anterior descending artery	2662	11.232755909446595
CL:1000413	endothelial cell of artery	endothelial cell of artery	UBERON:8600102	left anterior descending artery	left anterior descending artery	2666	11.232755909446595
CL:1000413	endothelial cell of artery	endothelial cell of artery	UBERON:0006564	superficial palmar arch	superficial palmar arch	2276	11.232755909446595
CL:1000413	endothelial cell of artery	endothelial cell of artery	UBERON:0001634	mesencephalic artery	mesencephalic artery	2626	11.232755909446595
CL:1000413	endothelial cell of artery	endothelial cell of artery	UBERON:0006564	superficial palmar arch	superficial palmar arch	2320	11.232755909446595
CL:1000413	endothelial cell of artery	endothelial cell of artery	UBERON:0007149	inferior thyroid artery	inferior thyroid artery	2490	11.232755909446595
CL:1000413	endothelial cell of artery	endothelial cell of artery	UBERON:0001311	inferior vesical artery	inferior vesical artery	1395	11.232755909446595
CL:1000413	endothelial cell of artery	endothelial cell of artery	UBERON:0001311	inferior vesical artery	inferior vesical artery	1399	11.232755909446595
CL:1000413	endothelial cell of artery	endothelial cell of artery	UBERON:0005431	anterior spinal artery	anterior spinal artery	2558	11.232755909446595
CL:1000413	endothelial cell of artery	endothelial cell of artery	UBERON:8600102	left anterior descending artery	left anterior descending artery	2670	11.232755909446595
CL:1000413	endothelial cell of artery	endothelial cell of artery	UBERON:0013648	masseteric artery	masseteric artery	342	11.232755909446595
CL:1000413	endothelial cell of artery	endothelial cell of artery	UBERON:0001192	left gastric artery	left gastric artery	874	11.232755909446595
CL:1000413	endothelial cell of artery	endothelial cell of artery	UBERON:0001617	mental artery	mental artery	320	11.232755909446595
CL:1000413	endothelial cell of artery	endothelial cell of artery	UBERON:0007150	superior thyroid artery	superior thyroid artery	502	11.232755909446595
CL:1000413	endothelial cell of artery	endothelial cell of artery	UBERON:0005608	hyoid artery	infrahyoid artery	494	11.232755909446595
CL:1000413	endothelial cell of artery	endothelial cell of artery	UBERON:0007150	superior thyroid artery	superior thyroid artery	490	11.232755909446595
CL:1000413	endothelial cell of artery	endothelial cell of artery	UBERON:0007150	superior thyroid artery	superior thyroid artery	486	11.232755909446595
CL:1000413	endothelial cell of artery	endothelial cell of artery	UBERON:0035539	esophageal artery	esophageal artery	1904	11.232755909446595
CL:1000413	endothelial cell of artery	endothelial cell of artery	UBERON:0014694	posterior auricular artery	posterior auricular artery	448	11.232755909446595
CL:1000413	endothelial cell of artery	endothelial cell of artery	UBERON:0001397	subscapular artery	subscapular artery	2352	11.232755909446595
CL:1000413	endothelial cell of artery	endothelial cell of artery	UBERON:0014694	posterior auricular artery	posterior auricular artery	440	11.232755909446595
CL:1000413	endothelial cell of artery	endothelial cell of artery	UBERON:0014694	posterior auricular artery	posterior auricular artery	436	11.232755909446595
CL:1000413	endothelial cell of artery	endothelial cell of artery	UBERON:0014694	posterior auricular artery	posterior auricular artery	432	11.232755909446595
CL:1000413	endothelial cell of artery	endothelial cell of artery	UBERON:0014694	posterior auricular artery	posterior auricular artery	428	11.232755909446595
CL:1000413	endothelial cell of artery	endothelial cell of artery	UBERON:0014694	posterior auricular artery	posterior auricular artery	424	11.232755909446595
CL:1000413	endothelial cell of artery	endothelial cell of artery	UBERON:0001397	subscapular artery	subscapular artery	2348	11.232755909446595
CL:1000413	endothelial cell of artery	endothelial cell of artery	UBERON:0012255	inferior phrenic artery	inferior phrenic artery	1638	11.232755909446595
CL:1000413	endothelial cell of artery	endothelial cell of artery	UBERON:0018397	posterior superior alveolar artery	posterior superior alveolar artery	358	11.232755909446595
CL:1000413	endothelial cell of artery	endothelial cell of artery	UBERON:0010250	middle meningeal artery	middle meningeal artery	346	11.232755909446595
CL:1000413	endothelial cell of artery	endothelial cell of artery	UBERON:0015481	left hepatic artery	left hepatic artery	794	11.232755909446595
CL:1000413	endothelial cell of artery	endothelial cell of artery	UBERON:0008321	deep artery of penis	deep artery of penis	1433	11.232755909446595
CL:1000413	endothelial cell of artery	endothelial cell of artery	UBERON:0015481	left hepatic artery	left hepatic artery	798	11.232755909446595
CL:1000413	endothelial cell of artery	endothelial cell of artery	UBERON:0015481	left hepatic artery	left hepatic artery	802	11.232755909446595
CL:1000413	endothelial cell of artery	endothelial cell of artery	UBERON:0015481	left hepatic artery	left hepatic artery	814	11.232755909446595
CL:1000413	endothelial cell of artery	endothelial cell of artery	UBERON:0015481	left hepatic artery	left hepatic artery	826	11.232755909446595
CL:1000413	endothelial cell of artery	endothelial cell of artery	UBERON:0007153	superior epigastric artery	superior epigastric artery	2472	11.232755909446595
CL:1000413	endothelial cell of artery	endothelial cell of artery	UBERON:0005431	anterior spinal artery	anterior spinal artery	2554	11.232755909446595
CL:1000413	endothelial cell of artery	endothelial cell of artery	UBERON:0001192	left gastric artery	left gastric artery	878	11.232755909446595
CL:1000413	endothelial cell of artery	endothelial cell of artery	UBERON:0007149	inferior thyroid artery	inferior thyroid artery	2522	11.232755909446595
CL:1000413	endothelial cell of artery	endothelial cell of artery	UBERON:0012324	transverse cervical artery	transverse cervical artery	2542	11.232755909446595
CL:1000413	endothelial cell of artery	endothelial cell of artery	UBERON:8600060	subsegmental pulmonary artery	subsegmental pulmonary artery	3582	11.232755909446595
CL:1000413	endothelial cell of artery	endothelial cell of artery	UBERON:0001652	left pulmonary artery	left pulmonary artery	3578	11.232755909446595
CL:1000413	endothelial cell of artery	endothelial cell of artery	UBERON:0001652	left pulmonary artery	left pulmonary artery	3538	11.232755909446595
CL:1000413	endothelial cell of artery	endothelial cell of artery	UBERON:0001652	left pulmonary artery	left pulmonary artery	3526	11.232755909446595
CL:1000413	endothelial cell of artery	endothelial cell of artery	UBERON:0001652	left pulmonary artery	left pulmonary artery	3522	11.232755909446595
CL:1000413	endothelial cell of artery	endothelial cell of artery	UBERON:0006564	superficial palmar arch	superficial palmar arch	2244	11.232755909446595
CL:1000413	endothelial cell of artery	endothelial cell of artery	UBERON:0007149	inferior thyroid artery	inferior thyroid artery	2526	11.232755909446595
CL:1000413	endothelial cell of artery	endothelial cell of artery	UBERON:0007149	inferior thyroid artery	inferior thyroid artery	2530	11.232755909446595
CL:1000413	endothelial cell of artery	endothelial cell of artery	UBERON:0001314	obturator artery	obturator artery	1493	11.232755909446595
CL:1000413	endothelial cell of artery	endothelial cell of artery	UBERON:0001314	obturator artery	obturator artery	1489	11.232755909446595
CL:1000413	endothelial cell of artery	endothelial cell of artery	UBERON:0001314	obturator artery	obturator artery	1485	11.232755909446595
CL:1000413	endothelial cell of artery	endothelial cell of artery	UBERON:0012324	transverse cervical artery	transverse cervical artery	2538	11.232755909446595
CL:1000413	endothelial cell of artery	endothelial cell of artery	UBERON:0001314	obturator artery	obturator artery	1481	11.232755909446595
CL:1000413	endothelial cell of artery	endothelial cell of artery	UBERON:0006564	superficial palmar arch	superficial palmar arch	2256	11.232755909446595
CL:1000413	endothelial cell of artery	endothelial cell of artery	UBERON:0007150	superior thyroid artery	superior thyroid artery	498	11.232755909446595
CL:1000413	endothelial cell of artery	endothelial cell of artery	UBERON:0001358	perineal artery	perineal artery	1457	11.232755909446595
CL:1000413	endothelial cell of artery	endothelial cell of artery	UBERON:0001358	perineal artery	perineal artery	1461	11.232755909446595
CL:0000359	vascular associated smooth muscle cell	vascular smooth muscle cell	UBERON:0001394	axillary artery	axillary artery	2050	11.08127567147504
CL:0000359	vascular associated smooth muscle cell	vascular smooth muscle cell	UBERON:0001187	testicular artery	testicular artery	1892	11.08127567147504
CL:0000359	vascular associated smooth muscle cell	vascular smooth muscle cell	UBERON:0001394	axillary artery	axillary artery	2346	11.08127567147504
CL:0000359	vascular associated smooth muscle cell	vascular smooth muscle cell	UBERON:0001394	axillary artery	axillary artery	2054	11.08127567147504
CL:0000057	fibroblast	fibroblast	UBERON:0001514	descending aorta	descending aorta	743	10.700474699039184
CL:0002144	capillary endothelial cell	capillary endothelial cell	UBERON:0009091	ascending vasa recta	ascending vasa recta of kidney	3086	10.604747589447996
CL:0002144	capillary endothelial cell	capillary endothelial cell	UBERON:0009202	descending vasa recta	descending vasa recta of kidney	1760	10.604747589447996
CL:0000359	vascular associated smooth muscle cell	vascular smooth muscle cell	UBERON:0001620	central retinal artery	central retinal artery	670	10.305191453621717
CL:0000359	vascular associated smooth muscle cell	vascular smooth muscle cell	UBERON:0001308	external iliac artery	external iliac artery	1021	10.305191453621717
CL:0000359	vascular associated smooth muscle cell	vascular smooth muscle cell	UBERON:0001308	external iliac artery	external iliac artery	1017	10.305191453621717
CL:0000359	vascular associated smooth muscle cell	vascular smooth muscle cell	UBERON:0001194	splenic artery	splenic artery	1005	10.305191453621717
CL:0000359	vascular associated smooth muscle cell	vascular smooth muscle cell	UBERON:0001194	splenic artery	splenic artery	1009	10.305191453621717
CL:0000359	vascular associated smooth muscle cell	vascular smooth muscle cell	UBERON:0001194	splenic artery	splenic artery	951	10.305191453621717
CL:0000359	vascular associated smooth muscle cell	vascular smooth muscle cell	UBERON:0001194	splenic artery	splenic artery	912	10.305191453621717
CL:0000359	vascular associated smooth muscle cell	vascular smooth muscle cell	UBERON:0001194	splenic artery	splenic artery	904	10.305191453621717
CL:0000359	vascular associated smooth muscle cell	vascular smooth muscle cell	UBERON:0001194	splenic artery	splenic artery	900	10.305191453621717
CL:0000359	vascular associated smooth muscle cell	vascular smooth muscle cell	UBERON:0001194	splenic artery	splenic artery	892	10.305191453621717
CL:0000359	vascular associated smooth muscle cell	vascular smooth muscle cell	UBERON:0001194	splenic artery	splenic artery	888	10.305191453621717
CL:0000359	vascular associated smooth muscle cell	vascular smooth muscle cell	UBERON:0009885	interlobar artery	interlobar renal artery	1740	10.305191453621717
CL:0000359	vascular associated smooth muscle cell	vascular smooth muscle cell	UBERON:0001194	splenic artery	splenic artery	884	10.305191453621717
CL:0002543	vein endothelial cell	endothelial cell of vein	UBERON:0007156	inferior thyroid vein	inferior thyroid vein	3188	10.150146649618165
CL:0002543	vein endothelial cell	endothelial cell of vein	UBERON:8600103	anterior internal vertebral venous plexus	anterior internal vertebral venous plexus	3040	10.150146649618165
CL:0002543	vein endothelial cell	endothelial cell of vein	UBERON:0001141	right renal vein	right renal vein	3102	10.150146649618165
CL:0002543	vein endothelial cell	endothelial cell of vein	UBERON:0035530	basal vein	basal vein	3347	10.150146649618165
CL:0002543	vein endothelial cell	endothelial cell of vein	UBERON:0001547	small saphenous vein	small saphenous vein	2804	10.150146649618165
CL:0002543	vein endothelial cell	endothelial cell of vein	UBERON:0035530	basal vein	basal vein	3339	10.150146649618165
CL:0002543	vein endothelial cell	endothelial cell of vein	UBERON:0007156	inferior thyroid vein	inferior thyroid vein	3194	10.150146649618165
CL:0002543	vein endothelial cell	endothelial cell of vein	UBERON:0007156	inferior thyroid vein	inferior thyroid vein	3192	10.150146649618165
CL:0002543	vein endothelial cell	endothelial cell of vein	UBERON:0007157	superior thyroid vein	superior thyroid vein	3381	10.150146649618165
CL:0002543	vein endothelial cell	endothelial cell of vein	UBERON:0035655	paraumbilical vein	paraumbilical vein	2907	10.150146649618165
CL:0002543	vein endothelial cell	endothelial cell of vein	UBERON:0035530	basal vein	basal vein	3345	10.150146649618165
CL:0002543	vein endothelial cell	endothelial cell of vein	UBERON:0007156	inferior thyroid vein	inferior thyroid vein	3190	10.150146649618165
CL:0002543	vein endothelial cell	endothelial cell of vein	UBERON:0001413	brachial vein	brachial vein	3427	10.150146649618165
CL:0002543	vein endothelial cell	endothelial cell of vein	UBERON:0007157	superior thyroid vein	superior thyroid vein	3377	10.150146649618165
UBERON:0016405	pulmonary capillary	pulmonary capillary	UBERON:8600077	pulmonary arteriole	pulmonary arteriole	3598	9.910516599974486
UBERON:0016405	pulmonary capillary	pulmonary capillary	UBERON:8600077	pulmonary arteriole	pulmonary arteriole	3597	9.910516599974486
CL:0000359	vascular associated smooth muscle cell	vascular smooth muscle cell	UBERON:0001612	facial artery	facial artery	144	9.610960464148206
CL:0000359	vascular associated smooth muscle cell	vascular smooth muscle cell	UBERON:0001612	facial artery	facial artery	186	9.610960464148206
CL:0000359	vascular associated smooth muscle cell	vascular smooth muscle cell	UBERON:0001182	superior mesenteric artery	superior mesenteric artery	1820	9.610960464148206
CL:0000359	vascular associated smooth muscle cell	vascular smooth muscle cell	UBERON:0001612	facial artery	facial artery	164	9.610960464148206
CL:0000359	vascular associated smooth muscle cell	vascular smooth muscle cell	UBERON:0001612	facial artery	facial artery	126	9.610960464148206
CL:1000414	endothelial cell of venule	endothelial cell of venule	UBERON:0010181	straight venules of kidney	straight venule of kidney	3084	9.134432382121162
CL:1000412	endothelial cell of arteriole	endothelial cell of arteriole	UBERON:0003470	artery of upper lip	superior labial artery	178	9.134432382121162
CL:1000414	endothelial cell of venule	endothelial cell of venule	UBERON:8600067	bronchial venule	bronchial venule	3122	9.134432382121162
CL:1000414	endothelial cell of venule	endothelial cell of venule	UBERON:8600052	subsegmental pulmonary vein	subsegmental pulmonary vein	23	9.134432382121162
CL:1000412	endothelial cell of arteriole	endothelial cell of arteriole	UBERON:0001618	buccal artery	buccal artery	256	9.134432382121162
CL:1000412	endothelial cell of arteriole	endothelial cell of arteriole	UBERON:8600095	ascending palatine artery	ascending palatine artery	136	9.134432382121162
CL:1000414	endothelial cell of venule	endothelial cell of venule	UBERON:8600069	deep lingual vein	deep lingual vein	3309	9.134432382121162
CL:1000414	endothelial cell of venule	endothelial cell of venule	UBERON:8600085	hepatic portal venule	hepatic portal venule	2879	9.134432382121162
CL:1000412	endothelial cell of arteriole	endothelial cell of arteriole	UBERON:0002040	bronchial artery	bronchial artery	1898	9.134432382121162
CL:1000414	endothelial cell of venule	endothelial cell of venule	UBERON:8600069	deep lingual vein	deep lingual vein	3307	9.134432382121162
CL:1000414	endothelial cell of venule	endothelial cell of venule	UBERON:8600070	dorsal lingual vein	dorsal lingual vein	3313	9.134432382121162
CL:1000414	endothelial cell of venule	endothelial cell of venule	UBERON:8600061	intra-acinar venule	intra-acinar venule	27	9.134432382121162
CL:1000414	endothelial cell of venule	endothelial cell of venule	UBERON:8600071	sublingual vein	sublingual vein	3325	9.134432382121162
CL:1000414	endothelial cell of venule	endothelial cell of venule	UBERON:0003477	vein of upper lip	superior labial vein	3272	9.134432382121162
CL:1000414	endothelial cell of venule	endothelial cell of venule	UBERON:0003478	vein of lower lip	inferior labial vein	3262	9.134432382121162
CL:1000414	endothelial cell of venule	endothelial cell of venule	UBERON:0001591	thymic vein	thymic vein	3513	9.134432382121162
CL:1000412	endothelial cell of arteriole	endothelial cell of arteriole	UBERON:8600097	deep lingual artery	deep lingual artery	196	9.134432382121162
CL:1000414	endothelial cell of venule	endothelial cell of venule	UBERON:8600084	prostatic venule	prostatic venule	2832	9.134432382121162
CL:1000412	endothelial cell of arteriole	endothelial cell of arteriole	UBERON:0001611	sublingual artery	sublingual artery	216	9.134432382121162
CL:1000412	endothelial cell of arteriole	endothelial cell of arteriole	UBERON:8600098	dorsal lingual artery	dorsal lingual artery	206	9.134432382121162
CL:1000412	endothelial cell of arteriole	endothelial cell of arteriole	UBERON:8600094	intra-acinar arteriole	intra-acinar arteriole	3590	9.134432382121162
UBERON:0009091	ascending vasa recta	ascending vasa recta of kidney	UBERON:0010181	straight venules of kidney	straight venule of kidney	3086	9.134432382121162
UBERON:0009091	ascending vasa recta	ascending vasa recta of kidney	UBERON:0010181	straight venules of kidney	straight venule of kidney	3085	9.134432382121162
CL:0000359	vascular associated smooth muscle cell	vascular smooth muscle cell	UBERON:0001627	middle cerebral artery	middle cerebral artery	614	8.982952144149607
CL:0000359	vascular associated smooth muscle cell	vascular smooth muscle cell	UBERON:0001627	middle cerebral artery	middle cerebral artery	622	8.982952144149607
CL:0000359	vascular associated smooth muscle cell	vascular smooth muscle cell	UBERON:0001627	middle cerebral artery	middle cerebral artery	630	8.982952144149607
CL:0000359	vascular associated smooth muscle cell	vascular smooth muscle cell	UBERON:0001627	middle cerebral artery	middle cerebral artery	626	8.982952144149607
CL:0000359	vascular associated smooth muscle cell	vascular smooth muscle cell	UBERON:0007315	internal pudendal artery	internal pudendal artery	1467	8.982952144149607
CL:0000359	vascular associated smooth muscle cell	vascular smooth muscle cell	UBERON:0001627	middle cerebral artery	middle cerebral artery	606	8.982952144149607
CL:0000359	vascular associated smooth muscle cell	vascular smooth muscle cell	UBERON:0007315	internal pudendal artery	internal pudendal artery	1419	8.982952144149607
CL:0000359	vascular associated smooth muscle cell	vascular smooth muscle cell	UBERON:0001627	middle cerebral artery	middle cerebral artery	634	8.982952144149607
CL:0000359	vascular associated smooth muscle cell	vascular smooth muscle cell	UBERON:0001627	middle cerebral artery	middle cerebral artery	638	8.982952144149607
CL:0000359	vascular associated smooth muscle cell	vascular smooth muscle cell	UBERON:0007315	internal pudendal artery	internal pudendal artery	1471	8.982952144149607
CL:0000359	vascular associated smooth muscle cell	vascular smooth muscle cell	UBERON:0001627	middle cerebral artery	middle cerebral artery	646	8.982952144149607
CL:0000359	vascular associated smooth muscle cell	vascular smooth muscle cell	UBERON:0001627	middle cerebral artery	middle cerebral artery	650	8.982952144149607
CL:1000413	endothelial cell of artery	endothelial cell of artery	UBERON:0015482	right hepatic artery	right hepatic artery	858	8.561105704989657
CL:1000413	endothelial cell of artery	endothelial cell of artery	UBERON:0001410	common palmar digital artery	common palmar digital artery	2248	8.561105704989657
CL:1000413	endothelial cell of artery	endothelial cell of artery	UBERON:0001625	right coronary artery	right coronary artery	2718	8.561105704989657
CL:1000413	endothelial cell of artery	endothelial cell of artery	UBERON:0002070	superior pancreaticoduodenal artery	superior pancreaticoduodenal artery	774	8.561105704989657
CL:1000413	endothelial cell of artery	endothelial cell of artery	UBERON:0002070	superior pancreaticoduodenal artery	superior pancreaticoduodenal artery	778	8.561105704989657
CL:1000413	endothelial cell of artery	endothelial cell of artery	UBERON:0002070	superior pancreaticoduodenal artery	superior pancreaticoduodenal artery	782	8.561105704989657
CL:1000413	endothelial cell of artery	endothelial cell of artery	UBERON:8410022	left colic artery	left colic artery	1576	8.561105704989657
CL:1000413	endothelial cell of artery	endothelial cell of artery	UBERON:0015482	right hepatic artery	right hepatic artery	838	8.561105704989657
CL:1000413	endothelial cell of artery	endothelial cell of artery	UBERON:0001195	inferior pancreaticoduodenal artery	inferior pancreaticoduodenal artery	1854	8.561105704989657
CL:1000413	endothelial cell of artery	endothelial cell of artery	UBERON:0001536	left common carotid artery plus branches	left common carotid artery	2036	8.561105704989657
CL:1000413	endothelial cell of artery	endothelial cell of artery	UBERON:0015482	right hepatic artery	right hepatic artery	842	8.561105704989657
CL:1000413	endothelial cell of artery	endothelial cell of artery	UBERON:0015482	right hepatic artery	right hepatic artery	854	8.561105704989657
CL:1000413	endothelial cell of artery	endothelial cell of artery	UBERON:0001195	inferior pancreaticoduodenal artery	inferior pancreaticoduodenal artery	1862	8.561105704989657
CL:1000413	endothelial cell of artery	endothelial cell of artery	UBERON:0001195	inferior pancreaticoduodenal artery	inferior pancreaticoduodenal artery	1858	8.561105704989657
CL:1000413	endothelial cell of artery	endothelial cell of artery	UBERON:0001628	posterior communicating artery	posterior communicating artery	726	8.561105704989657
CL:1000413	endothelial cell of artery	endothelial cell of artery	UBERON:0015482	right hepatic artery	right hepatic artery	834	8.561105704989657
CL:1000413	endothelial cell of artery	endothelial cell of artery	UBERON:0015171	uterine spiral artery	uterine spiral artery	1528	8.561105704989657
CL:1000413	endothelial cell of artery	endothelial cell of artery	UBERON:0001625	right coronary artery	right coronary artery	2714	8.561105704989657
CL:1000413	endothelial cell of artery	endothelial cell of artery	UBERON:0001186	left renal artery	left renal artery	1682	8.561105704989657
CL:1000413	endothelial cell of artery	endothelial cell of artery	UBERON:0001537	anterior tibial artery	anterior tibial artery	1095	8.561105704989657
CL:1000413	endothelial cell of artery	endothelial cell of artery	UBERON:0001537	anterior tibial artery	anterior tibial artery	1103	8.561105704989657
CL:1000413	endothelial cell of artery	endothelial cell of artery	UBERON:0001537	anterior tibial artery	anterior tibial artery	1107	8.561105704989657
CL:1000413	endothelial cell of artery	endothelial cell of artery	UBERON:0001539	dorsalis pedis artery	dorsalis pedis artery	1111	8.561105704989657
CL:1000413	endothelial cell of artery	endothelial cell of artery	UBERON:0001539	dorsalis pedis artery	dorsalis pedis artery	1159	8.561105704989657
CL:1000413	endothelial cell of artery	endothelial cell of artery	UBERON:0001625	right coronary artery	right coronary artery	2706	8.561105704989657
CL:1000413	endothelial cell of artery	endothelial cell of artery	UBERON:0001539	dorsalis pedis artery	dorsalis pedis artery	1179	8.561105704989657
CL:1000413	endothelial cell of artery	endothelial cell of artery	UBERON:0001537	anterior tibial artery	anterior tibial artery	1187	8.561105704989657
CL:1000413	endothelial cell of artery	endothelial cell of artery	UBERON:0001537	anterior tibial artery	anterior tibial artery	1191	8.561105704989657
CL:1000413	endothelial cell of artery	endothelial cell of artery	UBERON:0001312	superior vesical artery	superior vesical artery	1497	8.561105704989657
CL:1000413	endothelial cell of artery	endothelial cell of artery	UBERON:0001623	dorsal nasal artery	dorsal nasal artery	672	8.561105704989657
CL:1000413	endothelial cell of artery	endothelial cell of artery	UBERON:0001635	superior cerebellar artery	superior cerebellar artery	2638	8.561105704989657
CL:1000413	endothelial cell of artery	endothelial cell of artery	UBERON:0009689	anterior inferior cerebellar artery	anterior inferior cerebellar artery	2566	8.561105704989657
CL:1000413	endothelial cell of artery	endothelial cell of artery	UBERON:0006664	greater palatine artery	greater palatine artery	276	8.561105704989657
CL:1000413	endothelial cell of artery	endothelial cell of artery	UBERON:8410022	left colic artery	left colic artery	1626	8.561105704989657
CL:1000413	endothelial cell of artery	endothelial cell of artery	UBERON:0010408	ocular angle artery	angular artery	128	8.561105704989657
CL:1000413	endothelial cell of artery	endothelial cell of artery	UBERON:0003471	artery of lower lip	inferior labial artery	152	8.561105704989657
CL:1000413	endothelial cell of artery	endothelial cell of artery	UBERON:0001537	anterior tibial artery	anterior tibial artery	1091	8.561105704989657
CL:1000413	endothelial cell of artery	endothelial cell of artery	UBERON:0001539	dorsalis pedis artery	dorsalis pedis artery	1163	8.561105704989657
CL:1000413	endothelial cell of artery	endothelial cell of artery	UBERON:0001185	right renal artery	right renal artery	1810	8.561105704989657
CL:1000413	endothelial cell of artery	endothelial cell of artery	UBERON:0001531	right common carotid artery plus branches	right common carotid artery	52	8.561105704989657
CL:1000413	endothelial cell of artery	endothelial cell of artery	UBERON:0001625	right coronary artery	right coronary artery	2698	8.561105704989657
CL:1000413	endothelial cell of artery	endothelial cell of artery	UBERON:0001625	right coronary artery	right coronary artery	2694	8.561105704989657
CL:1000413	endothelial cell of artery	endothelial cell of artery	UBERON:0004688	costo-cervical trunk	costocervical trunk	2384	8.561105704989657
CL:1000413	endothelial cell of artery	endothelial cell of artery	UBERON:0001355	deep femoral artery	deep femoral artery	1055	8.561105704989657
CL:1000413	endothelial cell of artery	endothelial cell of artery	UBERON:8410022	left colic artery	left colic artery	1572	8.561105704989657
CL:1000413	endothelial cell of artery	endothelial cell of artery	UBERON:0001355	deep femoral artery	deep femoral artery	1031	8.561105704989657
CL:1000413	endothelial cell of artery	endothelial cell of artery	UBERON:0001355	deep femoral artery	deep femoral artery	1027	8.561105704989657
CL:0000359	vascular associated smooth muscle cell	vascular smooth muscle cell	UBERON:0001309	internal iliac artery	internal iliac artery	1538	8.409625467018103
CL:0000359	vascular associated smooth muscle cell	vascular smooth muscle cell	UBERON:0001309	internal iliac artery	internal iliac artery	1385	8.409625467018103
CL:0000359	vascular associated smooth muscle cell	vascular smooth muscle cell	UBERON:0001309	internal iliac artery	internal iliac artery	1389	8.409625467018103
CL:0002543	vein endothelial cell	endothelial cell of vein	UBERON:0006634	lingual vein	lingual vein	3315	8.254580663014522
CL:0002543	vein endothelial cell	endothelial cell of vein	UBERON:0001589	internal thoracic vein	internal thoracic vein	3383	8.254580663014522
CL:0002543	vein endothelial cell	endothelial cell of vein	UBERON:0001592	bronchial vein	bronchial vein	3120	8.254580663014522
CL:0002543	vein endothelial cell	endothelial cell of vein	UBERON:0001589	internal thoracic vein	internal thoracic vein	3387	8.254580663014522
CL:0002543	vein endothelial cell	endothelial cell of vein	UBERON:0012194	superior intercostal vein	superior intercostal vein	3182	8.254580663014522
CL:0002543	vein endothelial cell	endothelial cell of vein	UBERON:0006666	great cerebral vein	great cerebral vein	3337	8.254580663014522
CL:0002543	vein endothelial cell	endothelial cell of vein	UBERON:0002460	vesical vein	vesical vein	2860	8.254580663014522
CL:0002543	vein endothelial cell	endothelial cell of vein	UBERON:0006634	lingual vein	lingual vein	3303	8.254580663014522
CL:0002543	vein endothelial cell	endothelial cell of vein	UBERON:0001673	central retinal vein	central retinal vein	3278	8.254580663014522
CL:0002543	vein endothelial cell	endothelial cell of vein	UBERON:0001589	internal thoracic vein	internal thoracic vein	3389	8.254580663014522
CL:0002543	vein endothelial cell	endothelial cell of vein	UBERON:0001589	internal thoracic vein	internal thoracic vein	3391	8.254580663014522
CL:0002543	vein endothelial cell	endothelial cell of vein	UBERON:0001589	internal thoracic vein	internal thoracic vein	3393	8.254580663014522
CL:0002543	vein endothelial cell	endothelial cell of vein	UBERON:0001330	pampiniform plexus	pampiniform venous plexus	3108	8.254580663014522
CL:0002543	vein endothelial cell	endothelial cell of vein	UBERON:0006139	plantar digital vein	plantar digital vein	2796	8.254580663014522
CL:0002543	vein endothelial cell	endothelial cell of vein	UBERON:0001546	posterior tibial vein	posterior tibial vein	2790	8.254580663014522
CL:0002543	vein endothelial cell	endothelial cell of vein	UBERON:0001546	posterior tibial vein	posterior tibial vein	2788	8.254580663014522
CL:0002543	vein endothelial cell	endothelial cell of vein	UBERON:0001589	internal thoracic vein	internal thoracic vein	3397	8.254580663014522
CL:0002543	vein endothelial cell	endothelial cell of vein	UBERON:0001589	internal thoracic vein	internal thoracic vein	3395	8.254580663014522
CL:0000359	vascular associated smooth muscle cell	vascular smooth muscle cell	UBERON:0002270	hyaloid artery	hyaloid artery	678	7.882216049919137
CL:0000359	vascular associated smooth muscle cell	vascular smooth muscle cell	UBERON:0002345	descending thoracic aorta	descending thoracic aorta	748	7.393911199521099
CL:0000359	vascular associated smooth muscle cell	vascular smooth muscle cell	UBERON:0002345	descending thoracic aorta	descending thoracic aorta	2014	7.393911199521099
CL:0000359	vascular associated smooth muscle cell	vascular smooth muscle cell	UBERON:0002345	descending thoracic aorta	descending thoracic aorta	2018	7.393911199521099
CL:0000359	vascular associated smooth muscle cell	vascular smooth muscle cell	UBERON:0002345	descending thoracic aorta	descending thoracic aorta	1918	7.393911199521099
CL:0000359	vascular associated smooth muscle cell	vascular smooth muscle cell	UBERON:0002345	descending thoracic aorta	descending thoracic aorta	1950	7.393911199521099
CL:0000359	vascular associated smooth muscle cell	vascular smooth muscle cell	UBERON:0002345	descending thoracic aorta	descending thoracic aorta	1966	7.393911199521099
CL:0000359	vascular associated smooth muscle cell	vascular smooth muscle cell	UBERON:0002345	descending thoracic aorta	descending thoracic aorta	1946	7.393911199521099
CL:0000359	vascular associated smooth muscle cell	vascular smooth muscle cell	UBERON:0002345	descending thoracic aorta	descending thoracic aorta	1942	7.393911199521099
CL:0000359	vascular associated smooth muscle cell	vascular smooth muscle cell	UBERON:0002345	descending thoracic aorta	descending thoracic aorta	1938	7.393911199521099
CL:0000359	vascular associated smooth muscle cell	vascular smooth muscle cell	UBERON:0002345	descending thoracic aorta	descending thoracic aorta	1934	7.393911199521099
CL:0000359	vascular associated smooth muscle cell	vascular smooth muscle cell	UBERON:0002345	descending thoracic aorta	descending thoracic aorta	1930	7.393911199521099
CL:0000359	vascular associated smooth muscle cell	vascular smooth muscle cell	UBERON:0002345	descending thoracic aorta	descending thoracic aorta	1926	7.393911199521099
CL:0000359	vascular associated smooth muscle cell	vascular smooth muscle cell	UBERON:0002345	descending thoracic aorta	descending thoracic aorta	1994	7.393911199521099
CL:0000359	vascular associated smooth muscle cell	vascular smooth muscle cell	UBERON:0002345	descending thoracic aorta	descending thoracic aorta	1922	7.393911199521099
CL:0000359	vascular associated smooth muscle cell	vascular smooth muscle cell	UBERON:0002345	descending thoracic aorta	descending thoracic aorta	1954	7.393911199521099
CL:0000359	vascular associated smooth muscle cell	vascular smooth muscle cell	UBERON:0002345	descending thoracic aorta	descending thoracic aorta	1914	7.393911199521099
CL:0000359	vascular associated smooth muscle cell	vascular smooth muscle cell	UBERON:0001191	common iliac artery	common iliac artery	1013	7.393911199521099
CL:0000359	vascular associated smooth muscle cell	vascular smooth muscle cell	UBERON:0002345	descending thoracic aorta	descending thoracic aorta	1910	7.393911199521099
CL:0000359	vascular associated smooth muscle cell	vascular smooth muscle cell	UBERON:0002345	descending thoracic aorta	descending thoracic aorta	1990	7.393911199521099
CL:0000359	vascular associated smooth muscle cell	vascular smooth muscle cell	UBERON:0002345	descending thoracic aorta	descending thoracic aorta	1998	7.393911199521099
CL:0000359	vascular associated smooth muscle cell	vascular smooth muscle cell	UBERON:0002345	descending thoracic aorta	descending thoracic aorta	1974	7.393911199521099
CL:0000359	vascular associated smooth muscle cell	vascular smooth muscle cell	UBERON:0002345	descending thoracic aorta	descending thoracic aorta	1978	7.393911199521099
CL:0000359	vascular associated smooth muscle cell	vascular smooth muscle cell	UBERON:0002345	descending thoracic aorta	descending thoracic aorta	2030	7.393911199521099
CL:0000359	vascular associated smooth muscle cell	vascular smooth muscle cell	UBERON:0002345	descending thoracic aorta	descending thoracic aorta	2002	7.393911199521099
CL:0000359	vascular associated smooth muscle cell	vascular smooth muscle cell	UBERON:0002345	descending thoracic aorta	descending thoracic aorta	2022	7.393911199521099
CL:0000359	vascular associated smooth muscle cell	vascular smooth muscle cell	UBERON:0002345	descending thoracic aorta	descending thoracic aorta	2006	7.393911199521099
CL:0000359	vascular associated smooth muscle cell	vascular smooth muscle cell	UBERON:0002345	descending thoracic aorta	descending thoracic aorta	1982	7.393911199521099
CL:0000359	vascular associated smooth muscle cell	vascular smooth muscle cell	UBERON:0002345	descending thoracic aorta	descending thoracic aorta	2010	7.393911199521099
CL:0000359	vascular associated smooth muscle cell	vascular smooth muscle cell	UBERON:0002345	descending thoracic aorta	descending thoracic aorta	1986	7.393911199521099
CL:0000359	vascular associated smooth muscle cell	vascular smooth muscle cell	UBERON:0002345	descending thoracic aorta	descending thoracic aorta	1958	7.393911199521099
UBERON:0006664	greater palatine artery	greater palatine artery	UBERON:8600101	descending palatine artery	descending palatine artery	280	7.238866395517519
UBERON:0006664	greater palatine artery	greater palatine artery	UBERON:8600101	descending palatine artery	descending palatine artery	279	7.238866395517519
UBERON:0006664	greater palatine artery	greater palatine artery	UBERON:8600101	descending palatine artery	descending palatine artery	283	7.238866395517519
UBERON:0006664	greater palatine artery	greater palatine artery	UBERON:8600101	descending palatine artery	descending palatine artery	278	7.238866395517519
UBERON:0006664	greater palatine artery	greater palatine artery	UBERON:8600101	descending palatine artery	descending palatine artery	282	7.238866395517519
UBERON:0006664	greater palatine artery	greater palatine artery	UBERON:8600101	descending palatine artery	descending palatine artery	277	7.238866395517519
UBERON:0006664	greater palatine artery	greater palatine artery	UBERON:8600101	descending palatine artery	descending palatine artery	281	7.238866395517519
UBERON:0006664	greater palatine artery	greater palatine artery	UBERON:8600101	descending palatine artery	descending palatine artery	275	7.238866395517519
UBERON:0006664	greater palatine artery	greater palatine artery	UBERON:8600101	descending palatine artery	descending palatine artery	284	7.238866395517519
UBERON:0006664	greater palatine artery	greater palatine artery	UBERON:8600101	descending palatine artery	descending palatine artery	276	7.238866395517519
CL:0000359	vascular associated smooth muscle cell	vascular smooth muscle cell	UBERON:0001616	maxillary artery	maxillary artery	378	6.93931025969124
CL:0000359	vascular associated smooth muscle cell	vascular smooth muscle cell	UBERON:0001616	maxillary artery	maxillary artery	268	6.93931025969124
CL:0000359	vascular associated smooth muscle cell	vascular smooth muscle cell	UBERON:0001616	maxillary artery	maxillary artery	246	6.93931025969124
CL:0000359	vascular associated smooth muscle cell	vascular smooth muscle cell	UBERON:0001616	maxillary artery	maxillary artery	230	6.93931025969124
CL:0000359	vascular associated smooth muscle cell	vascular smooth muscle cell	UBERON:0001616	maxillary artery	maxillary artery	352	6.93931025969124
CL:0000359	vascular associated smooth muscle cell	vascular smooth muscle cell	UBERON:0001616	maxillary artery	maxillary artery	382	6.93931025969124
CL:0000359	vascular associated smooth muscle cell	vascular smooth muscle cell	UBERON:0001616	maxillary artery	maxillary artery	242	6.93931025969124
CL:0000359	vascular associated smooth muscle cell	vascular smooth muscle cell	UBERON:0001616	maxillary artery	maxillary artery	356	6.93931025969124
CL:0002543	vein endothelial cell	endothelial cell of vein	UBERON:0001215	inferior mesenteric vein	inferior mesenteric vein	2917	6.784265455687688
CL:0002543	vein endothelial cell	endothelial cell of vein	UBERON:0001215	inferior mesenteric vein	inferior mesenteric vein	2923	6.784265455687688
CL:0002543	vein endothelial cell	endothelial cell of vein	UBERON:0001215	inferior mesenteric vein	inferior mesenteric vein	2925	6.784265455687688
CL:0002543	vein endothelial cell	endothelial cell of vein	UBERON:0001139	common iliac vein	common iliac vein	2740	6.784265455687688
CL:0002543	vein endothelial cell	endothelial cell of vein	UBERON:0001316	external iliac vein	external iliac vein	2742	6.784265455687688
CL:0002543	vein endothelial cell	endothelial cell of vein	UBERON:0001215	inferior mesenteric vein	inferior mesenteric vein	2927	6.784265455687688
CL:0002543	vein endothelial cell	endothelial cell of vein	UBERON:0010400	spleen trabecular vein	spleen trabecular vein	2945	6.784265455687688
CL:0002543	vein endothelial cell	endothelial cell of vein	UBERON:0001316	external iliac vein	external iliac vein	2814	6.784265455687688
CL:1000413	endothelial cell of artery	endothelial cell of artery	UBERON:0008320	common penile artery	common penile artery	1429	6.665539718386015
CL:1000413	endothelial cell of artery	endothelial cell of artery	UBERON:0006632	musculo-phrenic artery	musculophrenic artery	2444	6.665539718386015
CL:1000413	endothelial cell of artery	endothelial cell of artery	UBERON:0001354	inferior epigastric artery	inferior epigastric artery	1371	6.665539718386015
CL:1000413	endothelial cell of artery	endothelial cell of artery	UBERON:0001626	left coronary artery	left coronary artery	2654	6.665539718386015
CL:1000413	endothelial cell of artery	endothelial cell of artery	UBERON:0008320	common penile artery	common penile artery	1421	6.665539718386015
CL:1000413	endothelial cell of artery	endothelial cell of artery	UBERON:0015480	proper hepatic artery	proper hepatic artery	790	6.665539718386015
CL:1000413	endothelial cell of artery	endothelial cell of artery	UBERON:0018243	thymic artery	thymic artery	2476	6.665539718386015
CL:1000413	endothelial cell of artery	endothelial cell of artery	UBERON:0002493	uterine artery	uterine artery	1516	6.665539718386015
CL:1000413	endothelial cell of artery	endothelial cell of artery	UBERON:0006632	musculo-phrenic artery	musculophrenic artery	2456	6.665539718386015
CL:1000413	endothelial cell of artery	endothelial cell of artery	UBERON:0010399	spleen trabecular artery	spleen trabecular artery	918	6.665539718386015
CL:1000413	endothelial cell of artery	endothelial cell of artery	UBERON:0001622	lacrimal artery	lacrimal artery	696	6.665539718386015
CL:1000413	endothelial cell of artery	endothelial cell of artery	UBERON:0001622	lacrimal artery	lacrimal artery	692	6.665539718386015
CL:1000413	endothelial cell of artery	endothelial cell of artery	UBERON:0001622	lacrimal artery	lacrimal artery	688	6.665539718386015
CL:1000413	endothelial cell of artery	endothelial cell of artery	UBERON:0001622	lacrimal artery	lacrimal artery	680	6.665539718386015
CL:1000413	endothelial cell of artery	endothelial cell of artery	UBERON:0001354	inferior epigastric artery	inferior epigastric artery	1367	6.665539718386015
CL:1000413	endothelial cell of artery	endothelial cell of artery	UBERON:0012318	anterior ethmoidal artery	anterior ethmoidal artery	660	6.665539718386015
CL:1000413	endothelial cell of artery	endothelial cell of artery	UBERON:0001354	inferior epigastric artery	inferior epigastric artery	1379	6.665539718386015
CL:1000413	endothelial cell of artery	endothelial cell of artery	UBERON:0018231	labyrinthine artery	labyrinthine artery	2570	6.665539718386015
CL:1000413	endothelial cell of artery	endothelial cell of artery	UBERON:0006632	musculo-phrenic artery	musculophrenic artery	2452	6.665539718386015
CL:1000413	endothelial cell of artery	endothelial cell of artery	UBERON:0018231	labyrinthine artery	labyrinthine artery	2578	6.665539718386015
CL:1000413	endothelial cell of artery	endothelial cell of artery	UBERON:0006632	musculo-phrenic artery	musculophrenic artery	2448	6.665539718386015
CL:1000413	endothelial cell of artery	endothelial cell of artery	UBERON:0008320	common penile artery	common penile artery	1425	6.665539718386015
CL:1000413	endothelial cell of artery	endothelial cell of artery	UBERON:0018231	labyrinthine artery	labyrinthine artery	2574	6.665539718386015
CL:0000359	vascular associated smooth muscle cell	vascular smooth muscle cell	UBERON:0001640	celiac artery	celiac artery	756	5.737975262561136
CL:0000359	vascular associated smooth muscle cell	vascular smooth muscle cell	UBERON:0002333	pulmonary trunk	pulmonary trunk	3520	5.737975262561136
CL:0002543	vein endothelial cell	endothelial cell of vein	UBERON:0001656	retromandibular vein	retromandibular vein #2	3475	5.582930458557584
CL:0002543	vein endothelial cell	endothelial cell of vein	UBERON:0001656	retromandibular vein	retromandibular vein	3202	5.582930458557584
CL:0002543	vein endothelial cell	endothelial cell of vein	UBERON:0001142	left renal vein	left renal vein	3028	5.582930458557584
CL:0002543	vein endothelial cell	endothelial cell of vein	UBERON:0001142	left renal vein	left renal vein	3026	5.582930458557584
CL:0002543	vein endothelial cell	endothelial cell of vein	UBERON:0018253	external pudendal vein	external pudendal vein	2754	5.582930458557584
CL:0002543	vein endothelial cell	endothelial cell of vein	UBERON:0001142	left renal vein	left renal vein	3024	5.582930458557584
CL:0002543	vein endothelial cell	endothelial cell of vein	UBERON:0018252	internal pudendal vein	internal pudendal vein	2834	5.582930458557584
CL:0002543	vein endothelial cell	endothelial cell of vein	UBERON:0018252	internal pudendal vein	internal pudendal vein	2838	5.582930458557584
CL:0002543	vein endothelial cell	endothelial cell of vein	UBERON:0011192	superior ophthalmic vein	superior ophthalmic vein	3291	5.582930458557584
CL:0002543	vein endothelial cell	endothelial cell of vein	UBERON:0011192	superior ophthalmic vein	superior ophthalmic vein	3295	5.582930458557584
CL:0002543	vein endothelial cell	endothelial cell of vein	UBERON:0018252	internal pudendal vein	internal pudendal vein	2840	5.582930458557584
CL:0002543	vein endothelial cell	endothelial cell of vein	UBERON:0011192	superior ophthalmic vein	superior ophthalmic vein	3293	5.582930458557584
CL:0002543	vein endothelial cell	endothelial cell of vein	UBERON:0018252	internal pudendal vein	internal pudendal vein	2836	5.582930458557584
CL:0000359	vascular associated smooth muscle cell	vascular smooth muscle cell	UBERON:0001633	basilar artery	basilar artery	2564	5.381720926805528
CL:0000359	vascular associated smooth muscle cell	vascular smooth muscle cell	UBERON:0001633	basilar artery	basilar artery	2600	5.381720926805528
CL:0000359	vascular associated smooth muscle cell	vascular smooth muscle cell	UBERON:0001633	basilar artery	basilar artery	2604	5.381720926805528
CL:1000413	endothelial cell of artery	endothelial cell of artery	UBERON:0002250	popliteal artery	popliteal artery	1211	5.19522451105918
CL:1000413	endothelial cell of artery	endothelial cell of artery	UBERON:0002250	popliteal artery	popliteal artery	1207	5.19522451105918
CL:1000413	endothelial cell of artery	endothelial cell of artery	UBERON:0001406	ulnar artery	ulnar artery	2216	5.19522451105918
CL:1000413	endothelial cell of artery	endothelial cell of artery	UBERON:0002250	popliteal artery	popliteal artery	1203	5.19522451105918
CL:1000413	endothelial cell of artery	endothelial cell of artery	UBERON:0002250	popliteal artery	popliteal artery	1215	5.19522451105918
CL:1000413	endothelial cell of artery	endothelial cell of artery	UBERON:0001538	posterior tibial artery	posterior tibial artery	1243	5.19522451105918
CL:1000413	endothelial cell of artery	endothelial cell of artery	UBERON:0002250	popliteal artery	popliteal artery	1219	5.19522451105918
CL:1000413	endothelial cell of artery	endothelial cell of artery	UBERON:0002250	popliteal artery	popliteal artery	1223	5.19522451105918
CL:1000413	endothelial cell of artery	endothelial cell of artery	UBERON:0002250	popliteal artery	popliteal artery	1195	5.19522451105918
CL:1000413	endothelial cell of artery	endothelial cell of artery	UBERON:0001538	posterior tibial artery	posterior tibial artery	1247	5.19522451105918
CL:1000413	endothelial cell of artery	endothelial cell of artery	UBERON:0002505	spiral modiolar artery	spiral modiolar artery	2590	5.19522451105918
CL:1000413	endothelial cell of artery	endothelial cell of artery	UBERON:0001538	posterior tibial artery	posterior tibial artery	1251	5.19522451105918
CL:1000413	endothelial cell of artery	endothelial cell of artery	UBERON:0001538	posterior tibial artery	posterior tibial artery	1347	5.19522451105918
CL:1000413	endothelial cell of artery	endothelial cell of artery	UBERON:0002250	popliteal artery	popliteal artery	1199	5.19522451105918
CL:1000413	endothelial cell of artery	endothelial cell of artery	UBERON:0001406	ulnar artery	ulnar artery	2204	5.19522451105918
CL:1000413	endothelial cell of artery	endothelial cell of artery	UBERON:0001614	superficial temporal artery	superficial temporal artery	452	5.19522451105918
CL:1000413	endothelial cell of artery	endothelial cell of artery	UBERON:0001190	ovarian artery	ovarian artery	1706	5.19522451105918
CL:1000413	endothelial cell of artery	endothelial cell of artery	UBERON:0001406	ulnar artery	ulnar artery	2240	5.19522451105918
CL:1000413	endothelial cell of artery	endothelial cell of artery	UBERON:0001406	ulnar artery	ulnar artery	2200	5.19522451105918
CL:1000413	endothelial cell of artery	endothelial cell of artery	UBERON:0001406	ulnar artery	ulnar artery	2236	5.19522451105918
CL:1000413	endothelial cell of artery	endothelial cell of artery	UBERON:0001614	superficial temporal artery	superficial temporal artery	456	5.19522451105918
CL:1000413	endothelial cell of artery	endothelial cell of artery	UBERON:0004646	infraorbital artery	infraorbital artery	338	5.19522451105918
CL:1000413	endothelial cell of artery	endothelial cell of artery	UBERON:0001614	superficial temporal artery	superficial temporal artery	460	5.19522451105918
CL:1000413	endothelial cell of artery	endothelial cell of artery	UBERON:0001406	ulnar artery	ulnar artery	2220	5.19522451105918
CL:1000413	endothelial cell of artery	endothelial cell of artery	UBERON:0004646	infraorbital artery	infraorbital artery	334	5.19522451105918
CL:1000413	endothelial cell of artery	endothelial cell of artery	UBERON:0001584	left subclavian artery	left subclavian artery	2040	5.19522451105918
CL:1000413	endothelial cell of artery	endothelial cell of artery	UBERON:0001406	ulnar artery	ulnar artery	2196	5.19522451105918
CL:1000413	endothelial cell of artery	endothelial cell of artery	UBERON:0002250	popliteal artery	popliteal artery	1087	5.19522451105918
CL:0000359	vascular associated smooth muscle cell	vascular smooth muscle cell	UBERON:0001070	external carotid artery	external carotid artery	66	5.043744273087626
CL:0002543	vein endothelial cell	endothelial cell of vein	UBERON:0001588	vertebral vein	vertebral vein	3485	4.567216191060581
CL:1000412	endothelial cell of arteriole	endothelial cell of arteriole	UBERON:8600077	pulmonary arteriole	pulmonary arteriole	3586	4.567216191060581
CL:0002543	vein endothelial cell	endothelial cell of vein	UBERON:0001588	vertebral vein	vertebral vein	3491	4.567216191060581
CL:0002543	vein endothelial cell	endothelial cell of vein	UBERON:0001588	vertebral vein	vertebral vein	3499	4.567216191060581
CL:1000412	endothelial cell of arteriole	endothelial cell of arteriole	UBERON:0018397	posterior superior alveolar artery	posterior superior alveolar artery	368	4.567216191060581
CL:0002543	vein endothelial cell	endothelial cell of vein	UBERON:0001588	vertebral vein	vertebral vein	3501	4.567216191060581
CL:0002543	vein endothelial cell	endothelial cell of vein	UBERON:0001588	vertebral vein	vertebral vein	3489	4.567216191060581
CL:0002543	vein endothelial cell	endothelial cell of vein	UBERON:0001588	vertebral vein	vertebral vein	3487	4.567216191060581
CL:1000412	endothelial cell of arteriole	endothelial cell of arteriole	UBERON:0018397	posterior superior alveolar artery	posterior superior alveolar artery	362	4.567216191060581
UBERON:0007149	inferior thyroid artery	inferior thyroid artery	UBERON:8600062	thyrocervical trunk	thyrocervical trunk	2495	4.567216191060581
UBERON:0007149	inferior thyroid artery	inferior thyroid artery	UBERON:8600062	thyrocervical trunk	thyrocervical trunk	2513	4.567216191060581
UBERON:0007149	inferior thyroid artery	inferior thyroid artery	UBERON:8600062	thyrocervical trunk	thyrocervical trunk	2519	4.567216191060581
UBERON:0007149	inferior thyroid artery	inferior thyroid artery	UBERON:8600062	thyrocervical trunk	thyrocervical trunk	2527	4.567216191060581
UBERON:0007149	inferior thyroid artery	inferior thyroid artery	UBERON:8600062	thyrocervical trunk	thyrocervical trunk	2526	4.567216191060581
UBERON:0007149	inferior thyroid artery	inferior thyroid artery	UBERON:8600062	thyrocervical trunk	thyrocervical trunk	2525	4.567216191060581
UBERON:0007149	inferior thyroid artery	inferior thyroid artery	UBERON:8600062	thyrocervical trunk	thyrocervical trunk	2524	4.567216191060581
UBERON:0007149	inferior thyroid artery	inferior thyroid artery	UBERON:8600062	thyrocervical trunk	thyrocervical trunk	2523	4.567216191060581
UBERON:0007149	inferior thyroid artery	inferior thyroid artery	UBERON:8600062	thyrocervical trunk	thyrocervical trunk	2522	4.567216191060581
UBERON:0007149	inferior thyroid artery	inferior thyroid artery	UBERON:8600062	thyrocervical trunk	thyrocervical trunk	2521	4.567216191060581
UBERON:0007149	inferior thyroid artery	inferior thyroid artery	UBERON:8600062	thyrocervical trunk	thyrocervical trunk	2520	4.567216191060581
UBERON:0007149	inferior thyroid artery	inferior thyroid artery	UBERON:8600062	thyrocervical trunk	thyrocervical trunk	2518	4.567216191060581
UBERON:0007149	inferior thyroid artery	inferior thyroid artery	UBERON:8600062	thyrocervical trunk	thyrocervical trunk	2508	4.567216191060581
UBERON:0007149	inferior thyroid artery	inferior thyroid artery	UBERON:8600062	thyrocervical trunk	thyrocervical trunk	2517	4.567216191060581
UBERON:0007149	inferior thyroid artery	inferior thyroid artery	UBERON:8600062	thyrocervical trunk	thyrocervical trunk	2516	4.567216191060581
UBERON:0007149	inferior thyroid artery	inferior thyroid artery	UBERON:8600062	thyrocervical trunk	thyrocervical trunk	2515	4.567216191060581
UBERON:0007149	inferior thyroid artery	inferior thyroid artery	UBERON:8600062	thyrocervical trunk	thyrocervical trunk	2514	4.567216191060581
UBERON:0012324	transverse cervical artery	transverse cervical artery	UBERON:8600062	thyrocervical trunk	thyrocervical trunk	2543	4.567216191060581
UBERON:0007149	inferior thyroid artery	inferior thyroid artery	UBERON:8600062	thyrocervical trunk	thyrocervical trunk	2512	4.567216191060581
UBERON:0007149	inferior thyroid artery	inferior thyroid artery	UBERON:8600062	thyrocervical trunk	thyrocervical trunk	2511	4.567216191060581
UBERON:0007149	inferior thyroid artery	inferior thyroid artery	UBERON:8600062	thyrocervical trunk	thyrocervical trunk	2510	4.567216191060581
UBERON:0007149	inferior thyroid artery	inferior thyroid artery	UBERON:8600062	thyrocervical trunk	thyrocervical trunk	2528	4.567216191060581
UBERON:0007149	inferior thyroid artery	inferior thyroid artery	UBERON:8600062	thyrocervical trunk	thyrocervical trunk	2529	4.567216191060581
UBERON:0007149	inferior thyroid artery	inferior thyroid artery	UBERON:8600062	thyrocervical trunk	thyrocervical trunk	2530	4.567216191060581
UBERON:0007149	inferior thyroid artery	inferior thyroid artery	UBERON:8600062	thyrocervical trunk	thyrocervical trunk	2531	4.567216191060581
UBERON:0012324	transverse cervical artery	transverse cervical artery	UBERON:8600062	thyrocervical trunk	thyrocervical trunk	2544	4.567216191060581
UBERON:0012324	transverse cervical artery	transverse cervical artery	UBERON:8600062	thyrocervical trunk	thyrocervical trunk	2545	4.567216191060581
UBERON:0012324	transverse cervical artery	transverse cervical artery	UBERON:8600062	thyrocervical trunk	thyrocervical trunk	2546	4.567216191060581
UBERON:0012324	transverse cervical artery	transverse cervical artery	UBERON:8600062	thyrocervical trunk	thyrocervical trunk	2547	4.567216191060581
UBERON:0012324	transverse cervical artery	transverse cervical artery	UBERON:8600062	thyrocervical trunk	thyrocervical trunk	2548	4.567216191060581
UBERON:0007149	inferior thyroid artery	inferior thyroid artery	UBERON:8600062	thyrocervical trunk	thyrocervical trunk	2493	4.567216191060581
UBERON:0007149	inferior thyroid artery	inferior thyroid artery	UBERON:8600062	thyrocervical trunk	thyrocervical trunk	2492	4.567216191060581
UBERON:0007149	inferior thyroid artery	inferior thyroid artery	UBERON:8600062	thyrocervical trunk	thyrocervical trunk	2491	4.567216191060581
UBERON:0012324	transverse cervical artery	transverse cervical artery	UBERON:8600062	thyrocervical trunk	thyrocervical trunk	2541	4.567216191060581
UBERON:0012324	transverse cervical artery	transverse cervical artery	UBERON:8600062	thyrocervical trunk	thyrocervical trunk	2540	4.567216191060581
UBERON:0007149	inferior thyroid artery	inferior thyroid artery	UBERON:8600062	thyrocervical trunk	thyrocervical trunk	2490	4.567216191060581
UBERON:0012324	transverse cervical artery	transverse cervical artery	UBERON:8600062	thyrocervical trunk	thyrocervical trunk	2539	4.567216191060581
UBERON:0012324	transverse cervical artery	transverse cervical artery	UBERON:8600062	thyrocervical trunk	thyrocervical trunk	2538	4.567216191060581
UBERON:0007149	inferior thyroid artery	inferior thyroid artery	UBERON:8600062	thyrocervical trunk	thyrocervical trunk	2489	4.567216191060581
UBERON:0012324	transverse cervical artery	transverse cervical artery	UBERON:8600062	thyrocervical trunk	thyrocervical trunk	2537	4.567216191060581
UBERON:0007149	inferior thyroid artery	inferior thyroid artery	UBERON:8600062	thyrocervical trunk	thyrocervical trunk	2532	4.567216191060581
UBERON:0007149	inferior thyroid artery	inferior thyroid artery	UBERON:8600062	thyrocervical trunk	thyrocervical trunk	2494	4.567216191060581
UBERON:0007149	inferior thyroid artery	inferior thyroid artery	UBERON:8600062	thyrocervical trunk	thyrocervical trunk	2509	4.567216191060581
UBERON:0012324	transverse cervical artery	transverse cervical artery	UBERON:8600062	thyrocervical trunk	thyrocervical trunk	2542	4.567216191060581
UBERON:0007149	inferior thyroid artery	inferior thyroid artery	UBERON:8600062	thyrocervical trunk	thyrocervical trunk	2507	4.567216191060581
UBERON:0001592	bronchial vein	bronchial vein	UBERON:0006665	accessory hemiazygos vein	accessory hemiazygos vein	3122	4.567216191060581
UBERON:0007149	inferior thyroid artery	inferior thyroid artery	UBERON:8600062	thyrocervical trunk	thyrocervical trunk	2506	4.567216191060581
UBERON:0007149	inferior thyroid artery	inferior thyroid artery	UBERON:8600062	thyrocervical trunk	thyrocervical trunk	2498	4.567216191060581
UBERON:0007149	inferior thyroid artery	inferior thyroid artery	UBERON:8600062	thyrocervical trunk	thyrocervical trunk	2499	4.567216191060581
UBERON:0001592	bronchial vein	bronchial vein	UBERON:0006665	accessory hemiazygos vein	accessory hemiazygos vein	3119	4.567216191060581
UBERON:0007149	inferior thyroid artery	inferior thyroid artery	UBERON:8600062	thyrocervical trunk	thyrocervical trunk	2500	4.567216191060581
UBERON:0007149	inferior thyroid artery	inferior thyroid artery	UBERON:8600062	thyrocervical trunk	thyrocervical trunk	2502	4.567216191060581
UBERON:0007149	inferior thyroid artery	inferior thyroid artery	UBERON:8600062	thyrocervical trunk	thyrocervical trunk	2503	4.567216191060581
UBERON:0001592	bronchial vein	bronchial vein	UBERON:0006665	accessory hemiazygos vein	accessory hemiazygos vein	3120	4.567216191060581
UBERON:0001592	bronchial vein	bronchial vein	UBERON:0006665	accessory hemiazygos vein	accessory hemiazygos vein	3121	4.567216191060581
UBERON:0007149	inferior thyroid artery	inferior thyroid artery	UBERON:8600062	thyrocervical trunk	thyrocervical trunk	2501	4.567216191060581
UBERON:0007149	inferior thyroid artery	inferior thyroid artery	UBERON:8600062	thyrocervical trunk	thyrocervical trunk	2504	4.567216191060581
UBERON:0007149	inferior thyroid artery	inferior thyroid artery	UBERON:8600062	thyrocervical trunk	thyrocervical trunk	2505	4.567216191060581
UBERON:0009042	prostatic venous plexus	prostatic venous plexus	UBERON:0001318	inferior vesical vein	inferior vesical vein	2829	4.567216191060581
UBERON:0007149	inferior thyroid artery	inferior thyroid artery	UBERON:8600062	thyrocervical trunk	thyrocervical trunk	2496	4.567216191060581
UBERON:0009042	prostatic venous plexus	prostatic venous plexus	UBERON:0001318	inferior vesical vein	inferior vesical vein	2830	4.567216191060581
UBERON:0007149	inferior thyroid artery	inferior thyroid artery	UBERON:8600062	thyrocervical trunk	thyrocervical trunk	2497	4.567216191060581
UBERON:0009042	prostatic venous plexus	prostatic venous plexus	UBERON:0001318	inferior vesical vein	inferior vesical vein	2831	4.567216191060581
UBERON:0009042	prostatic venous plexus	prostatic venous plexus	UBERON:0001318	inferior vesical vein	inferior vesical vein	2832	4.567216191060581
CL:1000413	endothelial cell of artery	endothelial cell of artery	UBERON:0001398	brachial artery	brachial artery	2072	3.9938895139290764
CL:1000413	endothelial cell of artery	endothelial cell of artery	UBERON:0001624	anterior cerebral artery	anterior cerebral artery	526	3.9938895139290764
CL:1000413	endothelial cell of artery	endothelial cell of artery	UBERON:0001197	ileocolic artery	ileocolic artery	1846	3.9938895139290764
CL:1000413	endothelial cell of artery	endothelial cell of artery	UBERON:0001624	anterior cerebral artery	anterior cerebral artery	542	3.9938895139290764
CL:1000413	endothelial cell of artery	endothelial cell of artery	UBERON:0001624	anterior cerebral artery	anterior cerebral artery	530	3.9938895139290764
CL:1000413	endothelial cell of artery	endothelial cell of artery	UBERON:0001197	ileocolic artery	ileocolic artery	1830	3.9938895139290764
CL:1000413	endothelial cell of artery	endothelial cell of artery	UBERON:0001624	anterior cerebral artery	anterior cerebral artery	534	3.9938895139290764
CL:1000413	endothelial cell of artery	endothelial cell of artery	UBERON:0001624	anterior cerebral artery	anterior cerebral artery	522	3.9938895139290764
CL:1000413	endothelial cell of artery	endothelial cell of artery	UBERON:0006345	stapedial artery	stapedial artery	444	3.9938895139290764
CL:1000413	endothelial cell of artery	endothelial cell of artery	UBERON:0001398	brachial artery	brachial artery	2056	3.9938895139290764
CL:1000413	endothelial cell of artery	endothelial cell of artery	UBERON:0001624	anterior cerebral artery	anterior cerebral artery	518	3.9938895139290764
CL:1000413	endothelial cell of artery	endothelial cell of artery	UBERON:0001624	anterior cerebral artery	anterior cerebral artery	538	3.9938895139290764
CL:1000413	endothelial cell of artery	endothelial cell of artery	UBERON:0001197	ileocolic artery	ileocolic artery	1834	3.9938895139290764
CL:1000413	endothelial cell of artery	endothelial cell of artery	UBERON:0001398	brachial artery	brachial artery	2192	3.9938895139290764
CL:1000413	endothelial cell of artery	endothelial cell of artery	UBERON:0001624	anterior cerebral artery	anterior cerebral artery	546	3.9938895139290764
CL:1000413	endothelial cell of artery	endothelial cell of artery	UBERON:0001624	anterior cerebral artery	anterior cerebral artery	562	3.9938895139290764
CL:1000413	endothelial cell of artery	endothelial cell of artery	UBERON:0005436	common hepatic artery	common hepatic artery	758	3.9938895139290764
CL:1000413	endothelial cell of artery	endothelial cell of artery	UBERON:0014693	inferior alveolar artery	inferior alveolar artery	324	3.9938895139290764
CL:1000413	endothelial cell of artery	endothelial cell of artery	UBERON:0005436	common hepatic artery	common hepatic artery	870	3.9938895139290764
CL:1000413	endothelial cell of artery	endothelial cell of artery	UBERON:0014693	inferior alveolar artery	inferior alveolar artery	310	3.9938895139290764
CL:1000413	endothelial cell of artery	endothelial cell of artery	UBERON:0014693	inferior alveolar artery	inferior alveolar artery	290	3.9938895139290764
CL:1000413	endothelial cell of artery	endothelial cell of artery	UBERON:0001183	inferior mesenteric artery	inferior mesenteric artery	1568	3.9938895139290764
CL:1000413	endothelial cell of artery	endothelial cell of artery	UBERON:0001624	anterior cerebral artery	anterior cerebral artery	510	3.9938895139290764
CL:1000413	endothelial cell of artery	endothelial cell of artery	UBERON:0001624	anterior cerebral artery	anterior cerebral artery	558	3.9938895139290764
CL:1000413	endothelial cell of artery	endothelial cell of artery	UBERON:0001610	lingual artery	lingual artery	188	3.9938895139290764
CL:1000413	endothelial cell of artery	endothelial cell of artery	UBERON:0001624	anterior cerebral artery	anterior cerebral artery	554	3.9938895139290764
CL:1000413	endothelial cell of artery	endothelial cell of artery	UBERON:0003468	ureteric segment of renal artery	ureteric segment of renal artery	1770	3.9938895139290764
CL:1000413	endothelial cell of artery	endothelial cell of artery	UBERON:0014693	inferior alveolar artery	inferior alveolar artery	294	3.9938895139290764
CL:1000413	endothelial cell of artery	endothelial cell of artery	UBERON:0001624	anterior cerebral artery	anterior cerebral artery	550	3.9938895139290764
CL:0002543	vein endothelial cell	endothelial cell of vein	UBERON:0001544	popliteal vein	popliteal vein	2772	3.6873644719539413
CL:0002543	vein endothelial cell	endothelial cell of vein	UBERON:0001544	popliteal vein	popliteal vein	2784	3.6873644719539413
CL:0002543	vein endothelial cell	endothelial cell of vein	UBERON:0014686	angular vein	angular vein	3244	3.6873644719539413
CL:0002543	vein endothelial cell	endothelial cell of vein	UBERON:0001214	pancreatic tributary of splenic vein	pancreatic tributary of splenic vein	2931	3.6873644719539413
CL:1000413	endothelial cell of artery	endothelial cell of artery	UBERON:0009654	alveolar artery	alveolar artery	236	2.978175246432073
CL:1000413	endothelial cell of artery	endothelial cell of artery	UBERON:0001534	right subclavian artery	right subclavian artery	56	2.978175246432073
CL:1000413	endothelial cell of artery	endothelial cell of artery	UBERON:0001636	posterior cerebral artery	posterior cerebral artery	2622	2.978175246432073
CL:1000413	endothelial cell of artery	endothelial cell of artery	UBERON:0001636	posterior cerebral artery	posterior cerebral artery	2606	2.978175246432073
CL:1000413	endothelial cell of artery	endothelial cell of artery	UBERON:0010132	gastroduodenal artery	gastroduodenal artery	786	2.978175246432073
CL:1000413	endothelial cell of artery	endothelial cell of artery	UBERON:0001636	posterior cerebral artery	posterior cerebral artery	2614	2.978175246432073
CL:1000413	endothelial cell of artery	endothelial cell of artery	UBERON:0001636	posterior cerebral artery	posterior cerebral artery	2618	2.978175246432073
CL:1000413	endothelial cell of artery	endothelial cell of artery	UBERON:0010132	gastroduodenal artery	gastroduodenal artery	766	2.978175246432073
CL:1000413	endothelial cell of artery	endothelial cell of artery	UBERON:0010132	gastroduodenal artery	gastroduodenal artery	762	2.978175246432073
CL:1000413	endothelial cell of artery	endothelial cell of artery	UBERON:0001636	posterior cerebral artery	posterior cerebral artery	2630	2.978175246432073
CL:1000413	endothelial cell of artery	endothelial cell of artery	UBERON:0001636	posterior cerebral artery	posterior cerebral artery	2634	2.978175246432073
CL:0002543	vein endothelial cell	endothelial cell of vein	UBERON:0001101	external jugular vein	external jugular vein	3461	2.9112802541006175
CL:0002543	vein endothelial cell	endothelial cell of vein	UBERON:0001101	external jugular vein	external jugular vein	3473	2.9112802541006175
CL:0002543	vein endothelial cell	endothelial cell of vein	UBERON:0001101	external jugular vein	external jugular vein	3479	2.9112802541006175
CL:0000359	vascular associated smooth muscle cell	vascular smooth muscle cell	UBERON:0001535	vertebral artery	vertebral artery	2652	2.8266950084605185
CL:0000359	vascular associated smooth muscle cell	vascular smooth muscle cell	UBERON:0001535	vertebral artery	vertebral artery	2552	2.8266950084605185
CL:0000359	vascular associated smooth muscle cell	vascular smooth muscle cell	UBERON:0001619	ophthalmic artery	ophthalmic artery	654	2.156038642165271
CL:0000359	vascular associated smooth muscle cell	vascular smooth muscle cell	UBERON:0001619	ophthalmic artery	ophthalmic artery	658	2.156038642165271
CL:0000359	vascular associated smooth muscle cell	vascular smooth muscle cell	UBERON:0001619	ophthalmic artery	ophthalmic artery	702	2.156038642165271
CL:0000359	vascular associated smooth muscle cell	vascular smooth muscle cell	UBERON:0001619	ophthalmic artery	ophthalmic artery	714	2.156038642165271
CL:1000413	endothelial cell of artery	endothelial cell of artery	UBERON:0001394	axillary artery	axillary artery	2048	2.0983235273254337
CL:1000413	endothelial cell of artery	endothelial cell of artery	UBERON:0001187	testicular artery	testicular artery	1890	2.0983235273254337
CL:1000413	endothelial cell of artery	endothelial cell of artery	UBERON:0001394	axillary artery	axillary artery	2344	2.0983235273254337
CL:1000413	endothelial cell of artery	endothelial cell of artery	UBERON:0001394	axillary artery	axillary artery	2052	2.0983235273254337
CL:1000412	endothelial cell of arteriole	endothelial cell of arteriole	UBERON:0006664	greater palatine artery	greater palatine artery	280	1.8955659866036427
CL:1000412	endothelial cell of arteriole	endothelial cell of arteriole	UBERON:0003471	artery of lower lip	inferior labial artery	156	1.8955659866036427
CL:0002543	vein endothelial cell	endothelial cell of vein	UBERON:0001587	subclavian vein	subclavian vein	3411	1.5890409446285076
CL:0002543	vein endothelial cell	endothelial cell of vein	UBERON:0000985	axillary vein	axillary vein	3413	1.5890409446285076
CL:1000413	endothelial cell of artery	endothelial cell of artery	UBERON:0009885	interlobar artery	interlobar renal artery	1738	1.3222393094721099
CL:1000413	endothelial cell of artery	endothelial cell of artery	UBERON:0001620	central retinal artery	central retinal artery	668	1.3222393094721099
CL:1000413	endothelial cell of artery	endothelial cell of artery	UBERON:0001194	splenic artery	splenic artery	902	1.3222393094721099
CL:1000413	endothelial cell of artery	endothelial cell of artery	UBERON:0001194	splenic artery	splenic artery	898	1.3222393094721099
CL:1000413	endothelial cell of artery	endothelial cell of artery	UBERON:0001194	splenic artery	splenic artery	882	1.3222393094721099
CL:1000413	endothelial cell of artery	endothelial cell of artery	UBERON:0001308	external iliac artery	external iliac artery	1019	1.3222393094721099
CL:1000413	endothelial cell of artery	endothelial cell of artery	UBERON:0001194	splenic artery	splenic artery	886	1.3222393094721099
CL:1000413	endothelial cell of artery	endothelial cell of artery	UBERON:0001308	external iliac artery	external iliac artery	1015	1.3222393094721099
CL:1000413	endothelial cell of artery	endothelial cell of artery	UBERON:0001194	splenic artery	splenic artery	1007	1.3222393094721099
CL:1000413	endothelial cell of artery	endothelial cell of artery	UBERON:0001194	splenic artery	splenic artery	1003	1.3222393094721099
CL:1000413	endothelial cell of artery	endothelial cell of artery	UBERON:0001194	splenic artery	splenic artery	949	1.3222393094721099
CL:1000413	endothelial cell of artery	endothelial cell of artery	UBERON:0001194	splenic artery	splenic artery	910	1.3222393094721099
CL:1000413	endothelial cell of artery	endothelial cell of artery	UBERON:0001194	splenic artery	splenic artery	890	1.3222393094721099
CL:0000359	vascular associated smooth muscle cell	vascular smooth muscle cell	UBERON:0001184	renal artery	renal artery	1768	1.1707590715005693
CL:0000359	vascular associated smooth muscle cell	vascular smooth muscle cell	UBERON:0001184	renal artery	renal artery	1736	1.1707590715005693
CL:0000359	vascular associated smooth muscle cell	vascular smooth muscle cell	UBERON:0001184	renal artery	renal artery	1712	1.1707590715005693
CL:0000359	vascular associated smooth muscle cell	vascular smooth muscle cell	UBERON:0001184	renal artery	renal artery	1732	1.1707590715005693
CL:0000359	vascular associated smooth muscle cell	vascular smooth muscle cell	UBERON:0001184	renal artery	renal artery	1724	1.1707590715005693
CL:0000359	vascular associated smooth muscle cell	vascular smooth muscle cell	UBERON:0001184	renal artery	renal artery	1720	1.1707590715005693
CL:0000359	vascular associated smooth muscle cell	vascular smooth muscle cell	UBERON:0001184	renal artery	renal artery	1716	1.1707590715005693
CL:0002543	vein endothelial cell	endothelial cell of vein	UBERON:0001363	great saphenous vein	great saphenous vein	2760	1.0157142674970032
CL:0002543	vein endothelial cell	endothelial cell of vein	UBERON:0003713	splenic vein	splenic vein	2933	1.0157142674970032
CL:0002543	vein endothelial cell	endothelial cell of vein	UBERON:0003713	splenic vein	splenic vein	2929	1.0157142674970032
CL:0002543	vein endothelial cell	endothelial cell of vein	UBERON:0001363	great saphenous vein	great saphenous vein	2750	1.0157142674970032
CL:0002543	vein endothelial cell	endothelial cell of vein	UBERON:0003713	splenic vein	splenic vein	2915	1.0157142674970032
CL:0002543	vein endothelial cell	endothelial cell of vein	UBERON:0001363	great saphenous vein	great saphenous vein	2748	1.0157142674970032
CL:1000413	endothelial cell of artery	endothelial cell of artery	UBERON:0001612	facial artery	facial artery	124	0.6280083199985995
CL:1000413	endothelial cell of artery	endothelial cell of artery	UBERON:0001529	brachiocephalic artery	brachiocephalic artery	48	0.6280083199985995
CL:1000413	endothelial cell of artery	endothelial cell of artery	UBERON:0001612	facial artery	facial artery	142	0.6280083199985995
CL:1000413	endothelial cell of artery	endothelial cell of artery	UBERON:0001612	facial artery	facial artery	184	0.6280083199985995
CL:1000413	endothelial cell of artery	endothelial cell of artery	UBERON:0001182	superior mesenteric artery	superior mesenteric artery	1818	0.6280083199985995
CL:1000413	endothelial cell of artery	endothelial cell of artery	UBERON:0001612	facial artery	facial artery	162	0.6280083199985995
CL:0002543	vein endothelial cell	endothelial cell of vein	UBERON:0001361	femoral vein	femoral vein	2746	0.4883048503980376
CL:0000359	vascular associated smooth muscle cell	vascular smooth muscle cell	UBERON:0001496	ascending aorta	ascending aorta	42	0.15504480400358034
CL:0010008	cardiac endothelial cell	cardiac endothelial cell	UBERON:0002079	left cardiac atrium	left atrium	11	
CL:0002543	vein endothelial cell	endothelial cell of vein	UBERON:0002079	left cardiac atrium	left atrium	13	
CL:0002543	vein endothelial cell	endothelial cell of vein	UBERON:0002079	left cardiac atrium	left atrium	15	
CL:0002543	vein endothelial cell	endothelial cell of vein	UBERON:0002016	pulmonary vein	pulmonary vein	17	
UBERON:8600052	subsegmental pulmonary vein	subsegmental pulmonary vein	UBERON:0014904	intersegmental pulmonary vein	intersegmental pulmonary vein	20	
UBERON:8600052	subsegmental pulmonary vein	subsegmental pulmonary vein	UBERON:0014904	intersegmental pulmonary vein	intersegmental pulmonary vein	21	
UBERON:8600052	subsegmental pulmonary vein	subsegmental pulmonary vein	UBERON:0014904	intersegmental pulmonary vein	intersegmental pulmonary vein	22	
UBERON:8600052	subsegmental pulmonary vein	subsegmental pulmonary vein	UBERON:0014904	intersegmental pulmonary vein	intersegmental pulmonary vein	23	
UBERON:8600052	subsegmental pulmonary vein	subsegmental pulmonary vein	UBERON:0014904	intersegmental pulmonary vein	intersegmental pulmonary vein	24	
UBERON:8600052	subsegmental pulmonary vein	subsegmental pulmonary vein	UBERON:0014904	intersegmental pulmonary vein	intersegmental pulmonary vein	25	
UBERON:8600052	subsegmental pulmonary vein	subsegmental pulmonary vein	UBERON:0014904	intersegmental pulmonary vein	intersegmental pulmonary vein	26	
UBERON:8600052	subsegmental pulmonary vein	subsegmental pulmonary vein	UBERON:0014904	intersegmental pulmonary vein	intersegmental pulmonary vein	27	
UBERON:8600052	subsegmental pulmonary vein	subsegmental pulmonary vein	UBERON:0014904	intersegmental pulmonary vein	intersegmental pulmonary vein	28	
UBERON:8600052	subsegmental pulmonary vein	subsegmental pulmonary vein	UBERON:0014904	intersegmental pulmonary vein	intersegmental pulmonary vein	29	
CL:0002543	vein endothelial cell	endothelial cell of vein	UBERON:0002079	left cardiac atrium	left atrium	31	
CL:0002543	vein endothelial cell	endothelial cell of vein	UBERON:0002079	left cardiac atrium	left atrium	33	
CL:0010008	cardiac endothelial cell	cardiac endothelial cell	UBERON:0002084	heart left ventricle	left ventricle	34	
CL:1000413	endothelial cell of artery	endothelial cell of artery	UBERON:0001496	ascending aorta	ascending aorta	40	
CL:1000413	endothelial cell of artery	endothelial cell of artery	UBERON:0001508	arch of aorta	aortic arch	44	
CL:0000359	vascular associated smooth muscle cell	vascular smooth muscle cell	UBERON:0001508	arch of aorta	aortic arch	46	
CL:1000413	endothelial cell of artery	endothelial cell of artery	UBERON:0001530	common carotid artery plus branches	common carotid artery	60	
CL:0000359	vascular associated smooth muscle cell	vascular smooth muscle cell	UBERON:0001530	common carotid artery plus branches	common carotid artery	62	
CL:1000413	endothelial cell of artery	endothelial cell of artery	UBERON:0001070	external carotid artery	external carotid artery	64	
CL:1000412	endothelial cell of arteriole	endothelial cell of arteriole	UBERON:0001610	lingual artery	lingual artery	222	
CL:1000413	endothelial cell of artery	endothelial cell of artery	UBERON:0001616	maxillary artery	maxillary artery	228	
CL:1000413	endothelial cell of artery	endothelial cell of artery	UBERON:0001616	maxillary artery	maxillary artery	240	
CL:1000413	endothelial cell of artery	endothelial cell of artery	UBERON:0001616	maxillary artery	maxillary artery	244	
CL:1000412	endothelial cell of arteriole	endothelial cell of arteriole	UBERON:0001616	maxillary artery	maxillary artery	266	
CL:1000412	endothelial cell of arteriole	endothelial cell of arteriole	UBERON:0014693	inferior alveolar artery	inferior alveolar artery	306	
CL:1000412	endothelial cell of arteriole	endothelial cell of arteriole	UBERON:0014693	inferior alveolar artery	inferior alveolar artery	314	
CL:1000412	endothelial cell of arteriole	endothelial cell of arteriole	UBERON:0014693	inferior alveolar artery	inferior alveolar artery	328	
CL:1000413	endothelial cell of artery	endothelial cell of artery	UBERON:0001616	maxillary artery	maxillary artery	350	
CL:1000413	endothelial cell of artery	endothelial cell of artery	UBERON:0001616	maxillary artery	maxillary artery	354	
CL:1000413	endothelial cell of artery	endothelial cell of artery	UBERON:0001616	maxillary artery	maxillary artery	376	
CL:1000413	endothelial cell of artery	endothelial cell of artery	UBERON:0001616	maxillary artery	maxillary artery	380	
CL:1000412	endothelial cell of arteriole	endothelial cell of arteriole	UBERON:0001614	superficial temporal artery	superficial temporal artery	472	
CL:1000413	endothelial cell of artery	endothelial cell of artery	UBERON:0001532	internal carotid artery	internal carotid artery	506	
CL:0000359	vascular associated smooth muscle cell	vascular smooth muscle cell	UBERON:0001532	internal carotid artery	internal carotid artery	508	
CL:1000413	endothelial cell of artery	endothelial cell of artery	UBERON:0001532	internal carotid artery	internal carotid artery	574	
CL:0000359	vascular associated smooth muscle cell	vascular smooth muscle cell	UBERON:0001532	internal carotid artery	internal carotid artery	576	
CL:1000413	endothelial cell of artery	endothelial cell of artery	UBERON:0001627	middle cerebral artery	middle cerebral artery	604	
CL:1000413	endothelial cell of artery	endothelial cell of artery	UBERON:0001627	middle cerebral artery	middle cerebral artery	612	
CL:1000413	endothelial cell of artery	endothelial cell of artery	UBERON:0001627	middle cerebral artery	middle cerebral artery	620	
CL:1000413	endothelial cell of artery	endothelial cell of artery	UBERON:0001627	middle cerebral artery	middle cerebral artery	624	
CL:1000413	endothelial cell of artery	endothelial cell of artery	UBERON:0001627	middle cerebral artery	middle cerebral artery	628	
CL:1000413	endothelial cell of artery	endothelial cell of artery	UBERON:0001627	middle cerebral artery	middle cerebral artery	632	
CL:1000413	endothelial cell of artery	endothelial cell of artery	UBERON:0001627	middle cerebral artery	middle cerebral artery	636	
CL:1000413	endothelial cell of artery	endothelial cell of artery	UBERON:0001627	middle cerebral artery	middle cerebral artery	644	
CL:1000413	endothelial cell of artery	endothelial cell of artery	UBERON:0001627	middle cerebral artery	middle cerebral artery	648	
CL:1000413	endothelial cell of artery	endothelial cell of artery	UBERON:0001619	ophthalmic artery	ophthalmic artery	652	
CL:1000413	endothelial cell of artery	endothelial cell of artery	UBERON:0001619	ophthalmic artery	ophthalmic artery	656	
CL:1000413	endothelial cell of artery	endothelial cell of artery	UBERON:0002270	hyaloid artery	hyaloid artery	676	
CL:1000413	endothelial cell of artery	endothelial cell of artery	UBERON:0001619	ophthalmic artery	ophthalmic artery	700	
CL:1000413	endothelial cell of artery	endothelial cell of artery	UBERON:0001619	ophthalmic artery	ophthalmic artery	712	
CL:1000413	endothelial cell of artery	endothelial cell of artery	UBERON:0001514	descending aorta	descending aorta	742	
CL:0000359	vascular associated smooth muscle cell	vascular smooth muscle cell	UBERON:0001514	descending aorta	descending aorta	744	
CL:1000413	endothelial cell of artery	endothelial cell of artery	UBERON:0002345	descending thoracic aorta	descending thoracic aorta	746	
CL:1000413	endothelial cell of artery	endothelial cell of artery	UBERON:0001516	abdominal aorta	abdominal aorta	750	
CL:0000359	vascular associated smooth muscle cell	vascular smooth muscle cell	UBERON:0001516	abdominal aorta	abdominal aorta	752	
CL:1000413	endothelial cell of artery	endothelial cell of artery	UBERON:0001640	celiac artery	celiac artery	754	
CL:1000412	endothelial cell of arteriole	endothelial cell of arteriole	UBERON:0010401	spleen central arteriole	spleen central arteriole	922	
CL:1000412	endothelial cell of arteriole	endothelial cell of arteriole	UBERON:0010401	spleen central arteriole	spleen central arteriole	926	
CL:1000412	endothelial cell of arteriole	endothelial cell of arteriole	UBERON:0010401	spleen central arteriole	spleen central arteriole	945	
CL:1000413	endothelial cell of artery	endothelial cell of artery	UBERON:0001191	common iliac artery	common iliac artery	1011	
CL:1000413	endothelial cell of artery	endothelial cell of artery	UBERON:0001309	internal iliac artery	internal iliac artery	1383	
CL:1000413	endothelial cell of artery	endothelial cell of artery	UBERON:0001309	internal iliac artery	internal iliac artery	1387	
CL:1000413	endothelial cell of artery	endothelial cell of artery	UBERON:0007315	internal pudendal artery	internal pudendal artery	1417	
CL:1000413	endothelial cell of artery	endothelial cell of artery	UBERON:0007315	internal pudendal artery	internal pudendal artery	1465	
CL:1000413	endothelial cell of artery	endothelial cell of artery	UBERON:0007315	internal pudendal artery	internal pudendal artery	1469	
CL:1000413	endothelial cell of artery	endothelial cell of artery	UBERON:0001310	umbilical artery	umbilical artery	1505	
UBERON:8600041	chorionic terminal villous capillary	chorionic terminal villous capillary	UBERON:0001310	umbilical artery	umbilical artery	1508	
UBERON:8600041	chorionic terminal villous capillary	chorionic terminal villous capillary	UBERON:0001310	umbilical artery	umbilical artery	1509	
UBERON:8600041	chorionic terminal villous capillary	chorionic terminal villous capillary	UBERON:0001310	umbilical artery	umbilical artery	1510	
UBERON:0005192	deferent duct artery	deferent duct artery	UBERON:0001310	umbilical artery	umbilical artery	1511	
UBERON:0005192	deferent duct artery	deferent duct artery	UBERON:0001310	umbilical artery	umbilical artery	1512	
UBERON:0005192	deferent duct artery	deferent duct artery	UBERON:0001310	umbilical artery	umbilical artery	1513	
UBERON:0005192	deferent duct artery	deferent duct artery	UBERON:0001310	umbilical artery	umbilical artery	1514	
CL:1000413	endothelial cell of artery	endothelial cell of artery	UBERON:0001309	internal iliac artery	internal iliac artery	1536	
CL:1000413	endothelial cell of artery	endothelial cell of artery	UBERON:0001516	abdominal aorta	abdominal aorta	1650	
CL:0000359	vascular associated smooth muscle cell	vascular smooth muscle cell	UBERON:0001516	abdominal aorta	abdominal aorta	1652	
CL:1000413	endothelial cell of artery	endothelial cell of artery	UBERON:0001516	abdominal aorta	abdominal aorta	1654	
CL:0000359	vascular associated smooth muscle cell	vascular smooth muscle cell	UBERON:0001516	abdominal aorta	abdominal aorta	1656	
CL:1000413	endothelial cell of artery	endothelial cell of artery	UBERON:0001516	abdominal aorta	abdominal aorta	1658	
CL:0000359	vascular associated smooth muscle cell	vascular smooth muscle cell	UBERON:0001516	abdominal aorta	abdominal aorta	1660	
CL:1000413	endothelial cell of artery	endothelial cell of artery	UBERON:0001516	abdominal aorta	abdominal aorta	1662	
CL:0000359	vascular associated smooth muscle cell	vascular smooth muscle cell	UBERON:0001516	abdominal aorta	abdominal aorta	1664	
CL:1000413	endothelial cell of artery	endothelial cell of artery	UBERON:0001516	abdominal aorta	abdominal aorta	1666	
CL:0000359	vascular associated smooth muscle cell	vascular smooth muscle cell	UBERON:0001516	abdominal aorta	abdominal aorta	1668	
CL:1000413	endothelial cell of artery	endothelial cell of artery	UBERON:0001516	abdominal aorta	abdominal aorta	1670	
CL:0000359	vascular associated smooth muscle cell	vascular smooth muscle cell	UBERON:0001516	abdominal aorta	abdominal aorta	1672	
CL:1000413	endothelial cell of artery	endothelial cell of artery	UBERON:0001516	abdominal aorta	abdominal aorta	1674	
CL:0000359	vascular associated smooth muscle cell	vascular smooth muscle cell	UBERON:0001516	abdominal aorta	abdominal aorta	1676	
CL:1000413	endothelial cell of artery	endothelial cell of artery	UBERON:0001516	abdominal aorta	abdominal aorta	1678	
CL:0000359	vascular associated smooth muscle cell	vascular smooth muscle cell	UBERON:0001516	abdominal aorta	abdominal aorta	1680	
CL:1000413	endothelial cell of artery	endothelial cell of artery	UBERON:0001184	renal artery	renal artery	1710	
CL:1000413	endothelial cell of artery	endothelial cell of artery	UBERON:0001184	renal artery	renal artery	1714	
CL:1000413	endothelial cell of artery	endothelial cell of artery	UBERON:0001184	renal artery	renal artery	1718	
CL:1000413	endothelial cell of artery	endothelial cell of artery	UBERON:0001184	renal artery	renal artery	1722	
CL:1000413	endothelial cell of artery	endothelial cell of artery	UBERON:0001184	renal artery	renal artery	1730	
CL:1000413	endothelial cell of artery	endothelial cell of artery	UBERON:0001184	renal artery	renal artery	1734	
UBERON:0009202	descending vasa recta	descending vasa recta of kidney	UBERON:0004640	renal efferent arteriole	renal efferent arteriole	1759	
UBERON:0009202	descending vasa recta	descending vasa recta of kidney	UBERON:0004640	renal efferent arteriole	renal efferent arteriole	1760	
UBERON:0009202	descending vasa recta	descending vasa recta of kidney	UBERON:0004640	renal efferent arteriole	renal efferent arteriole	1761	
UBERON:0009202	descending vasa recta	descending vasa recta of kidney	UBERON:0004640	renal efferent arteriole	renal efferent arteriole	1762	
CL:0002144	capillary endothelial cell	capillary endothelial cell	UBERON:0004726	vasa recta	vasa recta of kidney	1762	
CL:1000413	endothelial cell of artery	endothelial cell of artery	UBERON:0001184	renal artery	renal artery	1766	
CL:1000413	endothelial cell of artery	endothelial cell of artery	UBERON:0001516	abdominal aorta	abdominal aorta	1778	
CL:0000359	vascular associated smooth muscle cell	vascular smooth muscle cell	UBERON:0001516	abdominal aorta	abdominal aorta	1780	
CL:1000413	endothelial cell of artery	endothelial cell of artery	UBERON:0001516	abdominal aorta	abdominal aorta	1782	
CL:0000359	vascular associated smooth muscle cell	vascular smooth muscle cell	UBERON:0001516	abdominal aorta	abdominal aorta	1784	
CL:1000413	endothelial cell of artery	endothelial cell of artery	UBERON:0001516	abdominal aorta	abdominal aorta	1786	
CL:0000359	vascular associated smooth muscle cell	vascular smooth muscle cell	UBERON:0001516	abdominal aorta	abdominal aorta	1788	
CL:1000413	endothelial cell of artery	endothelial cell of artery	UBERON:0001516	abdominal aorta	abdominal aorta	1790	
CL:0000359	vascular associated smooth muscle cell	vascular smooth muscle cell	UBERON:0001516	abdominal aorta	abdominal aorta	1792	
CL:1000413	endothelial cell of artery	endothelial cell of artery	UBERON:0001516	abdominal aorta	abdominal aorta	1794	
CL:0000359	vascular associated smooth muscle cell	vascular smooth muscle cell	UBERON:0001516	abdominal aorta	abdominal aorta	1796	
CL:1000413	endothelial cell of artery	endothelial cell of artery	UBERON:0001516	abdominal aorta	abdominal aorta	1798	
CL:0000359	vascular associated smooth muscle cell	vascular smooth muscle cell	UBERON:0001516	abdominal aorta	abdominal aorta	1800	
CL:1000413	endothelial cell of artery	endothelial cell of artery	UBERON:0001516	abdominal aorta	abdominal aorta	1802	
CL:0000359	vascular associated smooth muscle cell	vascular smooth muscle cell	UBERON:0001516	abdominal aorta	abdominal aorta	1804	
CL:1000413	endothelial cell of artery	endothelial cell of artery	UBERON:0001516	abdominal aorta	abdominal aorta	1806	
CL:0000359	vascular associated smooth muscle cell	vascular smooth muscle cell	UBERON:0001516	abdominal aorta	abdominal aorta	1808	
UBERON:0002040	bronchial artery	bronchial artery	UBERON:0002345	descending thoracic aorta	descending thoracic aorta	1893	
UBERON:0002040	bronchial artery	bronchial artery	UBERON:0002345	descending thoracic aorta	descending thoracic aorta	1894	
UBERON:0002040	bronchial artery	bronchial artery	UBERON:0002345	descending thoracic aorta	descending thoracic aorta	1895	
UBERON:0002040	bronchial artery	bronchial artery	UBERON:0002345	descending thoracic aorta	descending thoracic aorta	1896	
UBERON:0002040	bronchial artery	bronchial artery	UBERON:0002345	descending thoracic aorta	descending thoracic aorta	1897	
UBERON:0002040	bronchial artery	bronchial artery	UBERON:0002345	descending thoracic aorta	descending thoracic aorta	1898	
UBERON:0002040	bronchial artery	bronchial artery	UBERON:0002345	descending thoracic aorta	descending thoracic aorta	1899	
UBERON:0002040	bronchial artery	bronchial artery	UBERON:0002345	descending thoracic aorta	descending thoracic aorta	1900	
UBERON:0002040	bronchial artery	bronchial artery	UBERON:0002345	descending thoracic aorta	descending thoracic aorta	1901	
UBERON:0002040	bronchial artery	bronchial artery	UBERON:0002345	descending thoracic aorta	descending thoracic aorta	1902	
CL:1000413	endothelial cell of artery	endothelial cell of artery	UBERON:0002345	descending thoracic aorta	descending thoracic aorta	1908	
CL:1000413	endothelial cell of artery	endothelial cell of artery	UBERON:0002345	descending thoracic aorta	descending thoracic aorta	1912	
CL:1000413	endothelial cell of artery	endothelial cell of artery	UBERON:0002345	descending thoracic aorta	descending thoracic aorta	1916	
CL:1000413	endothelial cell of artery	endothelial cell of artery	UBERON:0002345	descending thoracic aorta	descending thoracic aorta	1920	
CL:1000413	endothelial cell of artery	endothelial cell of artery	UBERON:0002345	descending thoracic aorta	descending thoracic aorta	1924	
CL:1000413	endothelial cell of artery	endothelial cell of artery	UBERON:0002345	descending thoracic aorta	descending thoracic aorta	1928	
CL:1000413	endothelial cell of artery	endothelial cell of artery	UBERON:0002345	descending thoracic aorta	descending thoracic aorta	1932	
CL:1000413	endothelial cell of artery	endothelial cell of artery	UBERON:0002345	descending thoracic aorta	descending thoracic aorta	1936	
CL:1000413	endothelial cell of artery	endothelial cell of artery	UBERON:0002345	descending thoracic aorta	descending thoracic aorta	1940	
CL:1000413	endothelial cell of artery	endothelial cell of artery	UBERON:0002345	descending thoracic aorta	descending thoracic aorta	1944	
CL:1000413	endothelial cell of artery	endothelial cell of artery	UBERON:0002345	descending thoracic aorta	descending thoracic aorta	1948	
CL:1000413	endothelial cell of artery	endothelial cell of artery	UBERON:0002345	descending thoracic aorta	descending thoracic aorta	1952	
CL:1000413	endothelial cell of artery	endothelial cell of artery	UBERON:0002345	descending thoracic aorta	descending thoracic aorta	1956	
CL:1000413	endothelial cell of artery	endothelial cell of artery	UBERON:0002345	descending thoracic aorta	descending thoracic aorta	1964	
CL:1000413	endothelial cell of artery	endothelial cell of artery	UBERON:0002345	descending thoracic aorta	descending thoracic aorta	1972	
CL:1000413	endothelial cell of artery	endothelial cell of artery	UBERON:0002345	descending thoracic aorta	descending thoracic aorta	1976	
CL:1000413	endothelial cell of artery	endothelial cell of artery	UBERON:0002345	descending thoracic aorta	descending thoracic aorta	1980	
CL:1000413	endothelial cell of artery	endothelial cell of artery	UBERON:0002345	descending thoracic aorta	descending thoracic aorta	1984	
CL:1000413	endothelial cell of artery	endothelial cell of artery	UBERON:0002345	descending thoracic aorta	descending thoracic aorta	1988	
CL:1000413	endothelial cell of artery	endothelial cell of artery	UBERON:0002345	descending thoracic aorta	descending thoracic aorta	1992	
CL:1000413	endothelial cell of artery	endothelial cell of artery	UBERON:0002345	descending thoracic aorta	descending thoracic aorta	1996	
CL:1000413	endothelial cell of artery	endothelial cell of artery	UBERON:0002345	descending thoracic aorta	descending thoracic aorta	2000	
CL:1000413	endothelial cell of artery	endothelial cell of artery	UBERON:0002345	descending thoracic aorta	descending thoracic aorta	2004	
CL:1000413	endothelial cell of artery	endothelial cell of artery	UBERON:0002345	descending thoracic aorta	descending thoracic aorta	2008	
CL:1000413	endothelial cell of artery	endothelial cell of artery	UBERON:0002345	descending thoracic aorta	descending thoracic aorta	2012	
CL:1000413	endothelial cell of artery	endothelial cell of artery	UBERON:0002345	descending thoracic aorta	descending thoracic aorta	2016	
CL:1000413	endothelial cell of artery	endothelial cell of artery	UBERON:0002345	descending thoracic aorta	descending thoracic aorta	2020	
CL:1000413	endothelial cell of artery	endothelial cell of artery	UBERON:0002345	descending thoracic aorta	descending thoracic aorta	2028	
CL:1000413	endothelial cell of artery	endothelial cell of artery	UBERON:0001533	subclavian artery	subclavian artery	2044	
CL:1000413	endothelial cell of artery	endothelial cell of artery	UBERON:0001533	subclavian artery	subclavian artery	2408	
CL:1000413	endothelial cell of artery	endothelial cell of artery	UBERON:0002456	internal thoracic artery	internal thoracic artery	2412	
CL:1000413	endothelial cell of artery	endothelial cell of artery	UBERON:0002456	internal thoracic artery	internal thoracic artery	2416	
CL:1000413	endothelial cell of artery	endothelial cell of artery	UBERON:0002456	internal thoracic artery	internal thoracic artery	2420	
CL:1000413	endothelial cell of artery	endothelial cell of artery	UBERON:0002456	internal thoracic artery	internal thoracic artery	2424	
CL:1000413	endothelial cell of artery	endothelial cell of artery	UBERON:0002456	internal thoracic artery	internal thoracic artery	2428	
CL:1000413	endothelial cell of artery	endothelial cell of artery	UBERON:0002456	internal thoracic artery	internal thoracic artery	2432	
CL:1000413	endothelial cell of artery	endothelial cell of artery	UBERON:0002456	internal thoracic artery	internal thoracic artery	2436	
CL:1000413	endothelial cell of artery	endothelial cell of artery	UBERON:0002456	internal thoracic artery	internal thoracic artery	2440	
CL:1000413	endothelial cell of artery	endothelial cell of artery	UBERON:0002456	internal thoracic artery	internal thoracic artery	2464	
CL:1000412	endothelial cell of arteriole	endothelial cell of arteriole	UBERON:0018243	thymic artery	thymic artery	2480	
CL:1000413	endothelial cell of artery	endothelial cell of artery	UBERON:0001535	vertebral artery	vertebral artery	2550	
CL:1000413	endothelial cell of artery	endothelial cell of artery	UBERON:0001633	basilar artery	basilar artery	2562	
CL:1000413	endothelial cell of artery	endothelial cell of artery	UBERON:0001633	basilar artery	basilar artery	2598	
CL:1000413	endothelial cell of artery	endothelial cell of artery	UBERON:0001633	basilar artery	basilar artery	2602	
CL:1000413	endothelial cell of artery	endothelial cell of artery	UBERON:0001535	vertebral artery	vertebral artery	2650	
UBERON:8600064	posterolateral artery	posterolateral artery	UBERON:0035422	circumflex branch of left coronary artery	left circumflex artery	2689	
UBERON:8600064	posterolateral artery	posterolateral artery	UBERON:0035422	circumflex branch of left coronary artery	left circumflex artery	2690	
UBERON:8600064	posterolateral artery	posterolateral artery	UBERON:0035422	circumflex branch of left coronary artery	left circumflex artery	2691	
UBERON:8600064	posterolateral artery	posterolateral artery	UBERON:0035422	circumflex branch of left coronary artery	left circumflex artery	2692	
UBERON:0039232	conus artery	conus artery	UBERON:0001625	right coronary artery	right coronary artery	2701	
UBERON:0039232	conus artery	conus artery	UBERON:0001625	right coronary artery	right coronary artery	2702	
UBERON:0039232	conus artery	conus artery	UBERON:0001625	right coronary artery	right coronary artery	2703	
UBERON:0039232	conus artery	conus artery	UBERON:0001625	right coronary artery	right coronary artery	2704	
CL:0010008	cardiac endothelial cell	cardiac endothelial cell	UBERON:0002078	right cardiac atrium	right atrium	2721	
CL:0002543	vein endothelial cell	endothelial cell of vein	UBERON:0002078	right cardiac atrium	right atrium	2723	
CL:0002543	vein endothelial cell	endothelial cell of vein	UBERON:0005438	coronary sinus	coronary sinus	2732	
CL:0002543	vein endothelial cell	endothelial cell of vein	UBERON:0005438	coronary sinus	coronary sinus	2734	
CL:0002543	vein endothelial cell	endothelial cell of vein	UBERON:0001072	inferior vena cava	inferior vena cava	2738	
CL:0002543	vein endothelial cell	endothelial cell of vein	UBERON:0001317	internal iliac vein	internal iliac vein	2818	
CL:0002543	vein endothelial cell	endothelial cell of vein	UBERON:0001317	internal iliac vein	internal iliac vein	2826	
CL:0002543	vein endothelial cell	endothelial cell of vein	UBERON:0001317	internal iliac vein	internal iliac vein	2850	
UBERON:0008889	uterine venous plexus	uterine venous plexus	UBERON:8600058	uterine vein	uterine vein	2855	
UBERON:0008889	uterine venous plexus	uterine venous plexus	UBERON:8600058	uterine vein	uterine vein	2856	
CL:0002543	vein endothelial cell	endothelial cell of vein	UBERON:0001072	inferior vena cava	inferior vena cava	2864	
CL:0002144	capillary endothelial cell	capillary endothelial cell	UBERON:0001281	hepatic sinusoid	hepatic sinusoid	2876	
CL:1000414	endothelial cell of venule	endothelial cell of venule	UBERON:0010400	spleen trabecular vein	spleen trabecular vein	2947	
CL:0002543	vein endothelial cell	endothelial cell of vein	UBERON:0001138	superior mesenteric vein	superior mesenteric vein	2952	
CL:0002543	vein endothelial cell	endothelial cell of vein	UBERON:0001138	superior mesenteric vein	superior mesenteric vein	2954	
CL:0002543	vein endothelial cell	endothelial cell of vein	UBERON:0001138	superior mesenteric vein	superior mesenteric vein	2976	
CL:0002543	vein endothelial cell	endothelial cell of vein	UBERON:0001138	superior mesenteric vein	superior mesenteric vein	2982	
CL:1000414	endothelial cell of venule	endothelial cell of venule	UBERON:0005168	renal interlobular vein	interlobular renal vein	3082	
UBERON:0010181	straight venules of kidney	straight venule of kidney	UBERON:0005168	renal interlobular vein	interlobular renal vein	3083	
UBERON:0010181	straight venules of kidney	straight venule of kidney	UBERON:0005168	renal interlobular vein	interlobular renal vein	3084	
UBERON:0010181	straight venules of kidney	straight venule of kidney	UBERON:0005168	renal interlobular vein	interlobular renal vein	3085	
UBERON:0010181	straight venules of kidney	straight venule of kidney	UBERON:0005168	renal interlobular vein	interlobular renal vein	3086	
CL:0002543	vein endothelial cell	endothelial cell of vein	UBERON:0001072	inferior vena cava	inferior vena cava	3088	
CL:0002543	vein endothelial cell	endothelial cell of vein	UBERON:0001072	inferior vena cava	inferior vena cava	3098	
CL:0002543	vein endothelial cell	endothelial cell of vein	UBERON:0001072	inferior vena cava	inferior vena cava	3100	
CL:0002543	vein endothelial cell	endothelial cell of vein	UBERON:0002078	right cardiac atrium	right atrium	3112	
CL:0002543	vein endothelial cell	endothelial cell of vein	UBERON:0001585	anterior vena cava	superior vena cava	3114	
CL:0002543	vein endothelial cell	endothelial cell of vein	UBERON:0001594	azygos vein	azygos vein	3116	
CL:0002543	vein endothelial cell	endothelial cell of vein	UBERON:0001594	azygos vein	azygos vein	3156	
CL:0002543	vein endothelial cell	endothelial cell of vein	UBERON:0001594	azygos vein	azygos vein	3158	
CL:0002543	vein endothelial cell	endothelial cell of vein	UBERON:0001594	azygos vein	azygos vein	3160	
CL:0002543	vein endothelial cell	endothelial cell of vein	UBERON:0001594	azygos vein	azygos vein	3162	
CL:0002543	vein endothelial cell	endothelial cell of vein	UBERON:0001594	azygos vein	azygos vein	3164	
CL:0002543	vein endothelial cell	endothelial cell of vein	UBERON:0001594	azygos vein	azygos vein	3166	
CL:0002543	vein endothelial cell	endothelial cell of vein	UBERON:0001594	azygos vein	azygos vein	3168	
CL:0002543	vein endothelial cell	endothelial cell of vein	UBERON:0001594	azygos vein	azygos vein	3170	
CL:0002543	vein endothelial cell	endothelial cell of vein	UBERON:0003711	brachiocephalic vein	brachiocephalic vein	3186	
CL:0002543	vein endothelial cell	endothelial cell of vein	UBERON:0001586	internal jugular vein	internal jugular vein	3196	
CL:0002543	vein endothelial cell	endothelial cell of vein	UBERON:0001586	internal jugular vein	internal jugular vein	3198	
CL:1000414	endothelial cell of venule	endothelial cell of venule	UBERON:0001656	retromandibular vein	retromandibular vein	3204	
CL:1000414	endothelial cell of venule	endothelial cell of venule	UBERON:0001656	retromandibular vein	retromandibular vein	3238	
CL:0002543	vein endothelial cell	endothelial cell of vein	UBERON:0001653	facial vein	facial vein	3242	
CL:1000414	endothelial cell of venule	endothelial cell of venule	UBERON:0006634	lingual vein	lingual vein	3327	
CL:0002543	vein endothelial cell	endothelial cell of vein	UBERON:0001585	anterior vena cava	superior vena cava	3503	
CL:0002543	vein endothelial cell	endothelial cell of vein	UBERON:0001585	anterior vena cava	superior vena cava	3515	
CL:0010008	cardiac endothelial cell	cardiac endothelial cell	UBERON:0002080	heart right ventricle	right ventricle	3516	
CL:1000413	endothelial cell of artery	endothelial cell of artery	UBERON:0002333	pulmonary trunk	pulmonary trunk	3518	
