s	slabel	user_slabel	o	olabel	user_olabel	row_number	deltaIC
CL:2000032	peripheral nervous system neuron	peripheral nervous system neuron	UBERON:8410063	myenteric nerve plexus of small intestine	myenteric nerve plexus of small intestine	1207	49.11608209249147
CL:2000032	peripheral nervous system neuron	peripheral nervous system neuron	UBERON:8410063	myenteric nerve plexus of small intestine	myenteric nerve plexus of small intestine	1210	49.11608209249147
CL:2000032	peripheral nervous system neuron	peripheral nervous system neuron	UBERON:8410063	myenteric nerve plexus of small intestine	myenteric nerve plexus of small intestine	1214	49.11608209249147
CL:2000032	peripheral nervous system neuron	peripheral nervous system neuron	UBERON:8410063	myenteric nerve plexus of small intestine	myenteric nerve plexus of small intestine	1213	49.11608209249147
CL:2000032	peripheral nervous system neuron	peripheral nervous system neuron	UBERON:8410063	myenteric nerve plexus of small intestine	myenteric nerve plexus of small intestine	1212	49.11608209249147
CL:2000032	peripheral nervous system neuron	peripheral nervous system neuron	UBERON:8410063	myenteric nerve plexus of small intestine	myenteric nerve plexus of small intestine	1211	49.11608209249147
CL:2000032	peripheral nervous system neuron	peripheral nervous system neuron	UBERON:8410063	myenteric nerve plexus of small intestine	myenteric nerve plexus of small intestine	1209	49.11608209249147
CL:2000032	peripheral nervous system neuron	peripheral nervous system neuron	UBERON:8410063	myenteric nerve plexus of small intestine	myenteric nerve plexus of small intestine	1208	49.11608209249147
CL:0000101	sensory neuron	sensory neuron	UBERON:0002837	Sacral dorsal root ganglion	Sacral dorsal root ganglion	1175	39.45911365319892
CL:0000101	sensory neuron	sensory neuron	UBERON:0002837	Sacral dorsal root ganglion	Sacral dorsal root ganglion	1177	39.45911365319892
CL:0000101	sensory neuron	sensory neuron	UBERON:0002834	Cervical dorsal root ganglion	Cervical dorsal root ganglion	1117	36.78746344874195
CL:0000101	sensory neuron	sensory neuron	UBERON:0002834	Cervical dorsal root ganglion	Cervical dorsal root ganglion	1119	36.78746344874195
CL:2000032	peripheral nervous system neuron	peripheral nervous system neuron	UBERON:0002058	main ciliary ganglion	main ciliary ganglion	1100	35.414433519309725
CL:0000101	sensory neuron	sensory neuron	UBERON:0002835	Thoracic dorsal root ganglion	Thoracic dorsal root ganglion	1138	34.36448804503937
CL:0000101	sensory neuron	sensory neuron	UBERON:0002835	Thoracic dorsal root ganglion	Thoracic dorsal root ganglion	1136	34.36448804503937
CL:0000101	sensory neuron	sensory neuron	UBERON:0002836	Lumbar dorsal root ganglion	Lumbar dorsal root ganglion	1159	31.52601626820786
CL:0000101	sensory neuron	sensory neuron	UBERON:0002836	Lumbar dorsal root ganglion	Lumbar dorsal root ganglion	1161	31.52601626820786
UBERON:0002211	nerve root	nerve root	UBERON:0001148	median nerve	median nerve	551	18.880212897995946
UBERON:0002211	nerve root	nerve root	UBERON:0001148	median nerve	median nerve	550	18.880212897995946
CL:0011103	sympathetic neuron	sympathetic neuron	UBERON:0014463	cardiac ganglion	cardiac ganglion	1028	15.334665877819617
UBERON:0001322	sciatic nerve	sciatic nerve	UBERON:0034986	sacral nerve plexus	sacral plexus	780	14.65826737595441
UBERON:0001322	sciatic nerve	sciatic nerve	UBERON:0034986	sacral nerve plexus	sacral plexus	784	14.65826737595441
UBERON:0001322	sciatic nerve	sciatic nerve	UBERON:0034986	sacral nerve plexus	sacral plexus	781	14.65826737595441
UBERON:0001322	sciatic nerve	sciatic nerve	UBERON:0034986	sacral nerve plexus	sacral plexus	782	14.65826737595441
UBERON:0001322	sciatic nerve	sciatic nerve	UBERON:0034986	sacral nerve plexus	sacral plexus	811	14.65826737595441
UBERON:0001322	sciatic nerve	sciatic nerve	UBERON:0034986	sacral nerve plexus	sacral plexus	785	14.65826737595441
UBERON:0001322	sciatic nerve	sciatic nerve	UBERON:0034986	sacral nerve plexus	sacral plexus	786	14.65826737595441
UBERON:0001322	sciatic nerve	sciatic nerve	UBERON:0034986	sacral nerve plexus	sacral plexus	787	14.65826737595441
UBERON:0001322	sciatic nerve	sciatic nerve	UBERON:0034986	sacral nerve plexus	sacral plexus	778	14.65826737595441
UBERON:0001322	sciatic nerve	sciatic nerve	UBERON:0034986	sacral nerve plexus	sacral plexus	779	14.65826737595441
UBERON:0001322	sciatic nerve	sciatic nerve	UBERON:0034986	sacral nerve plexus	sacral plexus	768	14.65826737595441
UBERON:0001322	sciatic nerve	sciatic nerve	UBERON:0034986	sacral nerve plexus	sacral plexus	777	14.65826737595441
UBERON:0001322	sciatic nerve	sciatic nerve	UBERON:0034986	sacral nerve plexus	sacral plexus	776	14.65826737595441
UBERON:0001322	sciatic nerve	sciatic nerve	UBERON:0034986	sacral nerve plexus	sacral plexus	775	14.65826737595441
UBERON:0001322	sciatic nerve	sciatic nerve	UBERON:0034986	sacral nerve plexus	sacral plexus	774	14.65826737595441
UBERON:0001322	sciatic nerve	sciatic nerve	UBERON:0034986	sacral nerve plexus	sacral plexus	773	14.65826737595441
UBERON:0001322	sciatic nerve	sciatic nerve	UBERON:0034986	sacral nerve plexus	sacral plexus	772	14.65826737595441
UBERON:0001322	sciatic nerve	sciatic nerve	UBERON:0034986	sacral nerve plexus	sacral plexus	771	14.65826737595441
UBERON:0001322	sciatic nerve	sciatic nerve	UBERON:0034986	sacral nerve plexus	sacral plexus	770	14.65826737595441
UBERON:0001322	sciatic nerve	sciatic nerve	UBERON:0034986	sacral nerve plexus	sacral plexus	769	14.65826737595441
UBERON:0001322	sciatic nerve	sciatic nerve	UBERON:0034986	sacral nerve plexus	sacral plexus	789	14.65826737595441
UBERON:0001322	sciatic nerve	sciatic nerve	UBERON:0034986	sacral nerve plexus	sacral plexus	788	14.65826737595441
UBERON:0001322	sciatic nerve	sciatic nerve	UBERON:0034986	sacral nerve plexus	sacral plexus	799	14.65826737595441
UBERON:0001322	sciatic nerve	sciatic nerve	UBERON:0034986	sacral nerve plexus	sacral plexus	790	14.65826737595441
UBERON:0001322	sciatic nerve	sciatic nerve	UBERON:0034986	sacral nerve plexus	sacral plexus	791	14.65826737595441
UBERON:0001322	sciatic nerve	sciatic nerve	UBERON:0034986	sacral nerve plexus	sacral plexus	810	14.65826737595441
UBERON:0001322	sciatic nerve	sciatic nerve	UBERON:0034986	sacral nerve plexus	sacral plexus	809	14.65826737595441
UBERON:0001322	sciatic nerve	sciatic nerve	UBERON:0034986	sacral nerve plexus	sacral plexus	808	14.65826737595441
UBERON:0001322	sciatic nerve	sciatic nerve	UBERON:0034986	sacral nerve plexus	sacral plexus	807	14.65826737595441
UBERON:0001322	sciatic nerve	sciatic nerve	UBERON:0034986	sacral nerve plexus	sacral plexus	806	14.65826737595441
UBERON:0001322	sciatic nerve	sciatic nerve	UBERON:0034986	sacral nerve plexus	sacral plexus	805	14.65826737595441
UBERON:0001322	sciatic nerve	sciatic nerve	UBERON:0034986	sacral nerve plexus	sacral plexus	804	14.65826737595441
UBERON:0001322	sciatic nerve	sciatic nerve	UBERON:0034986	sacral nerve plexus	sacral plexus	803	14.65826737595441
UBERON:0001322	sciatic nerve	sciatic nerve	UBERON:0034986	sacral nerve plexus	sacral plexus	802	14.65826737595441
UBERON:0001322	sciatic nerve	sciatic nerve	UBERON:0034986	sacral nerve plexus	sacral plexus	801	14.65826737595441
UBERON:0001322	sciatic nerve	sciatic nerve	UBERON:0034986	sacral nerve plexus	sacral plexus	800	14.65826737595441
UBERON:0001322	sciatic nerve	sciatic nerve	UBERON:0034986	sacral nerve plexus	sacral plexus	766	14.65826737595441
UBERON:0001322	sciatic nerve	sciatic nerve	UBERON:0034986	sacral nerve plexus	sacral plexus	798	14.65826737595441
UBERON:0001322	sciatic nerve	sciatic nerve	UBERON:0034986	sacral nerve plexus	sacral plexus	797	14.65826737595441
UBERON:0001322	sciatic nerve	sciatic nerve	UBERON:0034986	sacral nerve plexus	sacral plexus	796	14.65826737595441
UBERON:0001322	sciatic nerve	sciatic nerve	UBERON:0034986	sacral nerve plexus	sacral plexus	795	14.65826737595441
UBERON:0001322	sciatic nerve	sciatic nerve	UBERON:0034986	sacral nerve plexus	sacral plexus	794	14.65826737595441
UBERON:0001322	sciatic nerve	sciatic nerve	UBERON:0034986	sacral nerve plexus	sacral plexus	793	14.65826737595441
UBERON:0001322	sciatic nerve	sciatic nerve	UBERON:0034986	sacral nerve plexus	sacral plexus	792	14.65826737595441
UBERON:0001322	sciatic nerve	sciatic nerve	UBERON:0034986	sacral nerve plexus	sacral plexus	767	14.65826737595441
UBERON:0001322	sciatic nerve	sciatic nerve	UBERON:0034986	sacral nerve plexus	sacral plexus	783	14.65826737595441
UBERON:0001322	sciatic nerve	sciatic nerve	UBERON:0034986	sacral nerve plexus	sacral plexus	765	14.65826737595441
UBERON:0001322	sciatic nerve	sciatic nerve	UBERON:0034986	sacral nerve plexus	sacral plexus	727	14.65826737595441
UBERON:0001322	sciatic nerve	sciatic nerve	UBERON:0034986	sacral nerve plexus	sacral plexus	737	14.65826737595441
UBERON:0001322	sciatic nerve	sciatic nerve	UBERON:0034986	sacral nerve plexus	sacral plexus	736	14.65826737595441
UBERON:0001322	sciatic nerve	sciatic nerve	UBERON:0034986	sacral nerve plexus	sacral plexus	735	14.65826737595441
UBERON:0001322	sciatic nerve	sciatic nerve	UBERON:0034986	sacral nerve plexus	sacral plexus	734	14.65826737595441
UBERON:0001322	sciatic nerve	sciatic nerve	UBERON:0034986	sacral nerve plexus	sacral plexus	733	14.65826737595441
UBERON:0001322	sciatic nerve	sciatic nerve	UBERON:0034986	sacral nerve plexus	sacral plexus	732	14.65826737595441
UBERON:0001322	sciatic nerve	sciatic nerve	UBERON:0034986	sacral nerve plexus	sacral plexus	731	14.65826737595441
UBERON:0001322	sciatic nerve	sciatic nerve	UBERON:0034986	sacral nerve plexus	sacral plexus	730	14.65826737595441
UBERON:0001322	sciatic nerve	sciatic nerve	UBERON:0034986	sacral nerve plexus	sacral plexus	729	14.65826737595441
UBERON:0001322	sciatic nerve	sciatic nerve	UBERON:0034986	sacral nerve plexus	sacral plexus	728	14.65826737595441
UBERON:0001322	sciatic nerve	sciatic nerve	UBERON:0034986	sacral nerve plexus	sacral plexus	726	14.65826737595441
UBERON:0001322	sciatic nerve	sciatic nerve	UBERON:0034986	sacral nerve plexus	sacral plexus	739	14.65826737595441
UBERON:0001322	sciatic nerve	sciatic nerve	UBERON:0034986	sacral nerve plexus	sacral plexus	725	14.65826737595441
UBERON:0001322	sciatic nerve	sciatic nerve	UBERON:0034986	sacral nerve plexus	sacral plexus	724	14.65826737595441
UBERON:0001322	sciatic nerve	sciatic nerve	UBERON:0034986	sacral nerve plexus	sacral plexus	723	14.65826737595441
UBERON:0001322	sciatic nerve	sciatic nerve	UBERON:0034986	sacral nerve plexus	sacral plexus	722	14.65826737595441
UBERON:0001322	sciatic nerve	sciatic nerve	UBERON:0034986	sacral nerve plexus	sacral plexus	721	14.65826737595441
UBERON:0001322	sciatic nerve	sciatic nerve	UBERON:0034986	sacral nerve plexus	sacral plexus	720	14.65826737595441
UBERON:0001322	sciatic nerve	sciatic nerve	UBERON:0034986	sacral nerve plexus	sacral plexus	719	14.65826737595441
UBERON:0001322	sciatic nerve	sciatic nerve	UBERON:0034986	sacral nerve plexus	sacral plexus	718	14.65826737595441
UBERON:0001322	sciatic nerve	sciatic nerve	UBERON:0034986	sacral nerve plexus	sacral plexus	717	14.65826737595441
UBERON:0001322	sciatic nerve	sciatic nerve	UBERON:0034986	sacral nerve plexus	sacral plexus	716	14.65826737595441
UBERON:0001322	sciatic nerve	sciatic nerve	UBERON:0034986	sacral nerve plexus	sacral plexus	738	14.65826737595441
UBERON:0001322	sciatic nerve	sciatic nerve	UBERON:0034986	sacral nerve plexus	sacral plexus	740	14.65826737595441
UBERON:0001322	sciatic nerve	sciatic nerve	UBERON:0034986	sacral nerve plexus	sacral plexus	752	14.65826737595441
UBERON:0001322	sciatic nerve	sciatic nerve	UBERON:0034986	sacral nerve plexus	sacral plexus	753	14.65826737595441
UBERON:0001322	sciatic nerve	sciatic nerve	UBERON:0034986	sacral nerve plexus	sacral plexus	763	14.65826737595441
UBERON:0001322	sciatic nerve	sciatic nerve	UBERON:0034986	sacral nerve plexus	sacral plexus	762	14.65826737595441
UBERON:0001322	sciatic nerve	sciatic nerve	UBERON:0034986	sacral nerve plexus	sacral plexus	761	14.65826737595441
UBERON:0001322	sciatic nerve	sciatic nerve	UBERON:0034986	sacral nerve plexus	sacral plexus	760	14.65826737595441
UBERON:0001322	sciatic nerve	sciatic nerve	UBERON:0034986	sacral nerve plexus	sacral plexus	759	14.65826737595441
UBERON:0001322	sciatic nerve	sciatic nerve	UBERON:0034986	sacral nerve plexus	sacral plexus	758	14.65826737595441
UBERON:0001322	sciatic nerve	sciatic nerve	UBERON:0034986	sacral nerve plexus	sacral plexus	757	14.65826737595441
UBERON:0001322	sciatic nerve	sciatic nerve	UBERON:0034986	sacral nerve plexus	sacral plexus	756	14.65826737595441
UBERON:0001322	sciatic nerve	sciatic nerve	UBERON:0034986	sacral nerve plexus	sacral plexus	755	14.65826737595441
UBERON:0001322	sciatic nerve	sciatic nerve	UBERON:0034986	sacral nerve plexus	sacral plexus	754	14.65826737595441
UBERON:0001322	sciatic nerve	sciatic nerve	UBERON:0034986	sacral nerve plexus	sacral plexus	764	14.65826737595441
UBERON:0001322	sciatic nerve	sciatic nerve	UBERON:0034986	sacral nerve plexus	sacral plexus	741	14.65826737595441
UBERON:0001322	sciatic nerve	sciatic nerve	UBERON:0034986	sacral nerve plexus	sacral plexus	751	14.65826737595441
UBERON:0001322	sciatic nerve	sciatic nerve	UBERON:0034986	sacral nerve plexus	sacral plexus	750	14.65826737595441
UBERON:0001322	sciatic nerve	sciatic nerve	UBERON:0034986	sacral nerve plexus	sacral plexus	749	14.65826737595441
UBERON:0001322	sciatic nerve	sciatic nerve	UBERON:0034986	sacral nerve plexus	sacral plexus	748	14.65826737595441
UBERON:0001322	sciatic nerve	sciatic nerve	UBERON:0034986	sacral nerve plexus	sacral plexus	747	14.65826737595441
UBERON:0001322	sciatic nerve	sciatic nerve	UBERON:0034986	sacral nerve plexus	sacral plexus	746	14.65826737595441
UBERON:0001322	sciatic nerve	sciatic nerve	UBERON:0034986	sacral nerve plexus	sacral plexus	745	14.65826737595441
UBERON:0001322	sciatic nerve	sciatic nerve	UBERON:0034986	sacral nerve plexus	sacral plexus	744	14.65826737595441
UBERON:0001322	sciatic nerve	sciatic nerve	UBERON:0034986	sacral nerve plexus	sacral plexus	743	14.65826737595441
UBERON:0001322	sciatic nerve	sciatic nerve	UBERON:0034986	sacral nerve plexus	sacral plexus	742	14.65826737595441
UBERON:0001267	femoral nerve	femoral nerve	UBERON:0034987	lumbar nerve plexus	lumbar plexus	701	11.8060825865781
UBERON:0001267	femoral nerve	femoral nerve	UBERON:0034987	lumbar nerve plexus	lumbar plexus	702	11.8060825865781
UBERON:0000045	ganglion	ganglion	UBERON:0000010	peripheral nervous system	peripheral nervous system	1119	6.501777342667431
UBERON:0000045	ganglion	ganglion	UBERON:0000010	peripheral nervous system	peripheral nervous system	1118	6.501777342667431
UBERON:0000045	ganglion	ganglion	UBERON:0000010	peripheral nervous system	peripheral nervous system	1141	6.501777342667431
UBERON:0000045	ganglion	ganglion	UBERON:0000010	peripheral nervous system	peripheral nervous system	1142	6.501777342667431
UBERON:0000045	ganglion	ganglion	UBERON:0000010	peripheral nervous system	peripheral nervous system	1114	6.501777342667431
UBERON:0000045	ganglion	ganglion	UBERON:0000010	peripheral nervous system	peripheral nervous system	1143	6.501777342667431
UBERON:0000045	ganglion	ganglion	UBERON:0000010	peripheral nervous system	peripheral nervous system	1144	6.501777342667431
UBERON:0000045	ganglion	ganglion	UBERON:0000010	peripheral nervous system	peripheral nervous system	1113	6.501777342667431
UBERON:0000045	ganglion	ganglion	UBERON:0000010	peripheral nervous system	peripheral nervous system	1145	6.501777342667431
UBERON:0000045	ganglion	ganglion	UBERON:0000010	peripheral nervous system	peripheral nervous system	1146	6.501777342667431
UBERON:0000045	ganglion	ganglion	UBERON:0000010	peripheral nervous system	peripheral nervous system	1147	6.501777342667431
UBERON:0000045	ganglion	ganglion	UBERON:0000010	peripheral nervous system	peripheral nervous system	1148	6.501777342667431
UBERON:0000045	ganglion	ganglion	UBERON:0000010	peripheral nervous system	peripheral nervous system	1149	6.501777342667431
UBERON:0000045	ganglion	ganglion	UBERON:0000010	peripheral nervous system	peripheral nervous system	1150	6.501777342667431
UBERON:0000045	ganglion	ganglion	UBERON:0000010	peripheral nervous system	peripheral nervous system	1151	6.501777342667431
UBERON:0000045	ganglion	ganglion	UBERON:0000010	peripheral nervous system	peripheral nervous system	1152	6.501777342667431
UBERON:0000045	ganglion	ganglion	UBERON:0000010	peripheral nervous system	peripheral nervous system	1153	6.501777342667431
UBERON:0000045	ganglion	ganglion	UBERON:0000010	peripheral nervous system	peripheral nervous system	1154	6.501777342667431
UBERON:0000045	ganglion	ganglion	UBERON:0000010	peripheral nervous system	peripheral nervous system	1155	6.501777342667431
UBERON:0000045	ganglion	ganglion	UBERON:0000010	peripheral nervous system	peripheral nervous system	1156	6.501777342667431
UBERON:0000045	ganglion	ganglion	UBERON:0000010	peripheral nervous system	peripheral nervous system	1157	6.501777342667431
UBERON:0000045	ganglion	ganglion	UBERON:0000010	peripheral nervous system	peripheral nervous system	1158	6.501777342667431
UBERON:0000045	ganglion	ganglion	UBERON:0000010	peripheral nervous system	peripheral nervous system	1112	6.501777342667431
UBERON:0000045	ganglion	ganglion	UBERON:0000010	peripheral nervous system	peripheral nervous system	1140	6.501777342667431
UBERON:0000045	ganglion	ganglion	UBERON:0000010	peripheral nervous system	peripheral nervous system	1139	6.501777342667431
UBERON:0000045	ganglion	ganglion	UBERON:0000010	peripheral nervous system	peripheral nervous system	1115	6.501777342667431
UBERON:0000045	ganglion	ganglion	UBERON:0000010	peripheral nervous system	peripheral nervous system	1129	6.501777342667431
UBERON:0000045	ganglion	ganglion	UBERON:0000010	peripheral nervous system	peripheral nervous system	1120	6.501777342667431
UBERON:0000045	ganglion	ganglion	UBERON:0000010	peripheral nervous system	peripheral nervous system	1121	6.501777342667431
UBERON:0000045	ganglion	ganglion	UBERON:0000010	peripheral nervous system	peripheral nervous system	1122	6.501777342667431
UBERON:0000045	ganglion	ganglion	UBERON:0000010	peripheral nervous system	peripheral nervous system	1123	6.501777342667431
UBERON:0000045	ganglion	ganglion	UBERON:0000010	peripheral nervous system	peripheral nervous system	1124	6.501777342667431
UBERON:0000045	ganglion	ganglion	UBERON:0000010	peripheral nervous system	peripheral nervous system	1125	6.501777342667431
UBERON:0000045	ganglion	ganglion	UBERON:0000010	peripheral nervous system	peripheral nervous system	1126	6.501777342667431
UBERON:0000045	ganglion	ganglion	UBERON:0000010	peripheral nervous system	peripheral nervous system	1127	6.501777342667431
UBERON:0000045	ganglion	ganglion	UBERON:0000010	peripheral nervous system	peripheral nervous system	1128	6.501777342667431
UBERON:0000045	ganglion	ganglion	UBERON:0000010	peripheral nervous system	peripheral nervous system	1130	6.501777342667431
UBERON:0000045	ganglion	ganglion	UBERON:0000010	peripheral nervous system	peripheral nervous system	1116	6.501777342667431
UBERON:0000045	ganglion	ganglion	UBERON:0000010	peripheral nervous system	peripheral nervous system	1131	6.501777342667431
UBERON:0000045	ganglion	ganglion	UBERON:0000010	peripheral nervous system	peripheral nervous system	1132	6.501777342667431
UBERON:0000045	ganglion	ganglion	UBERON:0000010	peripheral nervous system	peripheral nervous system	1133	6.501777342667431
UBERON:0000045	ganglion	ganglion	UBERON:0000010	peripheral nervous system	peripheral nervous system	1134	6.501777342667431
UBERON:0000045	ganglion	ganglion	UBERON:0000010	peripheral nervous system	peripheral nervous system	1135	6.501777342667431
UBERON:0000045	ganglion	ganglion	UBERON:0000010	peripheral nervous system	peripheral nervous system	1136	6.501777342667431
UBERON:0000045	ganglion	ganglion	UBERON:0000010	peripheral nervous system	peripheral nervous system	1117	6.501777342667431
UBERON:0000045	ganglion	ganglion	UBERON:0000010	peripheral nervous system	peripheral nervous system	1137	6.501777342667431
UBERON:0000045	ganglion	ganglion	UBERON:0000010	peripheral nervous system	peripheral nervous system	1138	6.501777342667431
UBERON:0000045	ganglion	ganglion	UBERON:0000010	peripheral nervous system	peripheral nervous system	1159	6.501777342667431
UBERON:0000045	ganglion	ganglion	UBERON:0000010	peripheral nervous system	peripheral nervous system	1096	6.501777342667431
UBERON:0000045	ganglion	ganglion	UBERON:0000010	peripheral nervous system	peripheral nervous system	1160	6.501777342667431
UBERON:0000045	ganglion	ganglion	UBERON:0000010	peripheral nervous system	peripheral nervous system	1201	6.501777342667431
UBERON:0000045	ganglion	ganglion	UBERON:0000010	peripheral nervous system	peripheral nervous system	1190	6.501777342667431
UBERON:0000045	ganglion	ganglion	UBERON:0000010	peripheral nervous system	peripheral nervous system	1191	6.501777342667431
UBERON:0000045	ganglion	ganglion	UBERON:0000010	peripheral nervous system	peripheral nervous system	1192	6.501777342667431
UBERON:0000045	ganglion	ganglion	UBERON:0000010	peripheral nervous system	peripheral nervous system	1193	6.501777342667431
UBERON:0000045	ganglion	ganglion	UBERON:0000010	peripheral nervous system	peripheral nervous system	1194	6.501777342667431
UBERON:0000045	ganglion	ganglion	UBERON:0000010	peripheral nervous system	peripheral nervous system	1195	6.501777342667431
UBERON:0000045	ganglion	ganglion	UBERON:0000010	peripheral nervous system	peripheral nervous system	1196	6.501777342667431
UBERON:0000045	ganglion	ganglion	UBERON:0000010	peripheral nervous system	peripheral nervous system	1197	6.501777342667431
UBERON:0000045	ganglion	ganglion	UBERON:0000010	peripheral nervous system	peripheral nervous system	1198	6.501777342667431
UBERON:0000045	ganglion	ganglion	UBERON:0000010	peripheral nervous system	peripheral nervous system	1199	6.501777342667431
UBERON:0000045	ganglion	ganglion	UBERON:0000010	peripheral nervous system	peripheral nervous system	1200	6.501777342667431
UBERON:0000045	ganglion	ganglion	UBERON:0000010	peripheral nervous system	peripheral nervous system	1202	6.501777342667431
UBERON:0000045	ganglion	ganglion	UBERON:0000010	peripheral nervous system	peripheral nervous system	1188	6.501777342667431
UBERON:0000045	ganglion	ganglion	UBERON:0000010	peripheral nervous system	peripheral nervous system	1203	6.501777342667431
UBERON:0000045	ganglion	ganglion	UBERON:0000010	peripheral nervous system	peripheral nervous system	1204	6.501777342667431
UBERON:0000045	ganglion	ganglion	UBERON:0000010	peripheral nervous system	peripheral nervous system	1205	6.501777342667431
UBERON:0000045	ganglion	ganglion	UBERON:0000010	peripheral nervous system	peripheral nervous system	1206	6.501777342667431
UBERON:0000045	ganglion	ganglion	UBERON:0000010	peripheral nervous system	peripheral nervous system	1110	6.501777342667431
UBERON:0000045	ganglion	ganglion	UBERON:0000010	peripheral nervous system	peripheral nervous system	1215	6.501777342667431
UBERON:0000045	ganglion	ganglion	UBERON:0000010	peripheral nervous system	peripheral nervous system	1216	6.501777342667431
UBERON:0000045	ganglion	ganglion	UBERON:0000010	peripheral nervous system	peripheral nervous system	1217	6.501777342667431
UBERON:0000045	ganglion	ganglion	UBERON:0000010	peripheral nervous system	peripheral nervous system	1218	6.501777342667431
UBERON:0000045	ganglion	ganglion	UBERON:0000010	peripheral nervous system	peripheral nervous system	1219	6.501777342667431
UBERON:0000045	ganglion	ganglion	UBERON:0000010	peripheral nervous system	peripheral nervous system	1220	6.501777342667431
UBERON:0000045	ganglion	ganglion	UBERON:0000010	peripheral nervous system	peripheral nervous system	1189	6.501777342667431
UBERON:0000045	ganglion	ganglion	UBERON:0000010	peripheral nervous system	peripheral nervous system	1187	6.501777342667431
UBERON:0000045	ganglion	ganglion	UBERON:0000010	peripheral nervous system	peripheral nervous system	1161	6.501777342667431
UBERON:0000045	ganglion	ganglion	UBERON:0000010	peripheral nervous system	peripheral nervous system	1173	6.501777342667431
UBERON:0000045	ganglion	ganglion	UBERON:0000010	peripheral nervous system	peripheral nervous system	1162	6.501777342667431
UBERON:0000045	ganglion	ganglion	UBERON:0000010	peripheral nervous system	peripheral nervous system	1163	6.501777342667431
UBERON:0000045	ganglion	ganglion	UBERON:0000010	peripheral nervous system	peripheral nervous system	1164	6.501777342667431
UBERON:0000045	ganglion	ganglion	UBERON:0000010	peripheral nervous system	peripheral nervous system	1165	6.501777342667431
UBERON:0000045	ganglion	ganglion	UBERON:0000010	peripheral nervous system	peripheral nervous system	1166	6.501777342667431
UBERON:0000045	ganglion	ganglion	UBERON:0000010	peripheral nervous system	peripheral nervous system	1167	6.501777342667431
UBERON:0000045	ganglion	ganglion	UBERON:0000010	peripheral nervous system	peripheral nervous system	1168	6.501777342667431
UBERON:0000045	ganglion	ganglion	UBERON:0000010	peripheral nervous system	peripheral nervous system	1169	6.501777342667431
UBERON:0000045	ganglion	ganglion	UBERON:0000010	peripheral nervous system	peripheral nervous system	1170	6.501777342667431
UBERON:0000045	ganglion	ganglion	UBERON:0000010	peripheral nervous system	peripheral nervous system	1171	6.501777342667431
UBERON:0000045	ganglion	ganglion	UBERON:0000010	peripheral nervous system	peripheral nervous system	1172	6.501777342667431
UBERON:0000045	ganglion	ganglion	UBERON:0000010	peripheral nervous system	peripheral nervous system	1174	6.501777342667431
UBERON:0000045	ganglion	ganglion	UBERON:0000010	peripheral nervous system	peripheral nervous system	1186	6.501777342667431
UBERON:0000045	ganglion	ganglion	UBERON:0000010	peripheral nervous system	peripheral nervous system	1175	6.501777342667431
UBERON:0000045	ganglion	ganglion	UBERON:0000010	peripheral nervous system	peripheral nervous system	1176	6.501777342667431
UBERON:0000045	ganglion	ganglion	UBERON:0000010	peripheral nervous system	peripheral nervous system	1177	6.501777342667431
UBERON:0000045	ganglion	ganglion	UBERON:0000010	peripheral nervous system	peripheral nervous system	1178	6.501777342667431
UBERON:0000045	ganglion	ganglion	UBERON:0000010	peripheral nervous system	peripheral nervous system	1179	6.501777342667431
UBERON:0000045	ganglion	ganglion	UBERON:0000010	peripheral nervous system	peripheral nervous system	1180	6.501777342667431
UBERON:0000045	ganglion	ganglion	UBERON:0000010	peripheral nervous system	peripheral nervous system	1181	6.501777342667431
UBERON:0000045	ganglion	ganglion	UBERON:0000010	peripheral nervous system	peripheral nervous system	1182	6.501777342667431
UBERON:0000045	ganglion	ganglion	UBERON:0000010	peripheral nervous system	peripheral nervous system	1183	6.501777342667431
UBERON:0000045	ganglion	ganglion	UBERON:0000010	peripheral nervous system	peripheral nervous system	1184	6.501777342667431
UBERON:0000045	ganglion	ganglion	UBERON:0000010	peripheral nervous system	peripheral nervous system	1185	6.501777342667431
UBERON:0000045	ganglion	ganglion	UBERON:0000010	peripheral nervous system	peripheral nervous system	1111	6.501777342667431
UBERON:0000045	ganglion	ganglion	UBERON:0000010	peripheral nervous system	peripheral nervous system	1221	6.501777342667431
UBERON:0000045	ganglion	ganglion	UBERON:0000010	peripheral nervous system	peripheral nervous system	1109	6.501777342667431
UBERON:0000045	ganglion	ganglion	UBERON:0000010	peripheral nervous system	peripheral nervous system	1061	6.501777342667431
UBERON:0000045	ganglion	ganglion	UBERON:0000010	peripheral nervous system	peripheral nervous system	1050	6.501777342667431
UBERON:0000045	ganglion	ganglion	UBERON:0000010	peripheral nervous system	peripheral nervous system	1051	6.501777342667431
UBERON:0000045	ganglion	ganglion	UBERON:0000010	peripheral nervous system	peripheral nervous system	1052	6.501777342667431
UBERON:0000045	ganglion	ganglion	UBERON:0000010	peripheral nervous system	peripheral nervous system	1053	6.501777342667431
UBERON:0000045	ganglion	ganglion	UBERON:0000010	peripheral nervous system	peripheral nervous system	1054	6.501777342667431
UBERON:0000045	ganglion	ganglion	UBERON:0000010	peripheral nervous system	peripheral nervous system	1055	6.501777342667431
UBERON:0000045	ganglion	ganglion	UBERON:0000010	peripheral nervous system	peripheral nervous system	1056	6.501777342667431
UBERON:0000045	ganglion	ganglion	UBERON:0000010	peripheral nervous system	peripheral nervous system	1057	6.501777342667431
UBERON:0000045	ganglion	ganglion	UBERON:0000010	peripheral nervous system	peripheral nervous system	1058	6.501777342667431
UBERON:0000045	ganglion	ganglion	UBERON:0000010	peripheral nervous system	peripheral nervous system	1059	6.501777342667431
UBERON:0000045	ganglion	ganglion	UBERON:0000010	peripheral nervous system	peripheral nervous system	1060	6.501777342667431
UBERON:0000045	ganglion	ganglion	UBERON:0000010	peripheral nervous system	peripheral nervous system	1062	6.501777342667431
UBERON:0000045	ganglion	ganglion	UBERON:0000010	peripheral nervous system	peripheral nervous system	1075	6.501777342667431
UBERON:0000045	ganglion	ganglion	UBERON:0000010	peripheral nervous system	peripheral nervous system	1063	6.501777342667431
UBERON:0000045	ganglion	ganglion	UBERON:0000010	peripheral nervous system	peripheral nervous system	1064	6.501777342667431
UBERON:0000045	ganglion	ganglion	UBERON:0000010	peripheral nervous system	peripheral nervous system	1065	6.501777342667431
UBERON:0000045	ganglion	ganglion	UBERON:0000010	peripheral nervous system	peripheral nervous system	1066	6.501777342667431
UBERON:0000045	ganglion	ganglion	UBERON:0000010	peripheral nervous system	peripheral nervous system	1067	6.501777342667431
UBERON:0000045	ganglion	ganglion	UBERON:0000010	peripheral nervous system	peripheral nervous system	1068	6.501777342667431
UBERON:0000045	ganglion	ganglion	UBERON:0000010	peripheral nervous system	peripheral nervous system	1069	6.501777342667431
UBERON:0000045	ganglion	ganglion	UBERON:0000010	peripheral nervous system	peripheral nervous system	1070	6.501777342667431
UBERON:0000045	ganglion	ganglion	UBERON:0000010	peripheral nervous system	peripheral nervous system	1071	6.501777342667431
UBERON:0000045	ganglion	ganglion	UBERON:0000010	peripheral nervous system	peripheral nervous system	1072	6.501777342667431
UBERON:0000045	ganglion	ganglion	UBERON:0000010	peripheral nervous system	peripheral nervous system	1073	6.501777342667431
UBERON:0000045	ganglion	ganglion	UBERON:0000010	peripheral nervous system	peripheral nervous system	1049	6.501777342667431
UBERON:0000045	ganglion	ganglion	UBERON:0000010	peripheral nervous system	peripheral nervous system	1048	6.501777342667431
UBERON:0000045	ganglion	ganglion	UBERON:0000010	peripheral nervous system	peripheral nervous system	1047	6.501777342667431
UBERON:0000045	ganglion	ganglion	UBERON:0000010	peripheral nervous system	peripheral nervous system	1108	6.501777342667431
UBERON:0000045	ganglion	ganglion	UBERON:0000010	peripheral nervous system	peripheral nervous system	1023	6.501777342667431
UBERON:0000045	ganglion	ganglion	UBERON:0000010	peripheral nervous system	peripheral nervous system	1024	6.501777342667431
UBERON:0000045	ganglion	ganglion	UBERON:0000010	peripheral nervous system	peripheral nervous system	1025	6.501777342667431
UBERON:0000045	ganglion	ganglion	UBERON:0000010	peripheral nervous system	peripheral nervous system	1026	6.501777342667431
UBERON:0000045	ganglion	ganglion	UBERON:0000010	peripheral nervous system	peripheral nervous system	1027	6.501777342667431
UBERON:0000045	ganglion	ganglion	UBERON:0000010	peripheral nervous system	peripheral nervous system	1028	6.501777342667431
UBERON:0000045	ganglion	ganglion	UBERON:0000010	peripheral nervous system	peripheral nervous system	1029	6.501777342667431
UBERON:0000045	ganglion	ganglion	UBERON:0000010	peripheral nervous system	peripheral nervous system	1030	6.501777342667431
UBERON:0000045	ganglion	ganglion	UBERON:0000010	peripheral nervous system	peripheral nervous system	1031	6.501777342667431
UBERON:0000045	ganglion	ganglion	UBERON:0000010	peripheral nervous system	peripheral nervous system	1032	6.501777342667431
UBERON:0000045	ganglion	ganglion	UBERON:0000010	peripheral nervous system	peripheral nervous system	1033	6.501777342667431
UBERON:0000045	ganglion	ganglion	UBERON:0000010	peripheral nervous system	peripheral nervous system	1034	6.501777342667431
UBERON:0000045	ganglion	ganglion	UBERON:0000010	peripheral nervous system	peripheral nervous system	1035	6.501777342667431
UBERON:0000045	ganglion	ganglion	UBERON:0000010	peripheral nervous system	peripheral nervous system	1036	6.501777342667431
UBERON:0000045	ganglion	ganglion	UBERON:0000010	peripheral nervous system	peripheral nervous system	1037	6.501777342667431
UBERON:0000045	ganglion	ganglion	UBERON:0000010	peripheral nervous system	peripheral nervous system	1038	6.501777342667431
UBERON:0000045	ganglion	ganglion	UBERON:0000010	peripheral nervous system	peripheral nervous system	1039	6.501777342667431
UBERON:0000045	ganglion	ganglion	UBERON:0000010	peripheral nervous system	peripheral nervous system	1040	6.501777342667431
UBERON:0000045	ganglion	ganglion	UBERON:0000010	peripheral nervous system	peripheral nervous system	1041	6.501777342667431
UBERON:0000045	ganglion	ganglion	UBERON:0000010	peripheral nervous system	peripheral nervous system	1042	6.501777342667431
UBERON:0000045	ganglion	ganglion	UBERON:0000010	peripheral nervous system	peripheral nervous system	1043	6.501777342667431
UBERON:0000045	ganglion	ganglion	UBERON:0000010	peripheral nervous system	peripheral nervous system	1044	6.501777342667431
UBERON:0000045	ganglion	ganglion	UBERON:0000010	peripheral nervous system	peripheral nervous system	1045	6.501777342667431
UBERON:0000045	ganglion	ganglion	UBERON:0000010	peripheral nervous system	peripheral nervous system	1074	6.501777342667431
UBERON:0000045	ganglion	ganglion	UBERON:0000010	peripheral nervous system	peripheral nervous system	1046	6.501777342667431
UBERON:0000045	ganglion	ganglion	UBERON:0000010	peripheral nervous system	peripheral nervous system	1104	6.501777342667431
UBERON:0000045	ganglion	ganglion	UBERON:0000010	peripheral nervous system	peripheral nervous system	1091	6.501777342667431
UBERON:0000045	ganglion	ganglion	UBERON:0000010	peripheral nervous system	peripheral nervous system	1085	6.501777342667431
UBERON:0000045	ganglion	ganglion	UBERON:0000010	peripheral nervous system	peripheral nervous system	1087	6.501777342667431
UBERON:0000045	ganglion	ganglion	UBERON:0000010	peripheral nervous system	peripheral nervous system	1102	6.501777342667431
UBERON:0000045	ganglion	ganglion	UBERON:0000010	peripheral nervous system	peripheral nervous system	1088	6.501777342667431
UBERON:0000045	ganglion	ganglion	UBERON:0000010	peripheral nervous system	peripheral nervous system	1089	6.501777342667431
UBERON:0000045	ganglion	ganglion	UBERON:0000010	peripheral nervous system	peripheral nervous system	1090	6.501777342667431
UBERON:0000045	ganglion	ganglion	UBERON:0000010	peripheral nervous system	peripheral nervous system	1107	6.501777342667431
UBERON:0000045	ganglion	ganglion	UBERON:0000010	peripheral nervous system	peripheral nervous system	1092	6.501777342667431
UBERON:0000045	ganglion	ganglion	UBERON:0000010	peripheral nervous system	peripheral nervous system	1084	6.501777342667431
UBERON:0000045	ganglion	ganglion	UBERON:0000010	peripheral nervous system	peripheral nervous system	1093	6.501777342667431
UBERON:0000045	ganglion	ganglion	UBERON:0000010	peripheral nervous system	peripheral nervous system	1094	6.501777342667431
UBERON:0000045	ganglion	ganglion	UBERON:0000010	peripheral nervous system	peripheral nervous system	1095	6.501777342667431
UBERON:0000045	ganglion	ganglion	UBERON:0000010	peripheral nervous system	peripheral nervous system	1101	6.501777342667431
UBERON:0000045	ganglion	ganglion	UBERON:0000010	peripheral nervous system	peripheral nervous system	1100	6.501777342667431
UBERON:0000045	ganglion	ganglion	UBERON:0000010	peripheral nervous system	peripheral nervous system	1097	6.501777342667431
UBERON:0000045	ganglion	ganglion	UBERON:0000010	peripheral nervous system	peripheral nervous system	1098	6.501777342667431
UBERON:0000045	ganglion	ganglion	UBERON:0000010	peripheral nervous system	peripheral nervous system	1106	6.501777342667431
UBERON:0000045	ganglion	ganglion	UBERON:0000010	peripheral nervous system	peripheral nervous system	1086	6.501777342667431
UBERON:0000045	ganglion	ganglion	UBERON:0000010	peripheral nervous system	peripheral nervous system	1080	6.501777342667431
UBERON:0000045	ganglion	ganglion	UBERON:0000010	peripheral nervous system	peripheral nervous system	1083	6.501777342667431
UBERON:0000045	ganglion	ganglion	UBERON:0000010	peripheral nervous system	peripheral nervous system	1076	6.501777342667431
UBERON:0000045	ganglion	ganglion	UBERON:0000010	peripheral nervous system	peripheral nervous system	1077	6.501777342667431
UBERON:0000045	ganglion	ganglion	UBERON:0000010	peripheral nervous system	peripheral nervous system	1078	6.501777342667431
UBERON:0000045	ganglion	ganglion	UBERON:0000010	peripheral nervous system	peripheral nervous system	1079	6.501777342667431
UBERON:0000045	ganglion	ganglion	UBERON:0000010	peripheral nervous system	peripheral nervous system	1081	6.501777342667431
UBERON:0000045	ganglion	ganglion	UBERON:0000010	peripheral nervous system	peripheral nervous system	1105	6.501777342667431
UBERON:0000045	ganglion	ganglion	UBERON:0000010	peripheral nervous system	peripheral nervous system	1082	6.501777342667431
UBERON:0000045	ganglion	ganglion	UBERON:0000010	peripheral nervous system	peripheral nervous system	1099	6.501777342667431
UBERON:0000045	ganglion	ganglion	UBERON:0000010	peripheral nervous system	peripheral nervous system	1103	6.501777342667431
UBERON:0011390	pudendal nerve	pudendal nerve	UBERON:0034986	sacral nerve plexus	sacral plexus	821	6.037531398387415
UBERON:0011390	pudendal nerve	pudendal nerve	UBERON:0034986	sacral nerve plexus	sacral plexus	818	6.037531398387415
UBERON:0011390	pudendal nerve	pudendal nerve	UBERON:0034986	sacral nerve plexus	sacral plexus	834	6.037531398387415
UBERON:0011390	pudendal nerve	pudendal nerve	UBERON:0034986	sacral nerve plexus	sacral plexus	833	6.037531398387415
UBERON:0011390	pudendal nerve	pudendal nerve	UBERON:0034986	sacral nerve plexus	sacral plexus	836	6.037531398387415
UBERON:0011390	pudendal nerve	pudendal nerve	UBERON:0034986	sacral nerve plexus	sacral plexus	817	6.037531398387415
UBERON:0011390	pudendal nerve	pudendal nerve	UBERON:0034986	sacral nerve plexus	sacral plexus	832	6.037531398387415
UBERON:0011390	pudendal nerve	pudendal nerve	UBERON:0034986	sacral nerve plexus	sacral plexus	822	6.037531398387415
UBERON:0011390	pudendal nerve	pudendal nerve	UBERON:0034986	sacral nerve plexus	sacral plexus	831	6.037531398387415
UBERON:0011390	pudendal nerve	pudendal nerve	UBERON:0034986	sacral nerve plexus	sacral plexus	837	6.037531398387415
UBERON:0011390	pudendal nerve	pudendal nerve	UBERON:0034986	sacral nerve plexus	sacral plexus	830	6.037531398387415
UBERON:0011390	pudendal nerve	pudendal nerve	UBERON:0034986	sacral nerve plexus	sacral plexus	825	6.037531398387415
UBERON:0011390	pudendal nerve	pudendal nerve	UBERON:0034986	sacral nerve plexus	sacral plexus	827	6.037531398387415
UBERON:0011390	pudendal nerve	pudendal nerve	UBERON:0034986	sacral nerve plexus	sacral plexus	829	6.037531398387415
UBERON:0011390	pudendal nerve	pudendal nerve	UBERON:0034986	sacral nerve plexus	sacral plexus	819	6.037531398387415
UBERON:0011390	pudendal nerve	pudendal nerve	UBERON:0034986	sacral nerve plexus	sacral plexus	838	6.037531398387415
UBERON:0011390	pudendal nerve	pudendal nerve	UBERON:0034986	sacral nerve plexus	sacral plexus	824	6.037531398387415
UBERON:0011390	pudendal nerve	pudendal nerve	UBERON:0034986	sacral nerve plexus	sacral plexus	828	6.037531398387415
UBERON:0011390	pudendal nerve	pudendal nerve	UBERON:0034986	sacral nerve plexus	sacral plexus	820	6.037531398387415
UBERON:0011390	pudendal nerve	pudendal nerve	UBERON:0034986	sacral nerve plexus	sacral plexus	826	6.037531398387415
UBERON:0011390	pudendal nerve	pudendal nerve	UBERON:0034986	sacral nerve plexus	sacral plexus	835	6.037531398387415
UBERON:0011390	pudendal nerve	pudendal nerve	UBERON:0034986	sacral nerve plexus	sacral plexus	823	6.037531398387415
CL:0000101	sensory neuron	sensory neuron	CL:2000032	peripheral nervous system neuron	peripheral nervous system neuron	1112	2.1491141472855517
CL:0000101	sensory neuron	sensory neuron	CL:2000032	peripheral nervous system neuron	peripheral nervous system neuron	1113	2.1491141472855517
CL:0000101	sensory neuron	sensory neuron	CL:2000032	peripheral nervous system neuron	peripheral nervous system neuron	1199	2.1491141472855517
CL:0000101	sensory neuron	sensory neuron	CL:2000032	peripheral nervous system neuron	peripheral nervous system neuron	1194	2.1491141472855517
CL:0000101	sensory neuron	sensory neuron	CL:2000032	peripheral nervous system neuron	peripheral nervous system neuron	1195	2.1491141472855517
CL:0000101	sensory neuron	sensory neuron	CL:2000032	peripheral nervous system neuron	peripheral nervous system neuron	1196	2.1491141472855517
CL:0000101	sensory neuron	sensory neuron	CL:2000032	peripheral nervous system neuron	peripheral nervous system neuron	1197	2.1491141472855517
CL:0000101	sensory neuron	sensory neuron	CL:2000032	peripheral nervous system neuron	peripheral nervous system neuron	1198	2.1491141472855517
CL:0000101	sensory neuron	sensory neuron	CL:2000032	peripheral nervous system neuron	peripheral nervous system neuron	1139	2.1491141472855517
CL:0000101	sensory neuron	sensory neuron	CL:2000032	peripheral nervous system neuron	peripheral nervous system neuron	1200	2.1491141472855517
CL:0000101	sensory neuron	sensory neuron	CL:2000032	peripheral nervous system neuron	peripheral nervous system neuron	1201	2.1491141472855517
CL:0000101	sensory neuron	sensory neuron	CL:2000032	peripheral nervous system neuron	peripheral nervous system neuron	1202	2.1491141472855517
CL:0000101	sensory neuron	sensory neuron	CL:2000032	peripheral nervous system neuron	peripheral nervous system neuron	1204	2.1491141472855517
CL:0000101	sensory neuron	sensory neuron	CL:2000032	peripheral nervous system neuron	peripheral nervous system neuron	1205	2.1491141472855517
CL:0000101	sensory neuron	sensory neuron	CL:2000032	peripheral nervous system neuron	peripheral nervous system neuron	1206	2.1491141472855517
CL:0000101	sensory neuron	sensory neuron	CL:2000032	peripheral nervous system neuron	peripheral nervous system neuron	1114	2.1491141472855517
CL:0000101	sensory neuron	sensory neuron	CL:2000032	peripheral nervous system neuron	peripheral nervous system neuron	1140	2.1491141472855517
CL:0000101	sensory neuron	sensory neuron	CL:2000032	peripheral nervous system neuron	peripheral nervous system neuron	1115	2.1491141472855517
CL:0000101	sensory neuron	sensory neuron	CL:2000032	peripheral nervous system neuron	peripheral nervous system neuron	1171	2.1491141472855517
CL:0000101	sensory neuron	sensory neuron	CL:2000032	peripheral nervous system neuron	peripheral nervous system neuron	1170	2.1491141472855517
CL:0000101	sensory neuron	sensory neuron	CL:2000032	peripheral nervous system neuron	peripheral nervous system neuron	1154	2.1491141472855517
CL:0000101	sensory neuron	sensory neuron	CL:2000032	peripheral nervous system neuron	peripheral nervous system neuron	1121	2.1491141472855517
CL:0000101	sensory neuron	sensory neuron	CL:2000032	peripheral nervous system neuron	peripheral nervous system neuron	1122	2.1491141472855517
CL:0000101	sensory neuron	sensory neuron	CL:2000032	peripheral nervous system neuron	peripheral nervous system neuron	1133	2.1491141472855517
CL:0000101	sensory neuron	sensory neuron	CL:2000032	peripheral nervous system neuron	peripheral nervous system neuron	1164	2.1491141472855517
CL:0000101	sensory neuron	sensory neuron	CL:2000032	peripheral nervous system neuron	peripheral nervous system neuron	1163	2.1491141472855517
CL:0000101	sensory neuron	sensory neuron	CL:2000032	peripheral nervous system neuron	peripheral nervous system neuron	1155	2.1491141472855517
CL:0000101	sensory neuron	sensory neuron	CL:2000032	peripheral nervous system neuron	peripheral nervous system neuron	1162	2.1491141472855517
CL:0000101	sensory neuron	sensory neuron	CL:2000032	peripheral nervous system neuron	peripheral nervous system neuron	1161	2.1491141472855517
CL:0000101	sensory neuron	sensory neuron	CL:2000032	peripheral nervous system neuron	peripheral nervous system neuron	1180	2.1491141472855517
CL:0000101	sensory neuron	sensory neuron	CL:2000032	peripheral nervous system neuron	peripheral nervous system neuron	1160	2.1491141472855517
CL:0000101	sensory neuron	sensory neuron	CL:2000032	peripheral nervous system neuron	peripheral nervous system neuron	1159	2.1491141472855517
CL:0000101	sensory neuron	sensory neuron	CL:2000032	peripheral nervous system neuron	peripheral nervous system neuron	1131	2.1491141472855517
CL:0000101	sensory neuron	sensory neuron	CL:2000032	peripheral nervous system neuron	peripheral nervous system neuron	1158	2.1491141472855517
CL:0000101	sensory neuron	sensory neuron	CL:2000032	peripheral nervous system neuron	peripheral nervous system neuron	1156	2.1491141472855517
CL:0000101	sensory neuron	sensory neuron	CL:2000032	peripheral nervous system neuron	peripheral nervous system neuron	1157	2.1491141472855517
CL:0000101	sensory neuron	sensory neuron	CL:2000032	peripheral nervous system neuron	peripheral nervous system neuron	1134	2.1491141472855517
CL:0000101	sensory neuron	sensory neuron	CL:2000032	peripheral nervous system neuron	peripheral nervous system neuron	1120	2.1491141472855517
CL:0000101	sensory neuron	sensory neuron	CL:2000032	peripheral nervous system neuron	peripheral nervous system neuron	1138	2.1491141472855517
CL:0000101	sensory neuron	sensory neuron	CL:2000032	peripheral nervous system neuron	peripheral nervous system neuron	1175	2.1491141472855517
CL:0000101	sensory neuron	sensory neuron	CL:2000032	peripheral nervous system neuron	peripheral nervous system neuron	1179	2.1491141472855517
CL:0000101	sensory neuron	sensory neuron	CL:2000032	peripheral nervous system neuron	peripheral nervous system neuron	1116	2.1491141472855517
CL:0000101	sensory neuron	sensory neuron	CL:2000032	peripheral nervous system neuron	peripheral nervous system neuron	1178	2.1491141472855517
CL:0000101	sensory neuron	sensory neuron	CL:2000032	peripheral nervous system neuron	peripheral nervous system neuron	1117	2.1491141472855517
CL:0000101	sensory neuron	sensory neuron	CL:2000032	peripheral nervous system neuron	peripheral nervous system neuron	1177	2.1491141472855517
CL:0000101	sensory neuron	sensory neuron	CL:2000032	peripheral nervous system neuron	peripheral nervous system neuron	1176	2.1491141472855517
CL:0000101	sensory neuron	sensory neuron	CL:2000032	peripheral nervous system neuron	peripheral nervous system neuron	1141	2.1491141472855517
CL:0000101	sensory neuron	sensory neuron	CL:2000032	peripheral nervous system neuron	peripheral nervous system neuron	1118	2.1491141472855517
CL:0000101	sensory neuron	sensory neuron	CL:2000032	peripheral nervous system neuron	peripheral nervous system neuron	1132	2.1491141472855517
CL:0000101	sensory neuron	sensory neuron	CL:2000032	peripheral nervous system neuron	peripheral nervous system neuron	1137	2.1491141472855517
CL:0000101	sensory neuron	sensory neuron	CL:2000032	peripheral nervous system neuron	peripheral nervous system neuron	1174	2.1491141472855517
CL:0000101	sensory neuron	sensory neuron	CL:2000032	peripheral nervous system neuron	peripheral nervous system neuron	1136	2.1491141472855517
CL:0000101	sensory neuron	sensory neuron	CL:2000032	peripheral nervous system neuron	peripheral nervous system neuron	1119	2.1491141472855517
CL:0000101	sensory neuron	sensory neuron	CL:2000032	peripheral nervous system neuron	peripheral nervous system neuron	1135	2.1491141472855517
CL:0000101	sensory neuron	sensory neuron	CL:2000032	peripheral nervous system neuron	peripheral nervous system neuron	1173	2.1491141472855517
CL:0000101	sensory neuron	sensory neuron	CL:2000032	peripheral nervous system neuron	peripheral nervous system neuron	1172	2.1491141472855517
UBERON:0001714	cranial ganglion	cranial ganglion	UBERON:0001800	sensory ganglion	sensory ganglion	1206	1.5393116508480205
UBERON:0001714	cranial ganglion	cranial ganglion	UBERON:0001800	sensory ganglion	sensory ganglion	1204	1.5393116508480205
UBERON:0001714	cranial ganglion	cranial ganglion	UBERON:0001800	sensory ganglion	sensory ganglion	1205	1.5393116508480205
UBERON:0001714	cranial ganglion	cranial ganglion	UBERON:0001800	sensory ganglion	sensory ganglion	1203	1.5393116508480205
UBERON:0001714	cranial ganglion	cranial ganglion	UBERON:0001800	sensory ganglion	sensory ganglion	1200	1.5393116508480205
UBERON:0001714	cranial ganglion	cranial ganglion	UBERON:0001800	sensory ganglion	sensory ganglion	1202	1.5393116508480205
UBERON:0001714	cranial ganglion	cranial ganglion	UBERON:0001800	sensory ganglion	sensory ganglion	1195	1.5393116508480205
UBERON:0001714	cranial ganglion	cranial ganglion	UBERON:0001800	sensory ganglion	sensory ganglion	1201	1.5393116508480205
UBERON:0001714	cranial ganglion	cranial ganglion	UBERON:0001800	sensory ganglion	sensory ganglion	1191	1.5393116508480205
UBERON:0001714	cranial ganglion	cranial ganglion	UBERON:0001800	sensory ganglion	sensory ganglion	1192	1.5393116508480205
UBERON:0001714	cranial ganglion	cranial ganglion	UBERON:0001800	sensory ganglion	sensory ganglion	1193	1.5393116508480205
UBERON:0001714	cranial ganglion	cranial ganglion	UBERON:0001800	sensory ganglion	sensory ganglion	1194	1.5393116508480205
UBERON:0001714	cranial ganglion	cranial ganglion	UBERON:0001800	sensory ganglion	sensory ganglion	1190	1.5393116508480205
UBERON:0001714	cranial ganglion	cranial ganglion	UBERON:0001800	sensory ganglion	sensory ganglion	1196	1.5393116508480205
UBERON:0001714	cranial ganglion	cranial ganglion	UBERON:0001800	sensory ganglion	sensory ganglion	1197	1.5393116508480205
UBERON:0001714	cranial ganglion	cranial ganglion	UBERON:0001800	sensory ganglion	sensory ganglion	1198	1.5393116508480205
UBERON:0001714	cranial ganglion	cranial ganglion	UBERON:0001800	sensory ganglion	sensory ganglion	1199	1.5393116508480205
UBERON:0001884	phrenic nerve	phrenic nerve	UBERON:0003725	cervical nerve plexus	cervical plexus	467	0.6280083199985995
UBERON:0001884	phrenic nerve	phrenic nerve	UBERON:0003725	cervical nerve plexus	cervical plexus	477	0.6280083199985995
UBERON:0001884	phrenic nerve	phrenic nerve	UBERON:0003725	cervical nerve plexus	cervical plexus	476	0.6280083199985995
UBERON:0001884	phrenic nerve	phrenic nerve	UBERON:0003725	cervical nerve plexus	cervical plexus	475	0.6280083199985995
UBERON:0001884	phrenic nerve	phrenic nerve	UBERON:0003725	cervical nerve plexus	cervical plexus	474	0.6280083199985995
UBERON:0001884	phrenic nerve	phrenic nerve	UBERON:0003725	cervical nerve plexus	cervical plexus	473	0.6280083199985995
UBERON:0001884	phrenic nerve	phrenic nerve	UBERON:0003725	cervical nerve plexus	cervical plexus	472	0.6280083199985995
UBERON:0001884	phrenic nerve	phrenic nerve	UBERON:0003725	cervical nerve plexus	cervical plexus	471	0.6280083199985995
UBERON:0001884	phrenic nerve	phrenic nerve	UBERON:0003725	cervical nerve plexus	cervical plexus	470	0.6280083199985995
UBERON:0001884	phrenic nerve	phrenic nerve	UBERON:0003725	cervical nerve plexus	cervical plexus	469	0.6280083199985995
UBERON:0001884	phrenic nerve	phrenic nerve	UBERON:0003725	cervical nerve plexus	cervical plexus	468	0.6280083199985995
UBERON:0001884	phrenic nerve	phrenic nerve	UBERON:0003725	cervical nerve plexus	cervical plexus	466	0.6280083199985995
UBERON:0001810	nerve plexus	nerve plexus	UBERON:0000010	peripheral nervous system	peripheral nervous system	71	
UBERON:0001810	nerve plexus	nerve plexus	UBERON:0000010	peripheral nervous system	peripheral nervous system	72	
UBERON:0001810	nerve plexus	nerve plexus	UBERON:0000010	peripheral nervous system	peripheral nervous system	73	
UBERON:0001810	nerve plexus	nerve plexus	UBERON:0000010	peripheral nervous system	peripheral nervous system	74	
UBERON:0001810	nerve plexus	nerve plexus	UBERON:0000010	peripheral nervous system	peripheral nervous system	75	
UBERON:0001810	nerve plexus	nerve plexus	UBERON:0000010	peripheral nervous system	peripheral nervous system	76	
UBERON:0001810	nerve plexus	nerve plexus	UBERON:0000010	peripheral nervous system	peripheral nervous system	466	
UBERON:0001810	nerve plexus	nerve plexus	UBERON:0000010	peripheral nervous system	peripheral nervous system	467	
UBERON:0001810	nerve plexus	nerve plexus	UBERON:0000010	peripheral nervous system	peripheral nervous system	468	
UBERON:0001810	nerve plexus	nerve plexus	UBERON:0000010	peripheral nervous system	peripheral nervous system	469	
UBERON:0001810	nerve plexus	nerve plexus	UBERON:0000010	peripheral nervous system	peripheral nervous system	470	
UBERON:0001810	nerve plexus	nerve plexus	UBERON:0000010	peripheral nervous system	peripheral nervous system	471	
UBERON:0001810	nerve plexus	nerve plexus	UBERON:0000010	peripheral nervous system	peripheral nervous system	472	
UBERON:0001810	nerve plexus	nerve plexus	UBERON:0000010	peripheral nervous system	peripheral nervous system	473	
UBERON:0001810	nerve plexus	nerve plexus	UBERON:0000010	peripheral nervous system	peripheral nervous system	474	
UBERON:0001810	nerve plexus	nerve plexus	UBERON:0000010	peripheral nervous system	peripheral nervous system	475	
UBERON:0001810	nerve plexus	nerve plexus	UBERON:0000010	peripheral nervous system	peripheral nervous system	476	
UBERON:0001810	nerve plexus	nerve plexus	UBERON:0000010	peripheral nervous system	peripheral nervous system	477	
UBERON:0001810	nerve plexus	nerve plexus	UBERON:0000010	peripheral nervous system	peripheral nervous system	478	
UBERON:0001810	nerve plexus	nerve plexus	UBERON:0000010	peripheral nervous system	peripheral nervous system	479	
UBERON:0001810	nerve plexus	nerve plexus	UBERON:0000010	peripheral nervous system	peripheral nervous system	480	
UBERON:0001810	nerve plexus	nerve plexus	UBERON:0000010	peripheral nervous system	peripheral nervous system	481	
UBERON:0001810	nerve plexus	nerve plexus	UBERON:0000010	peripheral nervous system	peripheral nervous system	482	
UBERON:0001810	nerve plexus	nerve plexus	UBERON:0000010	peripheral nervous system	peripheral nervous system	483	
UBERON:0001810	nerve plexus	nerve plexus	UBERON:0000010	peripheral nervous system	peripheral nervous system	484	
UBERON:0001810	nerve plexus	nerve plexus	UBERON:0000010	peripheral nervous system	peripheral nervous system	485	
UBERON:0001810	nerve plexus	nerve plexus	UBERON:0000010	peripheral nervous system	peripheral nervous system	486	
UBERON:0001810	nerve plexus	nerve plexus	UBERON:0000010	peripheral nervous system	peripheral nervous system	487	
UBERON:0001810	nerve plexus	nerve plexus	UBERON:0000010	peripheral nervous system	peripheral nervous system	488	
UBERON:0001810	nerve plexus	nerve plexus	UBERON:0000010	peripheral nervous system	peripheral nervous system	489	
UBERON:0001810	nerve plexus	nerve plexus	UBERON:0000010	peripheral nervous system	peripheral nervous system	490	
UBERON:0001810	nerve plexus	nerve plexus	UBERON:0000010	peripheral nervous system	peripheral nervous system	491	
UBERON:0001810	nerve plexus	nerve plexus	UBERON:0000010	peripheral nervous system	peripheral nervous system	492	
UBERON:0001810	nerve plexus	nerve plexus	UBERON:0000010	peripheral nervous system	peripheral nervous system	493	
UBERON:0001810	nerve plexus	nerve plexus	UBERON:0000010	peripheral nervous system	peripheral nervous system	494	
UBERON:0001810	nerve plexus	nerve plexus	UBERON:0000010	peripheral nervous system	peripheral nervous system	495	
UBERON:0001810	nerve plexus	nerve plexus	UBERON:0000010	peripheral nervous system	peripheral nervous system	496	
UBERON:0001810	nerve plexus	nerve plexus	UBERON:0000010	peripheral nervous system	peripheral nervous system	497	
UBERON:0001810	nerve plexus	nerve plexus	UBERON:0000010	peripheral nervous system	peripheral nervous system	498	
UBERON:0001810	nerve plexus	nerve plexus	UBERON:0000010	peripheral nervous system	peripheral nervous system	499	
UBERON:0001810	nerve plexus	nerve plexus	UBERON:0000010	peripheral nervous system	peripheral nervous system	500	
UBERON:0001810	nerve plexus	nerve plexus	UBERON:0000010	peripheral nervous system	peripheral nervous system	501	
UBERON:0001810	nerve plexus	nerve plexus	UBERON:0000010	peripheral nervous system	peripheral nervous system	502	
UBERON:0001810	nerve plexus	nerve plexus	UBERON:0000010	peripheral nervous system	peripheral nervous system	503	
UBERON:0001810	nerve plexus	nerve plexus	UBERON:0000010	peripheral nervous system	peripheral nervous system	504	
UBERON:0001810	nerve plexus	nerve plexus	UBERON:0000010	peripheral nervous system	peripheral nervous system	505	
UBERON:0001810	nerve plexus	nerve plexus	UBERON:0000010	peripheral nervous system	peripheral nervous system	506	
UBERON:0001810	nerve plexus	nerve plexus	UBERON:0000010	peripheral nervous system	peripheral nervous system	507	
UBERON:0001810	nerve plexus	nerve plexus	UBERON:0000010	peripheral nervous system	peripheral nervous system	508	
UBERON:0001810	nerve plexus	nerve plexus	UBERON:0000010	peripheral nervous system	peripheral nervous system	509	
UBERON:0001810	nerve plexus	nerve plexus	UBERON:0000010	peripheral nervous system	peripheral nervous system	510	
UBERON:0001810	nerve plexus	nerve plexus	UBERON:0000010	peripheral nervous system	peripheral nervous system	511	
UBERON:0001810	nerve plexus	nerve plexus	UBERON:0000010	peripheral nervous system	peripheral nervous system	512	
UBERON:0001810	nerve plexus	nerve plexus	UBERON:0000010	peripheral nervous system	peripheral nervous system	513	
UBERON:0001810	nerve plexus	nerve plexus	UBERON:0000010	peripheral nervous system	peripheral nervous system	514	
UBERON:0001810	nerve plexus	nerve plexus	UBERON:0000010	peripheral nervous system	peripheral nervous system	515	
UBERON:0001810	nerve plexus	nerve plexus	UBERON:0000010	peripheral nervous system	peripheral nervous system	516	
UBERON:0001810	nerve plexus	nerve plexus	UBERON:0000010	peripheral nervous system	peripheral nervous system	517	
UBERON:0001810	nerve plexus	nerve plexus	UBERON:0000010	peripheral nervous system	peripheral nervous system	518	
UBERON:0001810	nerve plexus	nerve plexus	UBERON:0000010	peripheral nervous system	peripheral nervous system	519	
UBERON:0001810	nerve plexus	nerve plexus	UBERON:0000010	peripheral nervous system	peripheral nervous system	520	
UBERON:0001810	nerve plexus	nerve plexus	UBERON:0000010	peripheral nervous system	peripheral nervous system	521	
UBERON:0001810	nerve plexus	nerve plexus	UBERON:0000010	peripheral nervous system	peripheral nervous system	522	
UBERON:0001810	nerve plexus	nerve plexus	UBERON:0000010	peripheral nervous system	peripheral nervous system	523	
UBERON:0001810	nerve plexus	nerve plexus	UBERON:0000010	peripheral nervous system	peripheral nervous system	524	
UBERON:0001810	nerve plexus	nerve plexus	UBERON:0000010	peripheral nervous system	peripheral nervous system	525	
UBERON:0001810	nerve plexus	nerve plexus	UBERON:0000010	peripheral nervous system	peripheral nervous system	526	
UBERON:0001810	nerve plexus	nerve plexus	UBERON:0000010	peripheral nervous system	peripheral nervous system	527	
UBERON:0001810	nerve plexus	nerve plexus	UBERON:0000010	peripheral nervous system	peripheral nervous system	528	
UBERON:0001810	nerve plexus	nerve plexus	UBERON:0000010	peripheral nervous system	peripheral nervous system	529	
UBERON:0001810	nerve plexus	nerve plexus	UBERON:0000010	peripheral nervous system	peripheral nervous system	530	
UBERON:0001810	nerve plexus	nerve plexus	UBERON:0000010	peripheral nervous system	peripheral nervous system	531	
UBERON:0001810	nerve plexus	nerve plexus	UBERON:0000010	peripheral nervous system	peripheral nervous system	532	
UBERON:0001810	nerve plexus	nerve plexus	UBERON:0000010	peripheral nervous system	peripheral nervous system	533	
UBERON:0001810	nerve plexus	nerve plexus	UBERON:0000010	peripheral nervous system	peripheral nervous system	534	
UBERON:0001810	nerve plexus	nerve plexus	UBERON:0000010	peripheral nervous system	peripheral nervous system	535	
UBERON:0001810	nerve plexus	nerve plexus	UBERON:0000010	peripheral nervous system	peripheral nervous system	536	
UBERON:0001810	nerve plexus	nerve plexus	UBERON:0000010	peripheral nervous system	peripheral nervous system	537	
UBERON:0001810	nerve plexus	nerve plexus	UBERON:0000010	peripheral nervous system	peripheral nervous system	538	
UBERON:0001810	nerve plexus	nerve plexus	UBERON:0000010	peripheral nervous system	peripheral nervous system	539	
UBERON:0001810	nerve plexus	nerve plexus	UBERON:0000010	peripheral nervous system	peripheral nervous system	540	
UBERON:0001810	nerve plexus	nerve plexus	UBERON:0000010	peripheral nervous system	peripheral nervous system	541	
UBERON:0001810	nerve plexus	nerve plexus	UBERON:0000010	peripheral nervous system	peripheral nervous system	542	
UBERON:0001810	nerve plexus	nerve plexus	UBERON:0000010	peripheral nervous system	peripheral nervous system	543	
UBERON:0001810	nerve plexus	nerve plexus	UBERON:0000010	peripheral nervous system	peripheral nervous system	544	
UBERON:0001810	nerve plexus	nerve plexus	UBERON:0000010	peripheral nervous system	peripheral nervous system	545	
UBERON:0001810	nerve plexus	nerve plexus	UBERON:0000010	peripheral nervous system	peripheral nervous system	546	
UBERON:0001810	nerve plexus	nerve plexus	UBERON:0000010	peripheral nervous system	peripheral nervous system	547	
UBERON:0001810	nerve plexus	nerve plexus	UBERON:0000010	peripheral nervous system	peripheral nervous system	548	
UBERON:0001810	nerve plexus	nerve plexus	UBERON:0000010	peripheral nervous system	peripheral nervous system	549	
UBERON:0001810	nerve plexus	nerve plexus	UBERON:0000010	peripheral nervous system	peripheral nervous system	550	
UBERON:0001810	nerve plexus	nerve plexus	UBERON:0000010	peripheral nervous system	peripheral nervous system	551	
UBERON:0001810	nerve plexus	nerve plexus	UBERON:0000010	peripheral nervous system	peripheral nervous system	552	
UBERON:0001810	nerve plexus	nerve plexus	UBERON:0000010	peripheral nervous system	peripheral nervous system	553	
UBERON:0001810	nerve plexus	nerve plexus	UBERON:0000010	peripheral nervous system	peripheral nervous system	554	
UBERON:0001810	nerve plexus	nerve plexus	UBERON:0000010	peripheral nervous system	peripheral nervous system	555	
UBERON:0001810	nerve plexus	nerve plexus	UBERON:0000010	peripheral nervous system	peripheral nervous system	556	
UBERON:0001810	nerve plexus	nerve plexus	UBERON:0000010	peripheral nervous system	peripheral nervous system	557	
UBERON:0001810	nerve plexus	nerve plexus	UBERON:0000010	peripheral nervous system	peripheral nervous system	558	
UBERON:0001810	nerve plexus	nerve plexus	UBERON:0000010	peripheral nervous system	peripheral nervous system	559	
UBERON:0001810	nerve plexus	nerve plexus	UBERON:0000010	peripheral nervous system	peripheral nervous system	560	
UBERON:0001810	nerve plexus	nerve plexus	UBERON:0000010	peripheral nervous system	peripheral nervous system	561	
UBERON:0001810	nerve plexus	nerve plexus	UBERON:0000010	peripheral nervous system	peripheral nervous system	562	
UBERON:0001810	nerve plexus	nerve plexus	UBERON:0000010	peripheral nervous system	peripheral nervous system	563	
UBERON:0001810	nerve plexus	nerve plexus	UBERON:0000010	peripheral nervous system	peripheral nervous system	564	
UBERON:0001810	nerve plexus	nerve plexus	UBERON:0000010	peripheral nervous system	peripheral nervous system	565	
UBERON:0001810	nerve plexus	nerve plexus	UBERON:0000010	peripheral nervous system	peripheral nervous system	566	
UBERON:0001810	nerve plexus	nerve plexus	UBERON:0000010	peripheral nervous system	peripheral nervous system	567	
UBERON:0001810	nerve plexus	nerve plexus	UBERON:0000010	peripheral nervous system	peripheral nervous system	568	
UBERON:0001810	nerve plexus	nerve plexus	UBERON:0000010	peripheral nervous system	peripheral nervous system	569	
UBERON:0001810	nerve plexus	nerve plexus	UBERON:0000010	peripheral nervous system	peripheral nervous system	570	
UBERON:0001810	nerve plexus	nerve plexus	UBERON:0000010	peripheral nervous system	peripheral nervous system	571	
UBERON:0001810	nerve plexus	nerve plexus	UBERON:0000010	peripheral nervous system	peripheral nervous system	572	
UBERON:0001810	nerve plexus	nerve plexus	UBERON:0000010	peripheral nervous system	peripheral nervous system	573	
UBERON:0001810	nerve plexus	nerve plexus	UBERON:0000010	peripheral nervous system	peripheral nervous system	574	
UBERON:0001810	nerve plexus	nerve plexus	UBERON:0000010	peripheral nervous system	peripheral nervous system	575	
UBERON:0001810	nerve plexus	nerve plexus	UBERON:0000010	peripheral nervous system	peripheral nervous system	576	
UBERON:0001810	nerve plexus	nerve plexus	UBERON:0000010	peripheral nervous system	peripheral nervous system	577	
UBERON:0001810	nerve plexus	nerve plexus	UBERON:0000010	peripheral nervous system	peripheral nervous system	578	
UBERON:0001810	nerve plexus	nerve plexus	UBERON:0000010	peripheral nervous system	peripheral nervous system	579	
UBERON:0001810	nerve plexus	nerve plexus	UBERON:0000010	peripheral nervous system	peripheral nervous system	580	
UBERON:0001810	nerve plexus	nerve plexus	UBERON:0000010	peripheral nervous system	peripheral nervous system	581	
UBERON:0001810	nerve plexus	nerve plexus	UBERON:0000010	peripheral nervous system	peripheral nervous system	582	
UBERON:0001810	nerve plexus	nerve plexus	UBERON:0000010	peripheral nervous system	peripheral nervous system	583	
UBERON:0001810	nerve plexus	nerve plexus	UBERON:0000010	peripheral nervous system	peripheral nervous system	584	
UBERON:0001810	nerve plexus	nerve plexus	UBERON:0000010	peripheral nervous system	peripheral nervous system	585	
UBERON:0001810	nerve plexus	nerve plexus	UBERON:0000010	peripheral nervous system	peripheral nervous system	586	
UBERON:0001810	nerve plexus	nerve plexus	UBERON:0000010	peripheral nervous system	peripheral nervous system	587	
UBERON:0001810	nerve plexus	nerve plexus	UBERON:0000010	peripheral nervous system	peripheral nervous system	588	
UBERON:0001810	nerve plexus	nerve plexus	UBERON:0000010	peripheral nervous system	peripheral nervous system	589	
UBERON:0001810	nerve plexus	nerve plexus	UBERON:0000010	peripheral nervous system	peripheral nervous system	590	
UBERON:0001810	nerve plexus	nerve plexus	UBERON:0000010	peripheral nervous system	peripheral nervous system	591	
UBERON:0001810	nerve plexus	nerve plexus	UBERON:0000010	peripheral nervous system	peripheral nervous system	592	
UBERON:0001810	nerve plexus	nerve plexus	UBERON:0000010	peripheral nervous system	peripheral nervous system	593	
UBERON:0001810	nerve plexus	nerve plexus	UBERON:0000010	peripheral nervous system	peripheral nervous system	594	
UBERON:0001810	nerve plexus	nerve plexus	UBERON:0000010	peripheral nervous system	peripheral nervous system	595	
UBERON:0001810	nerve plexus	nerve plexus	UBERON:0000010	peripheral nervous system	peripheral nervous system	596	
UBERON:0001810	nerve plexus	nerve plexus	UBERON:0000010	peripheral nervous system	peripheral nervous system	597	
UBERON:0001810	nerve plexus	nerve plexus	UBERON:0000010	peripheral nervous system	peripheral nervous system	598	
UBERON:0001810	nerve plexus	nerve plexus	UBERON:0000010	peripheral nervous system	peripheral nervous system	599	
UBERON:0001810	nerve plexus	nerve plexus	UBERON:0000010	peripheral nervous system	peripheral nervous system	600	
UBERON:0001810	nerve plexus	nerve plexus	UBERON:0000010	peripheral nervous system	peripheral nervous system	601	
UBERON:0001810	nerve plexus	nerve plexus	UBERON:0000010	peripheral nervous system	peripheral nervous system	602	
UBERON:0001810	nerve plexus	nerve plexus	UBERON:0000010	peripheral nervous system	peripheral nervous system	603	
UBERON:0001810	nerve plexus	nerve plexus	UBERON:0000010	peripheral nervous system	peripheral nervous system	604	
UBERON:0001810	nerve plexus	nerve plexus	UBERON:0000010	peripheral nervous system	peripheral nervous system	605	
UBERON:0001810	nerve plexus	nerve plexus	UBERON:0000010	peripheral nervous system	peripheral nervous system	606	
UBERON:0001810	nerve plexus	nerve plexus	UBERON:0000010	peripheral nervous system	peripheral nervous system	607	
UBERON:0001810	nerve plexus	nerve plexus	UBERON:0000010	peripheral nervous system	peripheral nervous system	608	
UBERON:0001810	nerve plexus	nerve plexus	UBERON:0000010	peripheral nervous system	peripheral nervous system	609	
UBERON:0001810	nerve plexus	nerve plexus	UBERON:0000010	peripheral nervous system	peripheral nervous system	610	
UBERON:0001810	nerve plexus	nerve plexus	UBERON:0000010	peripheral nervous system	peripheral nervous system	611	
UBERON:0001810	nerve plexus	nerve plexus	UBERON:0000010	peripheral nervous system	peripheral nervous system	612	
UBERON:0001810	nerve plexus	nerve plexus	UBERON:0000010	peripheral nervous system	peripheral nervous system	613	
UBERON:0001810	nerve plexus	nerve plexus	UBERON:0000010	peripheral nervous system	peripheral nervous system	614	
UBERON:0001810	nerve plexus	nerve plexus	UBERON:0000010	peripheral nervous system	peripheral nervous system	615	
UBERON:0001810	nerve plexus	nerve plexus	UBERON:0000010	peripheral nervous system	peripheral nervous system	616	
UBERON:0001810	nerve plexus	nerve plexus	UBERON:0000010	peripheral nervous system	peripheral nervous system	617	
UBERON:0001810	nerve plexus	nerve plexus	UBERON:0000010	peripheral nervous system	peripheral nervous system	618	
UBERON:0001810	nerve plexus	nerve plexus	UBERON:0000010	peripheral nervous system	peripheral nervous system	619	
UBERON:0001810	nerve plexus	nerve plexus	UBERON:0000010	peripheral nervous system	peripheral nervous system	620	
UBERON:0001810	nerve plexus	nerve plexus	UBERON:0000010	peripheral nervous system	peripheral nervous system	621	
UBERON:0001810	nerve plexus	nerve plexus	UBERON:0000010	peripheral nervous system	peripheral nervous system	622	
UBERON:0001810	nerve plexus	nerve plexus	UBERON:0000010	peripheral nervous system	peripheral nervous system	623	
UBERON:0001810	nerve plexus	nerve plexus	UBERON:0000010	peripheral nervous system	peripheral nervous system	624	
UBERON:0001810	nerve plexus	nerve plexus	UBERON:0000010	peripheral nervous system	peripheral nervous system	625	
UBERON:0001810	nerve plexus	nerve plexus	UBERON:0000010	peripheral nervous system	peripheral nervous system	626	
UBERON:0001810	nerve plexus	nerve plexus	UBERON:0000010	peripheral nervous system	peripheral nervous system	627	
UBERON:0001810	nerve plexus	nerve plexus	UBERON:0000010	peripheral nervous system	peripheral nervous system	628	
UBERON:0001810	nerve plexus	nerve plexus	UBERON:0000010	peripheral nervous system	peripheral nervous system	629	
UBERON:0001810	nerve plexus	nerve plexus	UBERON:0000010	peripheral nervous system	peripheral nervous system	630	
UBERON:0001810	nerve plexus	nerve plexus	UBERON:0000010	peripheral nervous system	peripheral nervous system	631	
UBERON:0001810	nerve plexus	nerve plexus	UBERON:0000010	peripheral nervous system	peripheral nervous system	632	
UBERON:0001810	nerve plexus	nerve plexus	UBERON:0000010	peripheral nervous system	peripheral nervous system	633	
UBERON:0001810	nerve plexus	nerve plexus	UBERON:0000010	peripheral nervous system	peripheral nervous system	634	
UBERON:0001810	nerve plexus	nerve plexus	UBERON:0000010	peripheral nervous system	peripheral nervous system	635	
UBERON:0001810	nerve plexus	nerve plexus	UBERON:0000010	peripheral nervous system	peripheral nervous system	636	
UBERON:0001810	nerve plexus	nerve plexus	UBERON:0000010	peripheral nervous system	peripheral nervous system	637	
UBERON:0001810	nerve plexus	nerve plexus	UBERON:0000010	peripheral nervous system	peripheral nervous system	638	
UBERON:0001810	nerve plexus	nerve plexus	UBERON:0000010	peripheral nervous system	peripheral nervous system	639	
UBERON:0001810	nerve plexus	nerve plexus	UBERON:0000010	peripheral nervous system	peripheral nervous system	640	
UBERON:0001810	nerve plexus	nerve plexus	UBERON:0000010	peripheral nervous system	peripheral nervous system	641	
UBERON:0001810	nerve plexus	nerve plexus	UBERON:0000010	peripheral nervous system	peripheral nervous system	642	
UBERON:0001810	nerve plexus	nerve plexus	UBERON:0000010	peripheral nervous system	peripheral nervous system	643	
UBERON:0001810	nerve plexus	nerve plexus	UBERON:0000010	peripheral nervous system	peripheral nervous system	644	
UBERON:0001810	nerve plexus	nerve plexus	UBERON:0000010	peripheral nervous system	peripheral nervous system	645	
UBERON:0001810	nerve plexus	nerve plexus	UBERON:0000010	peripheral nervous system	peripheral nervous system	646	
UBERON:0001810	nerve plexus	nerve plexus	UBERON:0000010	peripheral nervous system	peripheral nervous system	647	
UBERON:0001810	nerve plexus	nerve plexus	UBERON:0000010	peripheral nervous system	peripheral nervous system	648	
UBERON:0001810	nerve plexus	nerve plexus	UBERON:0000010	peripheral nervous system	peripheral nervous system	649	
UBERON:0001810	nerve plexus	nerve plexus	UBERON:0000010	peripheral nervous system	peripheral nervous system	650	
UBERON:0001810	nerve plexus	nerve plexus	UBERON:0000010	peripheral nervous system	peripheral nervous system	651	
UBERON:0001810	nerve plexus	nerve plexus	UBERON:0000010	peripheral nervous system	peripheral nervous system	652	
UBERON:0001810	nerve plexus	nerve plexus	UBERON:0000010	peripheral nervous system	peripheral nervous system	653	
UBERON:0001810	nerve plexus	nerve plexus	UBERON:0000010	peripheral nervous system	peripheral nervous system	654	
UBERON:0001810	nerve plexus	nerve plexus	UBERON:0000010	peripheral nervous system	peripheral nervous system	655	
UBERON:0001810	nerve plexus	nerve plexus	UBERON:0000010	peripheral nervous system	peripheral nervous system	656	
UBERON:0001810	nerve plexus	nerve plexus	UBERON:0000010	peripheral nervous system	peripheral nervous system	657	
UBERON:0001810	nerve plexus	nerve plexus	UBERON:0000010	peripheral nervous system	peripheral nervous system	658	
UBERON:0001810	nerve plexus	nerve plexus	UBERON:0000010	peripheral nervous system	peripheral nervous system	659	
UBERON:0001810	nerve plexus	nerve plexus	UBERON:0000010	peripheral nervous system	peripheral nervous system	660	
UBERON:0001810	nerve plexus	nerve plexus	UBERON:0000010	peripheral nervous system	peripheral nervous system	661	
UBERON:0001810	nerve plexus	nerve plexus	UBERON:0000010	peripheral nervous system	peripheral nervous system	662	
UBERON:0001810	nerve plexus	nerve plexus	UBERON:0000010	peripheral nervous system	peripheral nervous system	663	
UBERON:0001810	nerve plexus	nerve plexus	UBERON:0000010	peripheral nervous system	peripheral nervous system	664	
UBERON:0001810	nerve plexus	nerve plexus	UBERON:0000010	peripheral nervous system	peripheral nervous system	665	
UBERON:0001810	nerve plexus	nerve plexus	UBERON:0000010	peripheral nervous system	peripheral nervous system	666	
UBERON:0001810	nerve plexus	nerve plexus	UBERON:0000010	peripheral nervous system	peripheral nervous system	667	
UBERON:0001810	nerve plexus	nerve plexus	UBERON:0000010	peripheral nervous system	peripheral nervous system	668	
UBERON:0001810	nerve plexus	nerve plexus	UBERON:0000010	peripheral nervous system	peripheral nervous system	669	
UBERON:0001810	nerve plexus	nerve plexus	UBERON:0000010	peripheral nervous system	peripheral nervous system	670	
UBERON:0001810	nerve plexus	nerve plexus	UBERON:0000010	peripheral nervous system	peripheral nervous system	671	
UBERON:0001810	nerve plexus	nerve plexus	UBERON:0000010	peripheral nervous system	peripheral nervous system	672	
UBERON:0001810	nerve plexus	nerve plexus	UBERON:0000010	peripheral nervous system	peripheral nervous system	673	
UBERON:0001810	nerve plexus	nerve plexus	UBERON:0000010	peripheral nervous system	peripheral nervous system	674	
UBERON:0001810	nerve plexus	nerve plexus	UBERON:0000010	peripheral nervous system	peripheral nervous system	675	
UBERON:0001810	nerve plexus	nerve plexus	UBERON:0000010	peripheral nervous system	peripheral nervous system	676	
UBERON:0001810	nerve plexus	nerve plexus	UBERON:0000010	peripheral nervous system	peripheral nervous system	677	
UBERON:0001810	nerve plexus	nerve plexus	UBERON:0000010	peripheral nervous system	peripheral nervous system	678	
UBERON:0001810	nerve plexus	nerve plexus	UBERON:0000010	peripheral nervous system	peripheral nervous system	679	
UBERON:0001810	nerve plexus	nerve plexus	UBERON:0000010	peripheral nervous system	peripheral nervous system	680	
UBERON:0001810	nerve plexus	nerve plexus	UBERON:0000010	peripheral nervous system	peripheral nervous system	681	
UBERON:0001810	nerve plexus	nerve plexus	UBERON:0000010	peripheral nervous system	peripheral nervous system	682	
UBERON:0001810	nerve plexus	nerve plexus	UBERON:0000010	peripheral nervous system	peripheral nervous system	683	
UBERON:0001810	nerve plexus	nerve plexus	UBERON:0000010	peripheral nervous system	peripheral nervous system	684	
UBERON:0001810	nerve plexus	nerve plexus	UBERON:0000010	peripheral nervous system	peripheral nervous system	685	
UBERON:0001810	nerve plexus	nerve plexus	UBERON:0000010	peripheral nervous system	peripheral nervous system	686	
UBERON:0001810	nerve plexus	nerve plexus	UBERON:0000010	peripheral nervous system	peripheral nervous system	687	
UBERON:0001810	nerve plexus	nerve plexus	UBERON:0000010	peripheral nervous system	peripheral nervous system	688	
UBERON:0001810	nerve plexus	nerve plexus	UBERON:0000010	peripheral nervous system	peripheral nervous system	689	
UBERON:0001810	nerve plexus	nerve plexus	UBERON:0000010	peripheral nervous system	peripheral nervous system	690	
UBERON:0001810	nerve plexus	nerve plexus	UBERON:0000010	peripheral nervous system	peripheral nervous system	691	
UBERON:0001810	nerve plexus	nerve plexus	UBERON:0000010	peripheral nervous system	peripheral nervous system	692	
UBERON:0001810	nerve plexus	nerve plexus	UBERON:0000010	peripheral nervous system	peripheral nervous system	693	
UBERON:0001810	nerve plexus	nerve plexus	UBERON:0000010	peripheral nervous system	peripheral nervous system	694	
UBERON:0001810	nerve plexus	nerve plexus	UBERON:0000010	peripheral nervous system	peripheral nervous system	695	
UBERON:0001810	nerve plexus	nerve plexus	UBERON:0000010	peripheral nervous system	peripheral nervous system	696	
UBERON:0001810	nerve plexus	nerve plexus	UBERON:0000010	peripheral nervous system	peripheral nervous system	697	
UBERON:0001810	nerve plexus	nerve plexus	UBERON:0000010	peripheral nervous system	peripheral nervous system	698	
UBERON:0001810	nerve plexus	nerve plexus	UBERON:0000010	peripheral nervous system	peripheral nervous system	699	
UBERON:0001810	nerve plexus	nerve plexus	UBERON:0000010	peripheral nervous system	peripheral nervous system	700	
UBERON:0001810	nerve plexus	nerve plexus	UBERON:0000010	peripheral nervous system	peripheral nervous system	701	
UBERON:0001810	nerve plexus	nerve plexus	UBERON:0000010	peripheral nervous system	peripheral nervous system	702	
UBERON:0001810	nerve plexus	nerve plexus	UBERON:0000010	peripheral nervous system	peripheral nervous system	703	
UBERON:0001810	nerve plexus	nerve plexus	UBERON:0000010	peripheral nervous system	peripheral nervous system	704	
UBERON:0001810	nerve plexus	nerve plexus	UBERON:0000010	peripheral nervous system	peripheral nervous system	705	
UBERON:0001810	nerve plexus	nerve plexus	UBERON:0000010	peripheral nervous system	peripheral nervous system	706	
UBERON:0001810	nerve plexus	nerve plexus	UBERON:0000010	peripheral nervous system	peripheral nervous system	707	
UBERON:0001810	nerve plexus	nerve plexus	UBERON:0000010	peripheral nervous system	peripheral nervous system	708	
UBERON:0001810	nerve plexus	nerve plexus	UBERON:0000010	peripheral nervous system	peripheral nervous system	709	
UBERON:0001810	nerve plexus	nerve plexus	UBERON:0000010	peripheral nervous system	peripheral nervous system	710	
UBERON:0001810	nerve plexus	nerve plexus	UBERON:0000010	peripheral nervous system	peripheral nervous system	711	
UBERON:0001810	nerve plexus	nerve plexus	UBERON:0000010	peripheral nervous system	peripheral nervous system	712	
UBERON:0001810	nerve plexus	nerve plexus	UBERON:0000010	peripheral nervous system	peripheral nervous system	713	
UBERON:0001810	nerve plexus	nerve plexus	UBERON:0000010	peripheral nervous system	peripheral nervous system	714	
UBERON:0001810	nerve plexus	nerve plexus	UBERON:0000010	peripheral nervous system	peripheral nervous system	715	
UBERON:0001810	nerve plexus	nerve plexus	UBERON:0000010	peripheral nervous system	peripheral nervous system	716	
UBERON:0001810	nerve plexus	nerve plexus	UBERON:0000010	peripheral nervous system	peripheral nervous system	717	
UBERON:0001810	nerve plexus	nerve plexus	UBERON:0000010	peripheral nervous system	peripheral nervous system	718	
UBERON:0001810	nerve plexus	nerve plexus	UBERON:0000010	peripheral nervous system	peripheral nervous system	719	
UBERON:0001810	nerve plexus	nerve plexus	UBERON:0000010	peripheral nervous system	peripheral nervous system	720	
UBERON:0001810	nerve plexus	nerve plexus	UBERON:0000010	peripheral nervous system	peripheral nervous system	721	
UBERON:0001810	nerve plexus	nerve plexus	UBERON:0000010	peripheral nervous system	peripheral nervous system	722	
UBERON:0001810	nerve plexus	nerve plexus	UBERON:0000010	peripheral nervous system	peripheral nervous system	723	
UBERON:0001810	nerve plexus	nerve plexus	UBERON:0000010	peripheral nervous system	peripheral nervous system	724	
UBERON:0001810	nerve plexus	nerve plexus	UBERON:0000010	peripheral nervous system	peripheral nervous system	725	
UBERON:0001810	nerve plexus	nerve plexus	UBERON:0000010	peripheral nervous system	peripheral nervous system	726	
UBERON:0001810	nerve plexus	nerve plexus	UBERON:0000010	peripheral nervous system	peripheral nervous system	727	
UBERON:0001810	nerve plexus	nerve plexus	UBERON:0000010	peripheral nervous system	peripheral nervous system	728	
UBERON:0001810	nerve plexus	nerve plexus	UBERON:0000010	peripheral nervous system	peripheral nervous system	729	
UBERON:0001810	nerve plexus	nerve plexus	UBERON:0000010	peripheral nervous system	peripheral nervous system	730	
UBERON:0001810	nerve plexus	nerve plexus	UBERON:0000010	peripheral nervous system	peripheral nervous system	731	
UBERON:0001810	nerve plexus	nerve plexus	UBERON:0000010	peripheral nervous system	peripheral nervous system	732	
UBERON:0001810	nerve plexus	nerve plexus	UBERON:0000010	peripheral nervous system	peripheral nervous system	733	
UBERON:0001810	nerve plexus	nerve plexus	UBERON:0000010	peripheral nervous system	peripheral nervous system	734	
UBERON:0001810	nerve plexus	nerve plexus	UBERON:0000010	peripheral nervous system	peripheral nervous system	735	
UBERON:0001810	nerve plexus	nerve plexus	UBERON:0000010	peripheral nervous system	peripheral nervous system	736	
UBERON:0001810	nerve plexus	nerve plexus	UBERON:0000010	peripheral nervous system	peripheral nervous system	737	
UBERON:0001810	nerve plexus	nerve plexus	UBERON:0000010	peripheral nervous system	peripheral nervous system	738	
UBERON:0001810	nerve plexus	nerve plexus	UBERON:0000010	peripheral nervous system	peripheral nervous system	739	
UBERON:0001810	nerve plexus	nerve plexus	UBERON:0000010	peripheral nervous system	peripheral nervous system	740	
UBERON:0001810	nerve plexus	nerve plexus	UBERON:0000010	peripheral nervous system	peripheral nervous system	741	
UBERON:0001810	nerve plexus	nerve plexus	UBERON:0000010	peripheral nervous system	peripheral nervous system	742	
UBERON:0001810	nerve plexus	nerve plexus	UBERON:0000010	peripheral nervous system	peripheral nervous system	743	
UBERON:0001810	nerve plexus	nerve plexus	UBERON:0000010	peripheral nervous system	peripheral nervous system	744	
UBERON:0001810	nerve plexus	nerve plexus	UBERON:0000010	peripheral nervous system	peripheral nervous system	745	
UBERON:0001810	nerve plexus	nerve plexus	UBERON:0000010	peripheral nervous system	peripheral nervous system	746	
UBERON:0001810	nerve plexus	nerve plexus	UBERON:0000010	peripheral nervous system	peripheral nervous system	747	
UBERON:0001810	nerve plexus	nerve plexus	UBERON:0000010	peripheral nervous system	peripheral nervous system	748	
UBERON:0001810	nerve plexus	nerve plexus	UBERON:0000010	peripheral nervous system	peripheral nervous system	749	
UBERON:0001810	nerve plexus	nerve plexus	UBERON:0000010	peripheral nervous system	peripheral nervous system	750	
UBERON:0001810	nerve plexus	nerve plexus	UBERON:0000010	peripheral nervous system	peripheral nervous system	751	
UBERON:0001810	nerve plexus	nerve plexus	UBERON:0000010	peripheral nervous system	peripheral nervous system	752	
UBERON:0001810	nerve plexus	nerve plexus	UBERON:0000010	peripheral nervous system	peripheral nervous system	753	
UBERON:0001810	nerve plexus	nerve plexus	UBERON:0000010	peripheral nervous system	peripheral nervous system	754	
UBERON:0001810	nerve plexus	nerve plexus	UBERON:0000010	peripheral nervous system	peripheral nervous system	755	
UBERON:0001810	nerve plexus	nerve plexus	UBERON:0000010	peripheral nervous system	peripheral nervous system	756	
UBERON:0001810	nerve plexus	nerve plexus	UBERON:0000010	peripheral nervous system	peripheral nervous system	757	
UBERON:0001810	nerve plexus	nerve plexus	UBERON:0000010	peripheral nervous system	peripheral nervous system	758	
UBERON:0001810	nerve plexus	nerve plexus	UBERON:0000010	peripheral nervous system	peripheral nervous system	759	
UBERON:0001810	nerve plexus	nerve plexus	UBERON:0000010	peripheral nervous system	peripheral nervous system	760	
UBERON:0001810	nerve plexus	nerve plexus	UBERON:0000010	peripheral nervous system	peripheral nervous system	761	
UBERON:0001810	nerve plexus	nerve plexus	UBERON:0000010	peripheral nervous system	peripheral nervous system	762	
UBERON:0001810	nerve plexus	nerve plexus	UBERON:0000010	peripheral nervous system	peripheral nervous system	763	
UBERON:0001810	nerve plexus	nerve plexus	UBERON:0000010	peripheral nervous system	peripheral nervous system	764	
UBERON:0001810	nerve plexus	nerve plexus	UBERON:0000010	peripheral nervous system	peripheral nervous system	765	
UBERON:0001810	nerve plexus	nerve plexus	UBERON:0000010	peripheral nervous system	peripheral nervous system	766	
UBERON:0001810	nerve plexus	nerve plexus	UBERON:0000010	peripheral nervous system	peripheral nervous system	767	
UBERON:0001810	nerve plexus	nerve plexus	UBERON:0000010	peripheral nervous system	peripheral nervous system	768	
UBERON:0001810	nerve plexus	nerve plexus	UBERON:0000010	peripheral nervous system	peripheral nervous system	769	
UBERON:0001810	nerve plexus	nerve plexus	UBERON:0000010	peripheral nervous system	peripheral nervous system	770	
UBERON:0001810	nerve plexus	nerve plexus	UBERON:0000010	peripheral nervous system	peripheral nervous system	771	
UBERON:0001810	nerve plexus	nerve plexus	UBERON:0000010	peripheral nervous system	peripheral nervous system	772	
UBERON:0001810	nerve plexus	nerve plexus	UBERON:0000010	peripheral nervous system	peripheral nervous system	773	
UBERON:0001810	nerve plexus	nerve plexus	UBERON:0000010	peripheral nervous system	peripheral nervous system	774	
UBERON:0001810	nerve plexus	nerve plexus	UBERON:0000010	peripheral nervous system	peripheral nervous system	775	
UBERON:0001810	nerve plexus	nerve plexus	UBERON:0000010	peripheral nervous system	peripheral nervous system	776	
UBERON:0001810	nerve plexus	nerve plexus	UBERON:0000010	peripheral nervous system	peripheral nervous system	777	
UBERON:0001810	nerve plexus	nerve plexus	UBERON:0000010	peripheral nervous system	peripheral nervous system	778	
UBERON:0001810	nerve plexus	nerve plexus	UBERON:0000010	peripheral nervous system	peripheral nervous system	779	
UBERON:0001810	nerve plexus	nerve plexus	UBERON:0000010	peripheral nervous system	peripheral nervous system	780	
UBERON:0001810	nerve plexus	nerve plexus	UBERON:0000010	peripheral nervous system	peripheral nervous system	781	
UBERON:0001810	nerve plexus	nerve plexus	UBERON:0000010	peripheral nervous system	peripheral nervous system	782	
UBERON:0001810	nerve plexus	nerve plexus	UBERON:0000010	peripheral nervous system	peripheral nervous system	783	
UBERON:0001810	nerve plexus	nerve plexus	UBERON:0000010	peripheral nervous system	peripheral nervous system	784	
UBERON:0001810	nerve plexus	nerve plexus	UBERON:0000010	peripheral nervous system	peripheral nervous system	785	
UBERON:0001810	nerve plexus	nerve plexus	UBERON:0000010	peripheral nervous system	peripheral nervous system	786	
UBERON:0001810	nerve plexus	nerve plexus	UBERON:0000010	peripheral nervous system	peripheral nervous system	787	
UBERON:0001810	nerve plexus	nerve plexus	UBERON:0000010	peripheral nervous system	peripheral nervous system	788	
UBERON:0001810	nerve plexus	nerve plexus	UBERON:0000010	peripheral nervous system	peripheral nervous system	789	
UBERON:0001810	nerve plexus	nerve plexus	UBERON:0000010	peripheral nervous system	peripheral nervous system	790	
UBERON:0001810	nerve plexus	nerve plexus	UBERON:0000010	peripheral nervous system	peripheral nervous system	791	
UBERON:0001810	nerve plexus	nerve plexus	UBERON:0000010	peripheral nervous system	peripheral nervous system	792	
UBERON:0001810	nerve plexus	nerve plexus	UBERON:0000010	peripheral nervous system	peripheral nervous system	793	
UBERON:0001810	nerve plexus	nerve plexus	UBERON:0000010	peripheral nervous system	peripheral nervous system	794	
UBERON:0001810	nerve plexus	nerve plexus	UBERON:0000010	peripheral nervous system	peripheral nervous system	795	
UBERON:0001810	nerve plexus	nerve plexus	UBERON:0000010	peripheral nervous system	peripheral nervous system	796	
UBERON:0001810	nerve plexus	nerve plexus	UBERON:0000010	peripheral nervous system	peripheral nervous system	797	
UBERON:0001810	nerve plexus	nerve plexus	UBERON:0000010	peripheral nervous system	peripheral nervous system	798	
UBERON:0001810	nerve plexus	nerve plexus	UBERON:0000010	peripheral nervous system	peripheral nervous system	799	
UBERON:0001810	nerve plexus	nerve plexus	UBERON:0000010	peripheral nervous system	peripheral nervous system	800	
UBERON:0001810	nerve plexus	nerve plexus	UBERON:0000010	peripheral nervous system	peripheral nervous system	801	
UBERON:0001810	nerve plexus	nerve plexus	UBERON:0000010	peripheral nervous system	peripheral nervous system	802	
UBERON:0001810	nerve plexus	nerve plexus	UBERON:0000010	peripheral nervous system	peripheral nervous system	803	
UBERON:0001810	nerve plexus	nerve plexus	UBERON:0000010	peripheral nervous system	peripheral nervous system	804	
UBERON:0001810	nerve plexus	nerve plexus	UBERON:0000010	peripheral nervous system	peripheral nervous system	805	
UBERON:0001810	nerve plexus	nerve plexus	UBERON:0000010	peripheral nervous system	peripheral nervous system	806	
UBERON:0001810	nerve plexus	nerve plexus	UBERON:0000010	peripheral nervous system	peripheral nervous system	807	
UBERON:0001810	nerve plexus	nerve plexus	UBERON:0000010	peripheral nervous system	peripheral nervous system	808	
UBERON:0001810	nerve plexus	nerve plexus	UBERON:0000010	peripheral nervous system	peripheral nervous system	809	
UBERON:0001810	nerve plexus	nerve plexus	UBERON:0000010	peripheral nervous system	peripheral nervous system	810	
UBERON:0001810	nerve plexus	nerve plexus	UBERON:0000010	peripheral nervous system	peripheral nervous system	811	
UBERON:0001810	nerve plexus	nerve plexus	UBERON:0000010	peripheral nervous system	peripheral nervous system	812	
UBERON:0001810	nerve plexus	nerve plexus	UBERON:0000010	peripheral nervous system	peripheral nervous system	813	
UBERON:0001810	nerve plexus	nerve plexus	UBERON:0000010	peripheral nervous system	peripheral nervous system	814	
UBERON:0001810	nerve plexus	nerve plexus	UBERON:0000010	peripheral nervous system	peripheral nervous system	815	
UBERON:0001810	nerve plexus	nerve plexus	UBERON:0000010	peripheral nervous system	peripheral nervous system	816	
UBERON:0001810	nerve plexus	nerve plexus	UBERON:0000010	peripheral nervous system	peripheral nervous system	817	
UBERON:0001810	nerve plexus	nerve plexus	UBERON:0000010	peripheral nervous system	peripheral nervous system	818	
UBERON:0001810	nerve plexus	nerve plexus	UBERON:0000010	peripheral nervous system	peripheral nervous system	819	
UBERON:0001810	nerve plexus	nerve plexus	UBERON:0000010	peripheral nervous system	peripheral nervous system	820	
UBERON:0001810	nerve plexus	nerve plexus	UBERON:0000010	peripheral nervous system	peripheral nervous system	821	
UBERON:0001810	nerve plexus	nerve plexus	UBERON:0000010	peripheral nervous system	peripheral nervous system	822	
UBERON:0001810	nerve plexus	nerve plexus	UBERON:0000010	peripheral nervous system	peripheral nervous system	823	
UBERON:0001810	nerve plexus	nerve plexus	UBERON:0000010	peripheral nervous system	peripheral nervous system	824	
UBERON:0001810	nerve plexus	nerve plexus	UBERON:0000010	peripheral nervous system	peripheral nervous system	825	
UBERON:0001810	nerve plexus	nerve plexus	UBERON:0000010	peripheral nervous system	peripheral nervous system	826	
UBERON:0001810	nerve plexus	nerve plexus	UBERON:0000010	peripheral nervous system	peripheral nervous system	827	
UBERON:0001810	nerve plexus	nerve plexus	UBERON:0000010	peripheral nervous system	peripheral nervous system	828	
UBERON:0001810	nerve plexus	nerve plexus	UBERON:0000010	peripheral nervous system	peripheral nervous system	829	
UBERON:0001810	nerve plexus	nerve plexus	UBERON:0000010	peripheral nervous system	peripheral nervous system	830	
UBERON:0001810	nerve plexus	nerve plexus	UBERON:0000010	peripheral nervous system	peripheral nervous system	831	
UBERON:0001810	nerve plexus	nerve plexus	UBERON:0000010	peripheral nervous system	peripheral nervous system	832	
UBERON:0001810	nerve plexus	nerve plexus	UBERON:0000010	peripheral nervous system	peripheral nervous system	833	
UBERON:0001810	nerve plexus	nerve plexus	UBERON:0000010	peripheral nervous system	peripheral nervous system	834	
UBERON:0001810	nerve plexus	nerve plexus	UBERON:0000010	peripheral nervous system	peripheral nervous system	835	
UBERON:0001810	nerve plexus	nerve plexus	UBERON:0000010	peripheral nervous system	peripheral nervous system	836	
UBERON:0001810	nerve plexus	nerve plexus	UBERON:0000010	peripheral nervous system	peripheral nervous system	837	
UBERON:0001810	nerve plexus	nerve plexus	UBERON:0000010	peripheral nervous system	peripheral nervous system	838	
UBERON:0001810	nerve plexus	nerve plexus	UBERON:0000010	peripheral nervous system	peripheral nervous system	839	
UBERON:0001810	nerve plexus	nerve plexus	UBERON:0000010	peripheral nervous system	peripheral nervous system	840	
UBERON:0001810	nerve plexus	nerve plexus	UBERON:0000010	peripheral nervous system	peripheral nervous system	841	
UBERON:0001810	nerve plexus	nerve plexus	UBERON:0000010	peripheral nervous system	peripheral nervous system	842	
UBERON:0001810	nerve plexus	nerve plexus	UBERON:0000010	peripheral nervous system	peripheral nervous system	843	
UBERON:0001810	nerve plexus	nerve plexus	UBERON:0000010	peripheral nervous system	peripheral nervous system	844	
UBERON:0001810	nerve plexus	nerve plexus	UBERON:0000010	peripheral nervous system	peripheral nervous system	845	
UBERON:0001810	nerve plexus	nerve plexus	UBERON:0000010	peripheral nervous system	peripheral nervous system	846	
UBERON:0001810	nerve plexus	nerve plexus	UBERON:0000010	peripheral nervous system	peripheral nervous system	847	
UBERON:0001810	nerve plexus	nerve plexus	UBERON:0000010	peripheral nervous system	peripheral nervous system	848	
UBERON:0001810	nerve plexus	nerve plexus	UBERON:0000010	peripheral nervous system	peripheral nervous system	849	
UBERON:0001810	nerve plexus	nerve plexus	UBERON:0000010	peripheral nervous system	peripheral nervous system	850	
UBERON:0001810	nerve plexus	nerve plexus	UBERON:0000010	peripheral nervous system	peripheral nervous system	851	
UBERON:0001810	nerve plexus	nerve plexus	UBERON:0000010	peripheral nervous system	peripheral nervous system	852	
UBERON:0001810	nerve plexus	nerve plexus	UBERON:0000010	peripheral nervous system	peripheral nervous system	853	
UBERON:0001810	nerve plexus	nerve plexus	UBERON:0000010	peripheral nervous system	peripheral nervous system	854	
UBERON:8410059	Submucous nerve plexus of colon	Submucous nerve plexus of colon	UBERON:8410058	myenteric nerve plexus of colon	myenteric nerve plexus of colon	854	
UBERON:0001810	nerve plexus	nerve plexus	UBERON:0000010	peripheral nervous system	peripheral nervous system	855	
UBERON:0001810	nerve plexus	nerve plexus	UBERON:0000010	peripheral nervous system	peripheral nervous system	856	
UBERON:0001810	nerve plexus	nerve plexus	UBERON:0000010	peripheral nervous system	peripheral nervous system	857	
UBERON:0001810	nerve plexus	nerve plexus	UBERON:0000010	peripheral nervous system	peripheral nervous system	858	
UBERON:0001810	nerve plexus	nerve plexus	UBERON:0000010	peripheral nervous system	peripheral nervous system	859	
UBERON:0002211	nerve root	nerve root	UBERON:0000010	peripheral nervous system	peripheral nervous system	913	
UBERON:0002211	nerve root	nerve root	UBERON:0000010	peripheral nervous system	peripheral nervous system	914	
UBERON:0002211	nerve root	nerve root	UBERON:0000010	peripheral nervous system	peripheral nervous system	915	
UBERON:0002211	nerve root	nerve root	UBERON:0000010	peripheral nervous system	peripheral nervous system	916	
UBERON:0002211	nerve root	nerve root	UBERON:0000010	peripheral nervous system	peripheral nervous system	917	
UBERON:0002211	nerve root	nerve root	UBERON:0000010	peripheral nervous system	peripheral nervous system	918	
UBERON:0002211	nerve root	nerve root	UBERON:0000010	peripheral nervous system	peripheral nervous system	919	
UBERON:0002211	nerve root	nerve root	UBERON:0000010	peripheral nervous system	peripheral nervous system	920	
UBERON:0002211	nerve root	nerve root	UBERON:0000010	peripheral nervous system	peripheral nervous system	921	
UBERON:0002211	nerve root	nerve root	UBERON:0000010	peripheral nervous system	peripheral nervous system	922	
UBERON:0002211	nerve root	nerve root	UBERON:0000010	peripheral nervous system	peripheral nervous system	923	
UBERON:0002211	nerve root	nerve root	UBERON:0000010	peripheral nervous system	peripheral nervous system	924	
UBERON:0002211	nerve root	nerve root	UBERON:0000010	peripheral nervous system	peripheral nervous system	925	
UBERON:0002211	nerve root	nerve root	UBERON:0000010	peripheral nervous system	peripheral nervous system	926	
UBERON:0002211	nerve root	nerve root	UBERON:0000010	peripheral nervous system	peripheral nervous system	927	
UBERON:0002211	nerve root	nerve root	UBERON:0000010	peripheral nervous system	peripheral nervous system	928	
UBERON:0002211	nerve root	nerve root	UBERON:0000010	peripheral nervous system	peripheral nervous system	929	
UBERON:0002211	nerve root	nerve root	UBERON:0000010	peripheral nervous system	peripheral nervous system	930	
UBERON:0002211	nerve root	nerve root	UBERON:0000010	peripheral nervous system	peripheral nervous system	931	
UBERON:0002211	nerve root	nerve root	UBERON:0000010	peripheral nervous system	peripheral nervous system	932	
UBERON:0002211	nerve root	nerve root	UBERON:0000010	peripheral nervous system	peripheral nervous system	933	
UBERON:0002211	nerve root	nerve root	UBERON:0000010	peripheral nervous system	peripheral nervous system	934	
UBERON:0002211	nerve root	nerve root	UBERON:0000010	peripheral nervous system	peripheral nervous system	935	
UBERON:0002211	nerve root	nerve root	UBERON:0000010	peripheral nervous system	peripheral nervous system	936	
UBERON:0002211	nerve root	nerve root	UBERON:0000010	peripheral nervous system	peripheral nervous system	937	
UBERON:0002211	nerve root	nerve root	UBERON:0000010	peripheral nervous system	peripheral nervous system	938	
UBERON:0002211	nerve root	nerve root	UBERON:0000010	peripheral nervous system	peripheral nervous system	939	
UBERON:0002211	nerve root	nerve root	UBERON:0000010	peripheral nervous system	peripheral nervous system	940	
UBERON:0002211	nerve root	nerve root	UBERON:0000010	peripheral nervous system	peripheral nervous system	941	
UBERON:0002211	nerve root	nerve root	UBERON:0000010	peripheral nervous system	peripheral nervous system	942	
UBERON:0002211	nerve root	nerve root	UBERON:0000010	peripheral nervous system	peripheral nervous system	943	
UBERON:0002211	nerve root	nerve root	UBERON:0000010	peripheral nervous system	peripheral nervous system	944	
UBERON:0002211	nerve root	nerve root	UBERON:0000010	peripheral nervous system	peripheral nervous system	945	
UBERON:0002211	nerve root	nerve root	UBERON:0000010	peripheral nervous system	peripheral nervous system	946	
UBERON:0002211	nerve root	nerve root	UBERON:0000010	peripheral nervous system	peripheral nervous system	947	
UBERON:0034729	sympathetic nerve	sympathetic nerve	UBERON:0034728	autonomic nerve	autonomic nerve	950	
UBERON:0004293	parasympathetic nerve	parasympathetic nerve	UBERON:0034728	autonomic nerve	autonomic nerve	951	
UBERON:0001810	nerve plexus	nerve plexus	UBERON:0000010	peripheral nervous system	peripheral nervous system	962	
UBERON:0001810	nerve plexus	nerve plexus	UBERON:0000010	peripheral nervous system	peripheral nervous system	963	
UBERON:0001810	nerve plexus	nerve plexus	UBERON:0000010	peripheral nervous system	peripheral nervous system	964	
UBERON:0001810	nerve plexus	nerve plexus	UBERON:0000010	peripheral nervous system	peripheral nervous system	965	
UBERON:0001810	nerve plexus	nerve plexus	UBERON:0000010	peripheral nervous system	peripheral nervous system	966	
UBERON:0001810	nerve plexus	nerve plexus	UBERON:0000010	peripheral nervous system	peripheral nervous system	967	
UBERON:0001810	nerve plexus	nerve plexus	UBERON:0000010	peripheral nervous system	peripheral nervous system	968	
UBERON:0001810	nerve plexus	nerve plexus	UBERON:0000010	peripheral nervous system	peripheral nervous system	969	
UBERON:0001810	nerve plexus	nerve plexus	UBERON:0000010	peripheral nervous system	peripheral nervous system	970	
UBERON:0001810	nerve plexus	nerve plexus	UBERON:0000010	peripheral nervous system	peripheral nervous system	971	
UBERON:0001810	nerve plexus	nerve plexus	UBERON:0000010	peripheral nervous system	peripheral nervous system	972	
UBERON:0001810	nerve plexus	nerve plexus	UBERON:0000010	peripheral nervous system	peripheral nervous system	973	
UBERON:0001810	nerve plexus	nerve plexus	UBERON:0000010	peripheral nervous system	peripheral nervous system	974	
UBERON:0001810	nerve plexus	nerve plexus	UBERON:0000010	peripheral nervous system	peripheral nervous system	975	
UBERON:0001810	nerve plexus	nerve plexus	UBERON:0000010	peripheral nervous system	peripheral nervous system	976	
UBERON:0001810	nerve plexus	nerve plexus	UBERON:0000010	peripheral nervous system	peripheral nervous system	977	
UBERON:0001810	nerve plexus	nerve plexus	UBERON:0000010	peripheral nervous system	peripheral nervous system	978	
UBERON:0001810	nerve plexus	nerve plexus	UBERON:0000010	peripheral nervous system	peripheral nervous system	979	
UBERON:0005303	hypogastric nerve	hypogastric nerve	UBERON:0001021	nerve	nerve	1012	
UBERON:0006134	nerve fiber	nerve fiber	UBERON:0001021	nerve	nerve	1018	
UBERON:0006134	nerve fiber	nerve fiber	UBERON:0001021	nerve	nerve	1019	
UBERON:0006134	nerve fiber	nerve fiber	UBERON:0001021	nerve	nerve	1020	
UBERON:0006134	nerve fiber	nerve fiber	UBERON:0001021	nerve	nerve	1021	
CL:0002573	Schwann cell	schwann cell	UBERON:0000045	ganglion	ganglion	1024	
CL:0000516	perineuronal satellite cell	satellite glial cell	CL:0000125	glial cell	glial cell	1025	
CL:0000516	perineuronal satellite cell	satellite glial cell	UBERON:0000045	ganglion	ganglion	1025	
UBERON:0001714	cranial ganglion	cranial ganglion	UBERON:0001805	autonomic ganglion	autonomic ganglion	1097	
UBERON:0001714	cranial ganglion	cranial ganglion	UBERON:0001805	autonomic ganglion	autonomic ganglion	1098	
UBERON:0001714	cranial ganglion	cranial ganglion	UBERON:0001805	autonomic ganglion	autonomic ganglion	1099	
UBERON:0001714	cranial ganglion	cranial ganglion	UBERON:0001805	autonomic ganglion	autonomic ganglion	1100	
UBERON:0001714	cranial ganglion	cranial ganglion	UBERON:0001805	autonomic ganglion	autonomic ganglion	1101	
UBERON:0001714	cranial ganglion	cranial ganglion	UBERON:0001805	autonomic ganglion	autonomic ganglion	1102	
UBERON:0001714	cranial ganglion	cranial ganglion	UBERON:0001805	autonomic ganglion	autonomic ganglion	1103	
UBERON:0002059	submandibular ganglion	submandibular ganglion	UBERON:0001714	cranial ganglion	cranial ganglion	1103	
UBERON:0001714	cranial ganglion	cranial ganglion	UBERON:0001805	autonomic ganglion	autonomic ganglion	1104	
UBERON:0002059	submandibular ganglion	submandibular ganglion	UBERON:0001714	cranial ganglion	cranial ganglion	1104	
UBERON:0001714	cranial ganglion	cranial ganglion	UBERON:0001805	autonomic ganglion	autonomic ganglion	1105	
UBERON:0002059	submandibular ganglion	submandibular ganglion	UBERON:0001714	cranial ganglion	cranial ganglion	1105	
UBERON:0001714	cranial ganglion	cranial ganglion	UBERON:0001805	autonomic ganglion	autonomic ganglion	1106	
UBERON:0003962	pterygopalatine ganglion	pterygopalatine ganglion	UBERON:0001714	cranial ganglion	cranial ganglion	1106	
UBERON:0001714	cranial ganglion	cranial ganglion	UBERON:0001805	autonomic ganglion	autonomic ganglion	1107	
UBERON:0003962	pterygopalatine ganglion	pterygopalatine ganglion	UBERON:0001714	cranial ganglion	cranial ganglion	1107	
UBERON:0001714	cranial ganglion	cranial ganglion	UBERON:0001805	autonomic ganglion	autonomic ganglion	1108	
UBERON:0003962	pterygopalatine ganglion	pterygopalatine ganglion	UBERON:0001714	cranial ganglion	cranial ganglion	1108	
CL:4033174	ovarian nerve plexus ganglion TH neuron	ovarian nerve plexus ganglion TH neuron	UBERON:0001805	autonomic ganglion	autonomic ganglion	1109	
CL:4079003	cervical dorsal root ganglion Nav1.9 neuron	cervical dorsal root ganglion Nav1.9 neuron	CL:0000101	sensory neuron	sensory neuron	1113	
CL:4079003	cervical dorsal root ganglion Nav1.9 neuron	cervical dorsal root ganglion Nav1.9 neuron	UBERON:0002834	Cervical dorsal root ganglion	Cervical dorsal root ganglion	1113	
CL:4079008	cervical dorsal root ganglion TRPV1 neuron	cervical dorsal root ganglion TRPV1 neuron	CL:0000101	sensory neuron	sensory neuron	1114	
CL:4079008	cervical dorsal root ganglion TRPV1 neuron	cervical dorsal root ganglion TRPV1 neuron	UBERON:0002834	Cervical dorsal root ganglion	Cervical dorsal root ganglion	1114	
CL:4079007	cervical dorsal root ganglion substance P neuron	cervical dorsal root ganglion SP neuron	CL:0000101	sensory neuron	sensory neuron	1115	
CL:4079007	cervical dorsal root ganglion substance P neuron	cervical dorsal root ganglion SP neuron	UBERON:0002834	Cervical dorsal root ganglion	Cervical dorsal root ganglion	1115	
CL:4079004	cervical dorsal root ganglion Peripherin neuron	cervical dorsal root ganglion Peripherin neuron	CL:0000101	sensory neuron	sensory neuron	1116	
CL:4079004	cervical dorsal root ganglion Peripherin neuron	cervical dorsal root ganglion Peripherin neuron	UBERON:0002834	Cervical dorsal root ganglion	Cervical dorsal root ganglion	1116	
CL:4079006	cervical dorsal root ganglion RET neuron	cervical dorsal root ganglion RET neuron	CL:0000101	sensory neuron	sensory neuron	1118	
CL:4079006	cervical dorsal root ganglion RET neuron	cervical dorsal root ganglion RET neuron	UBERON:0002834	Cervical dorsal root ganglion	Cervical dorsal root ganglion	1118	
CL:4079001	cervical dorsal root ganglion endothelin-1 neuron	cervical dorsal root ganglion Endothelin 1 neuron	CL:0000101	sensory neuron	sensory neuron	1122	
CL:4079001	cervical dorsal root ganglion endothelin-1 neuron	cervical dorsal root ganglion Endothelin 1 neuron	UBERON:0002834	Cervical dorsal root ganglion	Cervical dorsal root ganglion	1122	
CL:4079031	thoracic dorsal root ganglion Nav1.7 neuron	thoracic dorsal root ganglion Nav1.7 neuron	CL:0000101	sensory neuron	sensory neuron	1131	
CL:4079031	thoracic dorsal root ganglion Nav1.7 neuron	thoracic dorsal root ganglion Nav1.7 neuron	UBERON:0002835	Thoracic dorsal root ganglion	Thoracic dorsal root ganglion	1131	
CL:4079032	thoracic dorsal root ganglion Nav1.9 neuron	thoracic dorsal root ganglion Nav1.9 neuron	CL:0000101	sensory neuron	sensory neuron	1132	
CL:4079032	thoracic dorsal root ganglion Nav1.9 neuron	thoracic dorsal root ganglion Nav1.9 neuron	UBERON:0002835	Thoracic dorsal root ganglion	Thoracic dorsal root ganglion	1132	
CL:4079036	thoracic dorsal root ganglion substance P neuron	thoracic dorsal root ganglion SP neuron	CL:0000101	sensory neuron	sensory neuron	1134	
CL:4079036	thoracic dorsal root ganglion substance P neuron	thoracic dorsal root ganglion SP neuron	UBERON:0002835	Thoracic dorsal root ganglion	Thoracic dorsal root ganglion	1134	
CL:4079033	thoracic dorsal root ganglion Peripherin neuron	thoracic dorsal root ganglion Peripherin neuron	CL:0000101	sensory neuron	sensory neuron	1135	
CL:4079033	thoracic dorsal root ganglion Peripherin neuron	thoracic dorsal root ganglion Peripherin neuron	UBERON:0002835	Thoracic dorsal root ganglion	Thoracic dorsal root ganglion	1135	
CL:4079035	thoracic dorsal root ganglion RET neuron	thoracic dorsal root ganglion RET neuron	CL:0000101	sensory neuron	sensory neuron	1137	
CL:4079035	thoracic dorsal root ganglion RET neuron	thoracic dorsal root ganglion RET neuron	UBERON:0002835	Thoracic dorsal root ganglion	Thoracic dorsal root ganglion	1137	
CL:4079029	thoracic dorsal root ganglion CGRP neuron	thoracic dorsal root ganglion CGRP neuron	CL:0000101	sensory neuron	sensory neuron	1140	
CL:4079029	thoracic dorsal root ganglion CGRP neuron	thoracic dorsal root ganglion CGRP neuron	UBERON:0002835	Thoracic dorsal root ganglion	Thoracic dorsal root ganglion	1140	
CL:4079014	lumbar dorsal root ganglion Nav1.9 neuron	lumbar dorsal root ganglion Nav1.9 neuron	CL:0000101	sensory neuron	sensory neuron	1155	
CL:4079014	lumbar dorsal root ganglion Nav1.9 neuron	lumbar dorsal root ganglion Nav1.9 neuron	UBERON:0002836	Lumbar dorsal root ganglion	Lumbar dorsal root ganglion	1155	
CL:4079019	lumbar dorsal root ganglion TRPV1 neuron	lumbar dorsal root ganglion TRPV1 neuron	CL:0000101	sensory neuron	sensory neuron	1156	
CL:4079019	lumbar dorsal root ganglion TRPV1 neuron	lumbar dorsal root ganglion TRPV1 neuron	UBERON:0002836	Lumbar dorsal root ganglion	Lumbar dorsal root ganglion	1156	
CL:4079018	lumbar dorsal root ganglion substance P neuron	lumbar dorsal root ganglion SP neuron	CL:0000101	sensory neuron	sensory neuron	1157	
CL:4079018	lumbar dorsal root ganglion substance P neuron	lumbar dorsal root ganglion SP neuron	UBERON:0002836	Lumbar dorsal root ganglion	Lumbar dorsal root ganglion	1157	
CL:4079015	lumbar dorsal root ganglion Peripherin neuron	lumbar dorsal root ganglion Peripherin neuron	CL:0000101	sensory neuron	sensory neuron	1158	
CL:4079015	lumbar dorsal root ganglion Peripherin neuron	lumbar dorsal root ganglion Peripherin neuron	UBERON:0002836	Lumbar dorsal root ganglion	Lumbar dorsal root ganglion	1158	
CL:4079016	lumbar dorsal root ganglion Piezo2 neuron	lumbar dorsal root ganglion Piezo2 neuron	CL:0000101	sensory neuron	sensory neuron	1162	
CL:4079016	lumbar dorsal root ganglion Piezo2 neuron	lumbar dorsal root ganglion Piezo2 neuron	UBERON:0002836	Lumbar dorsal root ganglion	Lumbar dorsal root ganglion	1162	
CL:4079011	lumbar dorsal root ganglion CGRP neuron	lumbar dorsal root ganglion CGRP neuron	CL:0000101	sensory neuron	sensory neuron	1163	
CL:4079011	lumbar dorsal root ganglion CGRP neuron	lumbar dorsal root ganglion CGRP neuron	UBERON:0002836	Lumbar dorsal root ganglion	Lumbar dorsal root ganglion	1163	
CL:4079027	sacral dorsal root ganglion substance P neuron	sacral dorsal root ganglion SP neuron	CL:0000101	sensory neuron	sensory neuron	1173	
CL:4079027	sacral dorsal root ganglion substance P neuron	sacral dorsal root ganglion SP neuron	UBERON:0002837	Sacral dorsal root ganglion	Sacral dorsal root ganglion	1173	
CL:4079024	sacral dorsal root ganglion Peripherin neuron	sacral dorsal root ganglion Peripherin neuron	CL:0000101	sensory neuron	sensory neuron	1174	
CL:4079024	sacral dorsal root ganglion Peripherin neuron	sacral dorsal root ganglion Peripherin neuron	UBERON:0002837	Sacral dorsal root ganglion	Sacral dorsal root ganglion	1174	
CL:4079026	sacral dorsal root ganglion RET neuron	sacral dorsal root ganglion RET neuron	CL:0000101	sensory neuron	sensory neuron	1176	
CL:4079026	sacral dorsal root ganglion RET neuron	sacral dorsal root ganglion RET neuron	UBERON:0002837	Sacral dorsal root ganglion	Sacral dorsal root ganglion	1176	
CL:4079025	sacral dorsal root ganglion Piezo2 neuron	sacral dorsal root ganglion Piezo2 neuron	CL:0000101	sensory neuron	sensory neuron	1178	
CL:4079025	sacral dorsal root ganglion Piezo2 neuron	sacral dorsal root ganglion Piezo2 neuron	UBERON:0002837	Sacral dorsal root ganglion	Sacral dorsal root ganglion	1178	
CL:4079020	sacral dorsal root ganglion CGRP neuron	sacral dorsal root ganglion CGRP neuron	CL:0000101	sensory neuron	sensory neuron	1179	
CL:4079020	sacral dorsal root ganglion CGRP neuron	sacral dorsal root ganglion CGRP neuron	UBERON:0002837	Sacral dorsal root ganglion	Sacral dorsal root ganglion	1179	
CL:4079021	sacral dorsal root ganglion endothelin-1 neuron	sacral dorsal root ganglion Endothelin 1 neuron	CL:0000101	sensory neuron	sensory neuron	1180	
CL:4079021	sacral dorsal root ganglion endothelin-1 neuron	sacral dorsal root ganglion Endothelin 1 neuron	UBERON:0002837	Sacral dorsal root ganglion	Sacral dorsal root ganglion	1180	
UBERON:0001810	nerve plexus	nerve plexus	UBERON:0000010	peripheral nervous system	peripheral nervous system	1207	
UBERON:0001810	nerve plexus	nerve plexus	UBERON:0000010	peripheral nervous system	peripheral nervous system	1208	
UBERON:0001810	nerve plexus	nerve plexus	UBERON:0000010	peripheral nervous system	peripheral nervous system	1209	
UBERON:0001810	nerve plexus	nerve plexus	UBERON:0000010	peripheral nervous system	peripheral nervous system	1210	
UBERON:0001810	nerve plexus	nerve plexus	UBERON:0000010	peripheral nervous system	peripheral nervous system	1211	
UBERON:0001810	nerve plexus	nerve plexus	UBERON:0000010	peripheral nervous system	peripheral nervous system	1212	
UBERON:0001810	nerve plexus	nerve plexus	UBERON:0000010	peripheral nervous system	peripheral nervous system	1213	
UBERON:0001810	nerve plexus	nerve plexus	UBERON:0000010	peripheral nervous system	peripheral nervous system	1214	
