s	slabel	user_slabel	o	olabel	user_olabel	row_number	deltaIC
UBERON:0001305	ovarian follicle	ovarian follicle	UBERON:0013191	ovarian cortex	ovarian cortex	67	23.89428524323516
UBERON:0001305	ovarian follicle	ovarian follicle	UBERON:0013191	ovarian cortex	ovarian cortex	894	23.89428524323516
UBERON:0001305	ovarian follicle	ovarian follicle	UBERON:0013191	ovarian cortex	ovarian cortex	901	23.89428524323516
UBERON:0001305	ovarian follicle	ovarian follicle	UBERON:0013191	ovarian cortex	ovarian cortex	900	23.89428524323516
UBERON:0001305	ovarian follicle	ovarian follicle	UBERON:0013191	ovarian cortex	ovarian cortex	899	23.89428524323516
UBERON:0001305	ovarian follicle	ovarian follicle	UBERON:0013191	ovarian cortex	ovarian cortex	898	23.89428524323516
UBERON:0001305	ovarian follicle	ovarian follicle	UBERON:0013191	ovarian cortex	ovarian cortex	897	23.89428524323516
UBERON:0001305	ovarian follicle	ovarian follicle	UBERON:0013191	ovarian cortex	ovarian cortex	896	23.89428524323516
UBERON:0001305	ovarian follicle	ovarian follicle	UBERON:0013191	ovarian cortex	ovarian cortex	895	23.89428524323516
UBERON:0001305	ovarian follicle	ovarian follicle	UBERON:0013191	ovarian cortex	ovarian cortex	893	23.89428524323516
UBERON:0001305	ovarian follicle	ovarian follicle	UBERON:0013191	ovarian cortex	ovarian cortex	916	23.89428524323516
UBERON:0001305	ovarian follicle	ovarian follicle	UBERON:0013191	ovarian cortex	ovarian cortex	1306	23.89428524323516
UBERON:0001305	ovarian follicle	ovarian follicle	UBERON:0013191	ovarian cortex	ovarian cortex	892	23.89428524323516
UBERON:0001305	ovarian follicle	ovarian follicle	UBERON:0013191	ovarian cortex	ovarian cortex	1307	23.89428524323516
UBERON:0001305	ovarian follicle	ovarian follicle	UBERON:0013191	ovarian cortex	ovarian cortex	891	23.89428524323516
UBERON:0001305	ovarian follicle	ovarian follicle	UBERON:0013191	ovarian cortex	ovarian cortex	1308	23.89428524323516
UBERON:0001305	ovarian follicle	ovarian follicle	UBERON:0013191	ovarian cortex	ovarian cortex	890	23.89428524323516
UBERON:0001305	ovarian follicle	ovarian follicle	UBERON:0013191	ovarian cortex	ovarian cortex	1309	23.89428524323516
UBERON:0001305	ovarian follicle	ovarian follicle	UBERON:0013191	ovarian cortex	ovarian cortex	902	23.89428524323516
UBERON:0001305	ovarian follicle	ovarian follicle	UBERON:0013191	ovarian cortex	ovarian cortex	903	23.89428524323516
UBERON:0001305	ovarian follicle	ovarian follicle	UBERON:0013191	ovarian cortex	ovarian cortex	904	23.89428524323516
UBERON:0001305	ovarian follicle	ovarian follicle	UBERON:0013191	ovarian cortex	ovarian cortex	905	23.89428524323516
UBERON:0001305	ovarian follicle	ovarian follicle	UBERON:0013191	ovarian cortex	ovarian cortex	915	23.89428524323516
UBERON:0001305	ovarian follicle	ovarian follicle	UBERON:0013191	ovarian cortex	ovarian cortex	1301	23.89428524323516
UBERON:0001305	ovarian follicle	ovarian follicle	UBERON:0013191	ovarian cortex	ovarian cortex	914	23.89428524323516
UBERON:0001305	ovarian follicle	ovarian follicle	UBERON:0013191	ovarian cortex	ovarian cortex	1302	23.89428524323516
UBERON:0001305	ovarian follicle	ovarian follicle	UBERON:0013191	ovarian cortex	ovarian cortex	913	23.89428524323516
UBERON:0001305	ovarian follicle	ovarian follicle	UBERON:0013191	ovarian cortex	ovarian cortex	1303	23.89428524323516
UBERON:0001305	ovarian follicle	ovarian follicle	UBERON:0013191	ovarian cortex	ovarian cortex	912	23.89428524323516
UBERON:0001305	ovarian follicle	ovarian follicle	UBERON:0013191	ovarian cortex	ovarian cortex	911	23.89428524323516
UBERON:0001305	ovarian follicle	ovarian follicle	UBERON:0013191	ovarian cortex	ovarian cortex	910	23.89428524323516
UBERON:0001305	ovarian follicle	ovarian follicle	UBERON:0013191	ovarian cortex	ovarian cortex	909	23.89428524323516
UBERON:0001305	ovarian follicle	ovarian follicle	UBERON:0013191	ovarian cortex	ovarian cortex	908	23.89428524323516
UBERON:0001305	ovarian follicle	ovarian follicle	UBERON:0013191	ovarian cortex	ovarian cortex	1304	23.89428524323516
UBERON:0001305	ovarian follicle	ovarian follicle	UBERON:0013191	ovarian cortex	ovarian cortex	1305	23.89428524323516
UBERON:0001305	ovarian follicle	ovarian follicle	UBERON:0013191	ovarian cortex	ovarian cortex	907	23.89428524323516
UBERON:0001305	ovarian follicle	ovarian follicle	UBERON:0013191	ovarian cortex	ovarian cortex	906	23.89428524323516
UBERON:0001305	ovarian follicle	ovarian follicle	UBERON:0013191	ovarian cortex	ovarian cortex	889	23.89428524323516
UBERON:0001305	ovarian follicle	ovarian follicle	UBERON:0013191	ovarian cortex	ovarian cortex	1310	23.89428524323516
UBERON:0001305	ovarian follicle	ovarian follicle	UBERON:0013191	ovarian cortex	ovarian cortex	888	23.89428524323516
UBERON:0001305	ovarian follicle	ovarian follicle	UBERON:0013191	ovarian cortex	ovarian cortex	874	23.89428524323516
UBERON:0001305	ovarian follicle	ovarian follicle	UBERON:0013191	ovarian cortex	ovarian cortex	872	23.89428524323516
UBERON:0001305	ovarian follicle	ovarian follicle	UBERON:0013191	ovarian cortex	ovarian cortex	871	23.89428524323516
UBERON:0001305	ovarian follicle	ovarian follicle	UBERON:0013191	ovarian cortex	ovarian cortex	870	23.89428524323516
UBERON:0001305	ovarian follicle	ovarian follicle	UBERON:0013191	ovarian cortex	ovarian cortex	869	23.89428524323516
UBERON:0001305	ovarian follicle	ovarian follicle	UBERON:0013191	ovarian cortex	ovarian cortex	868	23.89428524323516
UBERON:0001305	ovarian follicle	ovarian follicle	UBERON:0013191	ovarian cortex	ovarian cortex	867	23.89428524323516
UBERON:0001305	ovarian follicle	ovarian follicle	UBERON:0013191	ovarian cortex	ovarian cortex	866	23.89428524323516
UBERON:0001305	ovarian follicle	ovarian follicle	UBERON:0013191	ovarian cortex	ovarian cortex	1316	23.89428524323516
UBERON:0001305	ovarian follicle	ovarian follicle	UBERON:0013191	ovarian cortex	ovarian cortex	865	23.89428524323516
UBERON:0001305	ovarian follicle	ovarian follicle	UBERON:0013191	ovarian cortex	ovarian cortex	1317	23.89428524323516
UBERON:0001305	ovarian follicle	ovarian follicle	UBERON:0013191	ovarian cortex	ovarian cortex	864	23.89428524323516
UBERON:0001305	ovarian follicle	ovarian follicle	UBERON:0013191	ovarian cortex	ovarian cortex	1318	23.89428524323516
UBERON:0001305	ovarian follicle	ovarian follicle	UBERON:0013191	ovarian cortex	ovarian cortex	863	23.89428524323516
UBERON:0001305	ovarian follicle	ovarian follicle	UBERON:0013191	ovarian cortex	ovarian cortex	1319	23.89428524323516
UBERON:0001305	ovarian follicle	ovarian follicle	UBERON:0013191	ovarian cortex	ovarian cortex	862	23.89428524323516
UBERON:0001305	ovarian follicle	ovarian follicle	UBERON:0013191	ovarian cortex	ovarian cortex	873	23.89428524323516
UBERON:0001305	ovarian follicle	ovarian follicle	UBERON:0013191	ovarian cortex	ovarian cortex	875	23.89428524323516
UBERON:0001305	ovarian follicle	ovarian follicle	UBERON:0013191	ovarian cortex	ovarian cortex	1311	23.89428524323516
UBERON:0001305	ovarian follicle	ovarian follicle	UBERON:0013191	ovarian cortex	ovarian cortex	876	23.89428524323516
UBERON:0001305	ovarian follicle	ovarian follicle	UBERON:0013191	ovarian cortex	ovarian cortex	887	23.89428524323516
UBERON:0001305	ovarian follicle	ovarian follicle	UBERON:0013191	ovarian cortex	ovarian cortex	1312	23.89428524323516
UBERON:0001305	ovarian follicle	ovarian follicle	UBERON:0013191	ovarian cortex	ovarian cortex	886	23.89428524323516
UBERON:0001305	ovarian follicle	ovarian follicle	UBERON:0013191	ovarian cortex	ovarian cortex	1313	23.89428524323516
UBERON:0001305	ovarian follicle	ovarian follicle	UBERON:0013191	ovarian cortex	ovarian cortex	885	23.89428524323516
UBERON:0001305	ovarian follicle	ovarian follicle	UBERON:0013191	ovarian cortex	ovarian cortex	884	23.89428524323516
UBERON:0001305	ovarian follicle	ovarian follicle	UBERON:0013191	ovarian cortex	ovarian cortex	883	23.89428524323516
UBERON:0001305	ovarian follicle	ovarian follicle	UBERON:0013191	ovarian cortex	ovarian cortex	882	23.89428524323516
UBERON:0001305	ovarian follicle	ovarian follicle	UBERON:0013191	ovarian cortex	ovarian cortex	881	23.89428524323516
UBERON:0001305	ovarian follicle	ovarian follicle	UBERON:0013191	ovarian cortex	ovarian cortex	1314	23.89428524323516
UBERON:0001305	ovarian follicle	ovarian follicle	UBERON:0013191	ovarian cortex	ovarian cortex	1315	23.89428524323516
UBERON:0001305	ovarian follicle	ovarian follicle	UBERON:0013191	ovarian cortex	ovarian cortex	880	23.89428524323516
UBERON:0001305	ovarian follicle	ovarian follicle	UBERON:0013191	ovarian cortex	ovarian cortex	879	23.89428524323516
UBERON:0001305	ovarian follicle	ovarian follicle	UBERON:0013191	ovarian cortex	ovarian cortex	878	23.89428524323516
UBERON:0001305	ovarian follicle	ovarian follicle	UBERON:0013191	ovarian cortex	ovarian cortex	877	23.89428524323516
UBERON:0001305	ovarian follicle	ovarian follicle	UBERON:0013191	ovarian cortex	ovarian cortex	1300	23.89428524323516
UBERON:0001305	ovarian follicle	ovarian follicle	UBERON:0013191	ovarian cortex	ovarian cortex	1299	23.89428524323516
UBERON:0001305	ovarian follicle	ovarian follicle	UBERON:0013191	ovarian cortex	ovarian cortex	1191	23.89428524323516
UBERON:0001305	ovarian follicle	ovarian follicle	UBERON:0013191	ovarian cortex	ovarian cortex	951	23.89428524323516
UBERON:0001305	ovarian follicle	ovarian follicle	UBERON:0013191	ovarian cortex	ovarian cortex	958	23.89428524323516
UBERON:0001305	ovarian follicle	ovarian follicle	UBERON:0013191	ovarian cortex	ovarian cortex	957	23.89428524323516
UBERON:0001305	ovarian follicle	ovarian follicle	UBERON:0013191	ovarian cortex	ovarian cortex	956	23.89428524323516
UBERON:0001305	ovarian follicle	ovarian follicle	UBERON:0013191	ovarian cortex	ovarian cortex	955	23.89428524323516
UBERON:0001305	ovarian follicle	ovarian follicle	UBERON:0013191	ovarian cortex	ovarian cortex	954	23.89428524323516
UBERON:0001305	ovarian follicle	ovarian follicle	UBERON:0013191	ovarian cortex	ovarian cortex	953	23.89428524323516
UBERON:0001305	ovarian follicle	ovarian follicle	UBERON:0013191	ovarian cortex	ovarian cortex	952	23.89428524323516
UBERON:0001305	ovarian follicle	ovarian follicle	UBERON:0013191	ovarian cortex	ovarian cortex	950	23.89428524323516
UBERON:0001305	ovarian follicle	ovarian follicle	UBERON:0013191	ovarian cortex	ovarian cortex	917	23.89428524323516
UBERON:0001305	ovarian follicle	ovarian follicle	UBERON:0013191	ovarian cortex	ovarian cortex	949	23.89428524323516
UBERON:0001305	ovarian follicle	ovarian follicle	UBERON:0013191	ovarian cortex	ovarian cortex	948	23.89428524323516
UBERON:0001305	ovarian follicle	ovarian follicle	UBERON:0013191	ovarian cortex	ovarian cortex	947	23.89428524323516
UBERON:0001305	ovarian follicle	ovarian follicle	UBERON:0013191	ovarian cortex	ovarian cortex	1286	23.89428524323516
UBERON:0001305	ovarian follicle	ovarian follicle	UBERON:0013191	ovarian cortex	ovarian cortex	946	23.89428524323516
UBERON:0001305	ovarian follicle	ovarian follicle	UBERON:0013191	ovarian cortex	ovarian cortex	1287	23.89428524323516
UBERON:0001305	ovarian follicle	ovarian follicle	UBERON:0013191	ovarian cortex	ovarian cortex	945	23.89428524323516
UBERON:0001305	ovarian follicle	ovarian follicle	UBERON:0013191	ovarian cortex	ovarian cortex	959	23.89428524323516
UBERON:0001305	ovarian follicle	ovarian follicle	UBERON:0013191	ovarian cortex	ovarian cortex	960	23.89428524323516
UBERON:0001305	ovarian follicle	ovarian follicle	UBERON:0013191	ovarian cortex	ovarian cortex	961	23.89428524323516
UBERON:0001305	ovarian follicle	ovarian follicle	UBERON:0013191	ovarian cortex	ovarian cortex	1285	23.89428524323516
UBERON:0001305	ovarian follicle	ovarian follicle	UBERON:0013191	ovarian cortex	ovarian cortex	1279	23.89428524323516
UBERON:0001305	ovarian follicle	ovarian follicle	UBERON:0013191	ovarian cortex	ovarian cortex	970	23.89428524323516
UBERON:0001305	ovarian follicle	ovarian follicle	UBERON:0013191	ovarian cortex	ovarian cortex	1280	23.89428524323516
UBERON:0001305	ovarian follicle	ovarian follicle	UBERON:0013191	ovarian cortex	ovarian cortex	969	23.89428524323516
UBERON:0001305	ovarian follicle	ovarian follicle	UBERON:0013191	ovarian cortex	ovarian cortex	1281	23.89428524323516
UBERON:0001305	ovarian follicle	ovarian follicle	UBERON:0013191	ovarian cortex	ovarian cortex	968	23.89428524323516
UBERON:0001305	ovarian follicle	ovarian follicle	UBERON:0013191	ovarian cortex	ovarian cortex	1282	23.89428524323516
UBERON:0001305	ovarian follicle	ovarian follicle	UBERON:0013191	ovarian cortex	ovarian cortex	967	23.89428524323516
UBERON:0001305	ovarian follicle	ovarian follicle	UBERON:0013191	ovarian cortex	ovarian cortex	1283	23.89428524323516
UBERON:0001305	ovarian follicle	ovarian follicle	UBERON:0013191	ovarian cortex	ovarian cortex	966	23.89428524323516
UBERON:0001305	ovarian follicle	ovarian follicle	UBERON:0013191	ovarian cortex	ovarian cortex	965	23.89428524323516
UBERON:0001305	ovarian follicle	ovarian follicle	UBERON:0013191	ovarian cortex	ovarian cortex	964	23.89428524323516
UBERON:0001305	ovarian follicle	ovarian follicle	UBERON:0013191	ovarian cortex	ovarian cortex	963	23.89428524323516
UBERON:0001305	ovarian follicle	ovarian follicle	UBERON:0013191	ovarian cortex	ovarian cortex	962	23.89428524323516
UBERON:0001305	ovarian follicle	ovarian follicle	UBERON:0013191	ovarian cortex	ovarian cortex	1284	23.89428524323516
UBERON:0001305	ovarian follicle	ovarian follicle	UBERON:0013191	ovarian cortex	ovarian cortex	1288	23.89428524323516
UBERON:0001305	ovarian follicle	ovarian follicle	UBERON:0013191	ovarian cortex	ovarian cortex	944	23.89428524323516
UBERON:0001305	ovarian follicle	ovarian follicle	UBERON:0013191	ovarian cortex	ovarian cortex	1289	23.89428524323516
UBERON:0001305	ovarian follicle	ovarian follicle	UBERON:0013191	ovarian cortex	ovarian cortex	931	23.89428524323516
UBERON:0001305	ovarian follicle	ovarian follicle	UBERON:0013191	ovarian cortex	ovarian cortex	929	23.89428524323516
UBERON:0001305	ovarian follicle	ovarian follicle	UBERON:0013191	ovarian cortex	ovarian cortex	928	23.89428524323516
UBERON:0001305	ovarian follicle	ovarian follicle	UBERON:0013191	ovarian cortex	ovarian cortex	927	23.89428524323516
UBERON:0001305	ovarian follicle	ovarian follicle	UBERON:0013191	ovarian cortex	ovarian cortex	926	23.89428524323516
UBERON:0001305	ovarian follicle	ovarian follicle	UBERON:0013191	ovarian cortex	ovarian cortex	925	23.89428524323516
UBERON:0001305	ovarian follicle	ovarian follicle	UBERON:0013191	ovarian cortex	ovarian cortex	924	23.89428524323516
UBERON:0001305	ovarian follicle	ovarian follicle	UBERON:0013191	ovarian cortex	ovarian cortex	923	23.89428524323516
UBERON:0001305	ovarian follicle	ovarian follicle	UBERON:0013191	ovarian cortex	ovarian cortex	922	23.89428524323516
UBERON:0001305	ovarian follicle	ovarian follicle	UBERON:0013191	ovarian cortex	ovarian cortex	921	23.89428524323516
UBERON:0001305	ovarian follicle	ovarian follicle	UBERON:0013191	ovarian cortex	ovarian cortex	920	23.89428524323516
UBERON:0001305	ovarian follicle	ovarian follicle	UBERON:0013191	ovarian cortex	ovarian cortex	1296	23.89428524323516
UBERON:0001305	ovarian follicle	ovarian follicle	UBERON:0013191	ovarian cortex	ovarian cortex	919	23.89428524323516
UBERON:0001305	ovarian follicle	ovarian follicle	UBERON:0013191	ovarian cortex	ovarian cortex	1297	23.89428524323516
UBERON:0001305	ovarian follicle	ovarian follicle	UBERON:0013191	ovarian cortex	ovarian cortex	918	23.89428524323516
UBERON:0001305	ovarian follicle	ovarian follicle	UBERON:0013191	ovarian cortex	ovarian cortex	1298	23.89428524323516
UBERON:0001305	ovarian follicle	ovarian follicle	UBERON:0013191	ovarian cortex	ovarian cortex	930	23.89428524323516
UBERON:0001305	ovarian follicle	ovarian follicle	UBERON:0013191	ovarian cortex	ovarian cortex	932	23.89428524323516
UBERON:0001305	ovarian follicle	ovarian follicle	UBERON:0013191	ovarian cortex	ovarian cortex	943	23.89428524323516
UBERON:0001305	ovarian follicle	ovarian follicle	UBERON:0013191	ovarian cortex	ovarian cortex	933	23.89428524323516
UBERON:0001305	ovarian follicle	ovarian follicle	UBERON:0013191	ovarian cortex	ovarian cortex	1290	23.89428524323516
UBERON:0001305	ovarian follicle	ovarian follicle	UBERON:0013191	ovarian cortex	ovarian cortex	942	23.89428524323516
UBERON:0001305	ovarian follicle	ovarian follicle	UBERON:0013191	ovarian cortex	ovarian cortex	1291	23.89428524323516
UBERON:0001305	ovarian follicle	ovarian follicle	UBERON:0013191	ovarian cortex	ovarian cortex	941	23.89428524323516
UBERON:0001305	ovarian follicle	ovarian follicle	UBERON:0013191	ovarian cortex	ovarian cortex	1292	23.89428524323516
UBERON:0001305	ovarian follicle	ovarian follicle	UBERON:0013191	ovarian cortex	ovarian cortex	940	23.89428524323516
UBERON:0001305	ovarian follicle	ovarian follicle	UBERON:0013191	ovarian cortex	ovarian cortex	1293	23.89428524323516
UBERON:0001305	ovarian follicle	ovarian follicle	UBERON:0013191	ovarian cortex	ovarian cortex	939	23.89428524323516
UBERON:0001305	ovarian follicle	ovarian follicle	UBERON:0013191	ovarian cortex	ovarian cortex	938	23.89428524323516
UBERON:0001305	ovarian follicle	ovarian follicle	UBERON:0013191	ovarian cortex	ovarian cortex	937	23.89428524323516
UBERON:0001305	ovarian follicle	ovarian follicle	UBERON:0013191	ovarian cortex	ovarian cortex	936	23.89428524323516
UBERON:0001305	ovarian follicle	ovarian follicle	UBERON:0013191	ovarian cortex	ovarian cortex	935	23.89428524323516
UBERON:0001305	ovarian follicle	ovarian follicle	UBERON:0013191	ovarian cortex	ovarian cortex	1294	23.89428524323516
UBERON:0001305	ovarian follicle	ovarian follicle	UBERON:0013191	ovarian cortex	ovarian cortex	1295	23.89428524323516
UBERON:0001305	ovarian follicle	ovarian follicle	UBERON:0013191	ovarian cortex	ovarian cortex	934	23.89428524323516
UBERON:0001305	ovarian follicle	ovarian follicle	UBERON:0013191	ovarian cortex	ovarian cortex	1320	23.89428524323516
UBERON:0001305	ovarian follicle	ovarian follicle	UBERON:0013191	ovarian cortex	ovarian cortex	861	23.89428524323516
UBERON:0001305	ovarian follicle	ovarian follicle	UBERON:0013191	ovarian cortex	ovarian cortex	1321	23.89428524323516
UBERON:0001305	ovarian follicle	ovarian follicle	UBERON:0013191	ovarian cortex	ovarian cortex	1347	23.89428524323516
UBERON:0001305	ovarian follicle	ovarian follicle	UBERON:0013191	ovarian cortex	ovarian cortex	787	23.89428524323516
UBERON:0001305	ovarian follicle	ovarian follicle	UBERON:0013191	ovarian cortex	ovarian cortex	786	23.89428524323516
UBERON:0001305	ovarian follicle	ovarian follicle	UBERON:0013191	ovarian cortex	ovarian cortex	785	23.89428524323516
UBERON:0001305	ovarian follicle	ovarian follicle	UBERON:0013191	ovarian cortex	ovarian cortex	1345	23.89428524323516
UBERON:0001305	ovarian follicle	ovarian follicle	UBERON:0013191	ovarian cortex	ovarian cortex	784	23.89428524323516
UBERON:0001305	ovarian follicle	ovarian follicle	UBERON:0013191	ovarian cortex	ovarian cortex	1346	23.89428524323516
UBERON:0001305	ovarian follicle	ovarian follicle	UBERON:0013191	ovarian cortex	ovarian cortex	783	23.89428524323516
UBERON:0001305	ovarian follicle	ovarian follicle	UBERON:0013191	ovarian cortex	ovarian cortex	782	23.89428524323516
UBERON:0001305	ovarian follicle	ovarian follicle	UBERON:0013191	ovarian cortex	ovarian cortex	860	23.89428524323516
UBERON:0001305	ovarian follicle	ovarian follicle	UBERON:0013191	ovarian cortex	ovarian cortex	1348	23.89428524323516
UBERON:0001305	ovarian follicle	ovarian follicle	UBERON:0013191	ovarian cortex	ovarian cortex	781	23.89428524323516
UBERON:0001305	ovarian follicle	ovarian follicle	UBERON:0013191	ovarian cortex	ovarian cortex	1349	23.89428524323516
UBERON:0001305	ovarian follicle	ovarian follicle	UBERON:0013191	ovarian cortex	ovarian cortex	780	23.89428524323516
UBERON:0001305	ovarian follicle	ovarian follicle	UBERON:0013191	ovarian cortex	ovarian cortex	1350	23.89428524323516
UBERON:0001305	ovarian follicle	ovarian follicle	UBERON:0013191	ovarian cortex	ovarian cortex	779	23.89428524323516
UBERON:0001305	ovarian follicle	ovarian follicle	UBERON:0013191	ovarian cortex	ovarian cortex	1351	23.89428524323516
UBERON:0001305	ovarian follicle	ovarian follicle	UBERON:0013191	ovarian cortex	ovarian cortex	788	23.89428524323516
UBERON:0001305	ovarian follicle	ovarian follicle	UBERON:0013191	ovarian cortex	ovarian cortex	789	23.89428524323516
UBERON:0001305	ovarian follicle	ovarian follicle	UBERON:0013191	ovarian cortex	ovarian cortex	790	23.89428524323516
UBERON:0001305	ovarian follicle	ovarian follicle	UBERON:0013191	ovarian cortex	ovarian cortex	791	23.89428524323516
UBERON:0001305	ovarian follicle	ovarian follicle	UBERON:0013191	ovarian cortex	ovarian cortex	1343	23.89428524323516
UBERON:0001305	ovarian follicle	ovarian follicle	UBERON:0013191	ovarian cortex	ovarian cortex	804	23.89428524323516
UBERON:0001305	ovarian follicle	ovarian follicle	UBERON:0013191	ovarian cortex	ovarian cortex	803	23.89428524323516
UBERON:0001305	ovarian follicle	ovarian follicle	UBERON:0013191	ovarian cortex	ovarian cortex	802	23.89428524323516
UBERON:0001305	ovarian follicle	ovarian follicle	UBERON:0013191	ovarian cortex	ovarian cortex	801	23.89428524323516
UBERON:0001305	ovarian follicle	ovarian follicle	UBERON:0013191	ovarian cortex	ovarian cortex	800	23.89428524323516
UBERON:0001305	ovarian follicle	ovarian follicle	UBERON:0013191	ovarian cortex	ovarian cortex	1344	23.89428524323516
UBERON:0001305	ovarian follicle	ovarian follicle	UBERON:0013191	ovarian cortex	ovarian cortex	799	23.89428524323516
UBERON:0001305	ovarian follicle	ovarian follicle	UBERON:0013191	ovarian cortex	ovarian cortex	798	23.89428524323516
UBERON:0001305	ovarian follicle	ovarian follicle	UBERON:0013191	ovarian cortex	ovarian cortex	797	23.89428524323516
UBERON:0001305	ovarian follicle	ovarian follicle	UBERON:0013191	ovarian cortex	ovarian cortex	796	23.89428524323516
UBERON:0001305	ovarian follicle	ovarian follicle	UBERON:0013191	ovarian cortex	ovarian cortex	795	23.89428524323516
UBERON:0001305	ovarian follicle	ovarian follicle	UBERON:0013191	ovarian cortex	ovarian cortex	794	23.89428524323516
UBERON:0001305	ovarian follicle	ovarian follicle	UBERON:0013191	ovarian cortex	ovarian cortex	793	23.89428524323516
UBERON:0001305	ovarian follicle	ovarian follicle	UBERON:0013191	ovarian cortex	ovarian cortex	792	23.89428524323516
UBERON:0001305	ovarian follicle	ovarian follicle	UBERON:0013191	ovarian cortex	ovarian cortex	778	23.89428524323516
UBERON:0001305	ovarian follicle	ovarian follicle	UBERON:0013191	ovarian cortex	ovarian cortex	1352	23.89428524323516
UBERON:0001305	ovarian follicle	ovarian follicle	UBERON:0013191	ovarian cortex	ovarian cortex	777	23.89428524323516
UBERON:0001305	ovarian follicle	ovarian follicle	UBERON:0013191	ovarian cortex	ovarian cortex	759	23.89428524323516
UBERON:0001305	ovarian follicle	ovarian follicle	UBERON:0013191	ovarian cortex	ovarian cortex	1354	23.89428524323516
UBERON:0001305	ovarian follicle	ovarian follicle	UBERON:0013191	ovarian cortex	ovarian cortex	757	23.89428524323516
UBERON:0001305	ovarian follicle	ovarian follicle	UBERON:0013191	ovarian cortex	ovarian cortex	1355	23.89428524323516
UBERON:0001305	ovarian follicle	ovarian follicle	UBERON:0013191	ovarian cortex	ovarian cortex	756	23.89428524323516
UBERON:0001305	ovarian follicle	ovarian follicle	UBERON:0013191	ovarian cortex	ovarian cortex	1356	23.89428524323516
UBERON:0001305	ovarian follicle	ovarian follicle	UBERON:0013191	ovarian cortex	ovarian cortex	755	23.89428524323516
UBERON:0001305	ovarian follicle	ovarian follicle	UBERON:0013191	ovarian cortex	ovarian cortex	1357	23.89428524323516
UBERON:0001305	ovarian follicle	ovarian follicle	UBERON:0013191	ovarian cortex	ovarian cortex	754	23.89428524323516
UBERON:0001305	ovarian follicle	ovarian follicle	UBERON:0013191	ovarian cortex	ovarian cortex	1358	23.89428524323516
UBERON:0001305	ovarian follicle	ovarian follicle	UBERON:0013191	ovarian cortex	ovarian cortex	753	23.89428524323516
UBERON:0001305	ovarian follicle	ovarian follicle	UBERON:0013191	ovarian cortex	ovarian cortex	1359	23.89428524323516
UBERON:0001305	ovarian follicle	ovarian follicle	UBERON:0013191	ovarian cortex	ovarian cortex	752	23.89428524323516
UBERON:0001305	ovarian follicle	ovarian follicle	UBERON:0013191	ovarian cortex	ovarian cortex	1360	23.89428524323516
UBERON:0001305	ovarian follicle	ovarian follicle	UBERON:0013191	ovarian cortex	ovarian cortex	751	23.89428524323516
UBERON:0001305	ovarian follicle	ovarian follicle	UBERON:0013191	ovarian cortex	ovarian cortex	1361	23.89428524323516
UBERON:0001305	ovarian follicle	ovarian follicle	UBERON:0013191	ovarian cortex	ovarian cortex	758	23.89428524323516
UBERON:0001305	ovarian follicle	ovarian follicle	UBERON:0013191	ovarian cortex	ovarian cortex	760	23.89428524323516
UBERON:0001305	ovarian follicle	ovarian follicle	UBERON:0013191	ovarian cortex	ovarian cortex	776	23.89428524323516
UBERON:0001305	ovarian follicle	ovarian follicle	UBERON:0013191	ovarian cortex	ovarian cortex	761	23.89428524323516
UBERON:0001305	ovarian follicle	ovarian follicle	UBERON:0013191	ovarian cortex	ovarian cortex	775	23.89428524323516
UBERON:0001305	ovarian follicle	ovarian follicle	UBERON:0013191	ovarian cortex	ovarian cortex	774	23.89428524323516
UBERON:0001305	ovarian follicle	ovarian follicle	UBERON:0013191	ovarian cortex	ovarian cortex	773	23.89428524323516
UBERON:0001305	ovarian follicle	ovarian follicle	UBERON:0013191	ovarian cortex	ovarian cortex	1353	23.89428524323516
UBERON:0001305	ovarian follicle	ovarian follicle	UBERON:0013191	ovarian cortex	ovarian cortex	772	23.89428524323516
UBERON:0001305	ovarian follicle	ovarian follicle	UBERON:0013191	ovarian cortex	ovarian cortex	771	23.89428524323516
UBERON:0001305	ovarian follicle	ovarian follicle	UBERON:0013191	ovarian cortex	ovarian cortex	770	23.89428524323516
UBERON:0001305	ovarian follicle	ovarian follicle	UBERON:0013191	ovarian cortex	ovarian cortex	769	23.89428524323516
UBERON:0001305	ovarian follicle	ovarian follicle	UBERON:0013191	ovarian cortex	ovarian cortex	768	23.89428524323516
UBERON:0001305	ovarian follicle	ovarian follicle	UBERON:0013191	ovarian cortex	ovarian cortex	767	23.89428524323516
UBERON:0001305	ovarian follicle	ovarian follicle	UBERON:0013191	ovarian cortex	ovarian cortex	766	23.89428524323516
UBERON:0001305	ovarian follicle	ovarian follicle	UBERON:0013191	ovarian cortex	ovarian cortex	765	23.89428524323516
UBERON:0001305	ovarian follicle	ovarian follicle	UBERON:0013191	ovarian cortex	ovarian cortex	764	23.89428524323516
UBERON:0001305	ovarian follicle	ovarian follicle	UBERON:0013191	ovarian cortex	ovarian cortex	763	23.89428524323516
UBERON:0001305	ovarian follicle	ovarian follicle	UBERON:0013191	ovarian cortex	ovarian cortex	762	23.89428524323516
UBERON:0001305	ovarian follicle	ovarian follicle	UBERON:0013191	ovarian cortex	ovarian cortex	805	23.89428524323516
UBERON:0001305	ovarian follicle	ovarian follicle	UBERON:0013191	ovarian cortex	ovarian cortex	1342	23.89428524323516
UBERON:0001305	ovarian follicle	ovarian follicle	UBERON:0013191	ovarian cortex	ovarian cortex	806	23.89428524323516
UBERON:0001305	ovarian follicle	ovarian follicle	UBERON:0013191	ovarian cortex	ovarian cortex	846	23.89428524323516
UBERON:0001305	ovarian follicle	ovarian follicle	UBERON:0013191	ovarian cortex	ovarian cortex	844	23.89428524323516
UBERON:0001305	ovarian follicle	ovarian follicle	UBERON:0013191	ovarian cortex	ovarian cortex	843	23.89428524323516
UBERON:0001305	ovarian follicle	ovarian follicle	UBERON:0013191	ovarian cortex	ovarian cortex	842	23.89428524323516
UBERON:0001305	ovarian follicle	ovarian follicle	UBERON:0013191	ovarian cortex	ovarian cortex	841	23.89428524323516
UBERON:0001305	ovarian follicle	ovarian follicle	UBERON:0013191	ovarian cortex	ovarian cortex	840	23.89428524323516
UBERON:0001305	ovarian follicle	ovarian follicle	UBERON:0013191	ovarian cortex	ovarian cortex	839	23.89428524323516
UBERON:0001305	ovarian follicle	ovarian follicle	UBERON:0013191	ovarian cortex	ovarian cortex	1326	23.89428524323516
UBERON:0001305	ovarian follicle	ovarian follicle	UBERON:0013191	ovarian cortex	ovarian cortex	838	23.89428524323516
UBERON:0001305	ovarian follicle	ovarian follicle	UBERON:0013191	ovarian cortex	ovarian cortex	1327	23.89428524323516
UBERON:0001305	ovarian follicle	ovarian follicle	UBERON:0013191	ovarian cortex	ovarian cortex	837	23.89428524323516
UBERON:0001305	ovarian follicle	ovarian follicle	UBERON:0013191	ovarian cortex	ovarian cortex	1328	23.89428524323516
UBERON:0001305	ovarian follicle	ovarian follicle	UBERON:0013191	ovarian cortex	ovarian cortex	836	23.89428524323516
UBERON:0001305	ovarian follicle	ovarian follicle	UBERON:0013191	ovarian cortex	ovarian cortex	1329	23.89428524323516
UBERON:0001305	ovarian follicle	ovarian follicle	UBERON:0013191	ovarian cortex	ovarian cortex	835	23.89428524323516
UBERON:0001305	ovarian follicle	ovarian follicle	UBERON:0013191	ovarian cortex	ovarian cortex	1330	23.89428524323516
UBERON:0001305	ovarian follicle	ovarian follicle	UBERON:0013191	ovarian cortex	ovarian cortex	845	23.89428524323516
UBERON:0001305	ovarian follicle	ovarian follicle	UBERON:0013191	ovarian cortex	ovarian cortex	847	23.89428524323516
UBERON:0001305	ovarian follicle	ovarian follicle	UBERON:0013191	ovarian cortex	ovarian cortex	1331	23.89428524323516
UBERON:0001305	ovarian follicle	ovarian follicle	UBERON:0013191	ovarian cortex	ovarian cortex	848	23.89428524323516
UBERON:0001305	ovarian follicle	ovarian follicle	UBERON:0013191	ovarian cortex	ovarian cortex	1322	23.89428524323516
UBERON:0001305	ovarian follicle	ovarian follicle	UBERON:0013191	ovarian cortex	ovarian cortex	859	23.89428524323516
UBERON:0001305	ovarian follicle	ovarian follicle	UBERON:0013191	ovarian cortex	ovarian cortex	1323	23.89428524323516
UBERON:0001305	ovarian follicle	ovarian follicle	UBERON:0013191	ovarian cortex	ovarian cortex	858	23.89428524323516
UBERON:0001305	ovarian follicle	ovarian follicle	UBERON:0013191	ovarian cortex	ovarian cortex	857	23.89428524323516
UBERON:0001305	ovarian follicle	ovarian follicle	UBERON:0013191	ovarian cortex	ovarian cortex	856	23.89428524323516
UBERON:0001305	ovarian follicle	ovarian follicle	UBERON:0013191	ovarian cortex	ovarian cortex	855	23.89428524323516
UBERON:0001305	ovarian follicle	ovarian follicle	UBERON:0013191	ovarian cortex	ovarian cortex	854	23.89428524323516
UBERON:0001305	ovarian follicle	ovarian follicle	UBERON:0013191	ovarian cortex	ovarian cortex	1324	23.89428524323516
UBERON:0001305	ovarian follicle	ovarian follicle	UBERON:0013191	ovarian cortex	ovarian cortex	1325	23.89428524323516
UBERON:0001305	ovarian follicle	ovarian follicle	UBERON:0013191	ovarian cortex	ovarian cortex	853	23.89428524323516
UBERON:0001305	ovarian follicle	ovarian follicle	UBERON:0013191	ovarian cortex	ovarian cortex	852	23.89428524323516
UBERON:0001305	ovarian follicle	ovarian follicle	UBERON:0013191	ovarian cortex	ovarian cortex	851	23.89428524323516
UBERON:0001305	ovarian follicle	ovarian follicle	UBERON:0013191	ovarian cortex	ovarian cortex	850	23.89428524323516
UBERON:0001305	ovarian follicle	ovarian follicle	UBERON:0013191	ovarian cortex	ovarian cortex	849	23.89428524323516
UBERON:0001305	ovarian follicle	ovarian follicle	UBERON:0013191	ovarian cortex	ovarian cortex	834	23.89428524323516
UBERON:0001305	ovarian follicle	ovarian follicle	UBERON:0013191	ovarian cortex	ovarian cortex	833	23.89428524323516
UBERON:0001305	ovarian follicle	ovarian follicle	UBERON:0013191	ovarian cortex	ovarian cortex	1341	23.89428524323516
UBERON:0001305	ovarian follicle	ovarian follicle	UBERON:0013191	ovarian cortex	ovarian cortex	818	23.89428524323516
UBERON:0001305	ovarian follicle	ovarian follicle	UBERON:0013191	ovarian cortex	ovarian cortex	816	23.89428524323516
UBERON:0001305	ovarian follicle	ovarian follicle	UBERON:0013191	ovarian cortex	ovarian cortex	815	23.89428524323516
UBERON:0001305	ovarian follicle	ovarian follicle	UBERON:0013191	ovarian cortex	ovarian cortex	814	23.89428524323516
UBERON:0001305	ovarian follicle	ovarian follicle	UBERON:0013191	ovarian cortex	ovarian cortex	813	23.89428524323516
UBERON:0001305	ovarian follicle	ovarian follicle	UBERON:0013191	ovarian cortex	ovarian cortex	812	23.89428524323516
UBERON:0001305	ovarian follicle	ovarian follicle	UBERON:0013191	ovarian cortex	ovarian cortex	1336	23.89428524323516
UBERON:0001305	ovarian follicle	ovarian follicle	UBERON:0013191	ovarian cortex	ovarian cortex	811	23.89428524323516
UBERON:0001305	ovarian follicle	ovarian follicle	UBERON:0013191	ovarian cortex	ovarian cortex	1337	23.89428524323516
UBERON:0001305	ovarian follicle	ovarian follicle	UBERON:0013191	ovarian cortex	ovarian cortex	810	23.89428524323516
UBERON:0001305	ovarian follicle	ovarian follicle	UBERON:0013191	ovarian cortex	ovarian cortex	1338	23.89428524323516
UBERON:0001305	ovarian follicle	ovarian follicle	UBERON:0013191	ovarian cortex	ovarian cortex	809	23.89428524323516
UBERON:0001305	ovarian follicle	ovarian follicle	UBERON:0013191	ovarian cortex	ovarian cortex	1339	23.89428524323516
UBERON:0001305	ovarian follicle	ovarian follicle	UBERON:0013191	ovarian cortex	ovarian cortex	808	23.89428524323516
UBERON:0001305	ovarian follicle	ovarian follicle	UBERON:0013191	ovarian cortex	ovarian cortex	1340	23.89428524323516
UBERON:0001305	ovarian follicle	ovarian follicle	UBERON:0013191	ovarian cortex	ovarian cortex	807	23.89428524323516
UBERON:0001305	ovarian follicle	ovarian follicle	UBERON:0013191	ovarian cortex	ovarian cortex	817	23.89428524323516
UBERON:0001305	ovarian follicle	ovarian follicle	UBERON:0013191	ovarian cortex	ovarian cortex	819	23.89428524323516
UBERON:0001305	ovarian follicle	ovarian follicle	UBERON:0013191	ovarian cortex	ovarian cortex	1332	23.89428524323516
UBERON:0001305	ovarian follicle	ovarian follicle	UBERON:0013191	ovarian cortex	ovarian cortex	820	23.89428524323516
UBERON:0001305	ovarian follicle	ovarian follicle	UBERON:0013191	ovarian cortex	ovarian cortex	832	23.89428524323516
UBERON:0001305	ovarian follicle	ovarian follicle	UBERON:0013191	ovarian cortex	ovarian cortex	1333	23.89428524323516
UBERON:0001305	ovarian follicle	ovarian follicle	UBERON:0013191	ovarian cortex	ovarian cortex	831	23.89428524323516
UBERON:0001305	ovarian follicle	ovarian follicle	UBERON:0013191	ovarian cortex	ovarian cortex	830	23.89428524323516
UBERON:0001305	ovarian follicle	ovarian follicle	UBERON:0013191	ovarian cortex	ovarian cortex	829	23.89428524323516
UBERON:0001305	ovarian follicle	ovarian follicle	UBERON:0013191	ovarian cortex	ovarian cortex	828	23.89428524323516
UBERON:0001305	ovarian follicle	ovarian follicle	UBERON:0013191	ovarian cortex	ovarian cortex	827	23.89428524323516
UBERON:0001305	ovarian follicle	ovarian follicle	UBERON:0013191	ovarian cortex	ovarian cortex	1334	23.89428524323516
UBERON:0001305	ovarian follicle	ovarian follicle	UBERON:0013191	ovarian cortex	ovarian cortex	1335	23.89428524323516
UBERON:0001305	ovarian follicle	ovarian follicle	UBERON:0013191	ovarian cortex	ovarian cortex	826	23.89428524323516
UBERON:0001305	ovarian follicle	ovarian follicle	UBERON:0013191	ovarian cortex	ovarian cortex	825	23.89428524323516
UBERON:0001305	ovarian follicle	ovarian follicle	UBERON:0013191	ovarian cortex	ovarian cortex	824	23.89428524323516
UBERON:0001305	ovarian follicle	ovarian follicle	UBERON:0013191	ovarian cortex	ovarian cortex	823	23.89428524323516
UBERON:0001305	ovarian follicle	ovarian follicle	UBERON:0013191	ovarian cortex	ovarian cortex	822	23.89428524323516
UBERON:0001305	ovarian follicle	ovarian follicle	UBERON:0013191	ovarian cortex	ovarian cortex	821	23.89428524323516
UBERON:0001305	ovarian follicle	ovarian follicle	UBERON:0013191	ovarian cortex	ovarian cortex	971	23.89428524323516
UBERON:0001305	ovarian follicle	ovarian follicle	UBERON:0013191	ovarian cortex	ovarian cortex	1278	23.89428524323516
UBERON:0001305	ovarian follicle	ovarian follicle	UBERON:0013191	ovarian cortex	ovarian cortex	972	23.89428524323516
UBERON:0001305	ovarian follicle	ovarian follicle	UBERON:0013191	ovarian cortex	ovarian cortex	1114	23.89428524323516
UBERON:0001305	ovarian follicle	ovarian follicle	UBERON:0013191	ovarian cortex	ovarian cortex	1120	23.89428524323516
UBERON:0001305	ovarian follicle	ovarian follicle	UBERON:0013191	ovarian cortex	ovarian cortex	1119	23.89428524323516
UBERON:0001305	ovarian follicle	ovarian follicle	UBERON:0013191	ovarian cortex	ovarian cortex	1218	23.89428524323516
UBERON:0001305	ovarian follicle	ovarian follicle	UBERON:0013191	ovarian cortex	ovarian cortex	1118	23.89428524323516
UBERON:0001305	ovarian follicle	ovarian follicle	UBERON:0013191	ovarian cortex	ovarian cortex	1117	23.89428524323516
UBERON:0001305	ovarian follicle	ovarian follicle	UBERON:0013191	ovarian cortex	ovarian cortex	1116	23.89428524323516
UBERON:0001305	ovarian follicle	ovarian follicle	UBERON:0013191	ovarian cortex	ovarian cortex	1115	23.89428524323516
UBERON:0001305	ovarian follicle	ovarian follicle	UBERON:0013191	ovarian cortex	ovarian cortex	1219	23.89428524323516
UBERON:0001305	ovarian follicle	ovarian follicle	UBERON:0013191	ovarian cortex	ovarian cortex	1078	23.89428524323516
UBERON:0001305	ovarian follicle	ovarian follicle	UBERON:0013191	ovarian cortex	ovarian cortex	1113	23.89428524323516
UBERON:0001305	ovarian follicle	ovarian follicle	UBERON:0013191	ovarian cortex	ovarian cortex	1112	23.89428524323516
UBERON:0001305	ovarian follicle	ovarian follicle	UBERON:0013191	ovarian cortex	ovarian cortex	1111	23.89428524323516
UBERON:0001305	ovarian follicle	ovarian follicle	UBERON:0013191	ovarian cortex	ovarian cortex	1110	23.89428524323516
UBERON:0001305	ovarian follicle	ovarian follicle	UBERON:0013191	ovarian cortex	ovarian cortex	1109	23.89428524323516
UBERON:0001305	ovarian follicle	ovarian follicle	UBERON:0013191	ovarian cortex	ovarian cortex	1220	23.89428524323516
UBERON:0001305	ovarian follicle	ovarian follicle	UBERON:0013191	ovarian cortex	ovarian cortex	1108	23.89428524323516
UBERON:0001305	ovarian follicle	ovarian follicle	UBERON:0013191	ovarian cortex	ovarian cortex	1121	23.89428524323516
UBERON:0001305	ovarian follicle	ovarian follicle	UBERON:0013191	ovarian cortex	ovarian cortex	1122	23.89428524323516
UBERON:0001305	ovarian follicle	ovarian follicle	UBERON:0013191	ovarian cortex	ovarian cortex	1123	23.89428524323516
UBERON:0001305	ovarian follicle	ovarian follicle	UBERON:0013191	ovarian cortex	ovarian cortex	1217	23.89428524323516
UBERON:0001305	ovarian follicle	ovarian follicle	UBERON:0013191	ovarian cortex	ovarian cortex	1133	23.89428524323516
UBERON:0001305	ovarian follicle	ovarian follicle	UBERON:0013191	ovarian cortex	ovarian cortex	1132	23.89428524323516
UBERON:0001305	ovarian follicle	ovarian follicle	UBERON:0013191	ovarian cortex	ovarian cortex	1131	23.89428524323516
UBERON:0001305	ovarian follicle	ovarian follicle	UBERON:0013191	ovarian cortex	ovarian cortex	1130	23.89428524323516
UBERON:0001305	ovarian follicle	ovarian follicle	UBERON:0013191	ovarian cortex	ovarian cortex	1129	23.89428524323516
UBERON:0001305	ovarian follicle	ovarian follicle	UBERON:0013191	ovarian cortex	ovarian cortex	1212	23.89428524323516
UBERON:0001305	ovarian follicle	ovarian follicle	UBERON:0013191	ovarian cortex	ovarian cortex	1128	23.89428524323516
UBERON:0001305	ovarian follicle	ovarian follicle	UBERON:0013191	ovarian cortex	ovarian cortex	1213	23.89428524323516
UBERON:0001305	ovarian follicle	ovarian follicle	UBERON:0013191	ovarian cortex	ovarian cortex	1127	23.89428524323516
UBERON:0001305	ovarian follicle	ovarian follicle	UBERON:0013191	ovarian cortex	ovarian cortex	1214	23.89428524323516
UBERON:0001305	ovarian follicle	ovarian follicle	UBERON:0013191	ovarian cortex	ovarian cortex	1126	23.89428524323516
UBERON:0001305	ovarian follicle	ovarian follicle	UBERON:0013191	ovarian cortex	ovarian cortex	1215	23.89428524323516
UBERON:0001305	ovarian follicle	ovarian follicle	UBERON:0013191	ovarian cortex	ovarian cortex	1125	23.89428524323516
UBERON:0001305	ovarian follicle	ovarian follicle	UBERON:0013191	ovarian cortex	ovarian cortex	1216	23.89428524323516
UBERON:0001305	ovarian follicle	ovarian follicle	UBERON:0013191	ovarian cortex	ovarian cortex	1124	23.89428524323516
UBERON:0001305	ovarian follicle	ovarian follicle	UBERON:0013191	ovarian cortex	ovarian cortex	1107	23.89428524323516
UBERON:0001305	ovarian follicle	ovarian follicle	UBERON:0013191	ovarian cortex	ovarian cortex	1106	23.89428524323516
UBERON:0001305	ovarian follicle	ovarian follicle	UBERON:0013191	ovarian cortex	ovarian cortex	1105	23.89428524323516
UBERON:0001305	ovarian follicle	ovarian follicle	UBERON:0013191	ovarian cortex	ovarian cortex	1093	23.89428524323516
UBERON:0001305	ovarian follicle	ovarian follicle	UBERON:0013191	ovarian cortex	ovarian cortex	1091	23.89428524323516
UBERON:0001305	ovarian follicle	ovarian follicle	UBERON:0013191	ovarian cortex	ovarian cortex	1090	23.89428524323516
UBERON:0001305	ovarian follicle	ovarian follicle	UBERON:0013191	ovarian cortex	ovarian cortex	1089	23.89428524323516
UBERON:0001305	ovarian follicle	ovarian follicle	UBERON:0013191	ovarian cortex	ovarian cortex	1228	23.89428524323516
UBERON:0001305	ovarian follicle	ovarian follicle	UBERON:0013191	ovarian cortex	ovarian cortex	1088	23.89428524323516
UBERON:0001305	ovarian follicle	ovarian follicle	UBERON:0013191	ovarian cortex	ovarian cortex	1087	23.89428524323516
UBERON:0001305	ovarian follicle	ovarian follicle	UBERON:0013191	ovarian cortex	ovarian cortex	1086	23.89428524323516
UBERON:0001305	ovarian follicle	ovarian follicle	UBERON:0013191	ovarian cortex	ovarian cortex	1085	23.89428524323516
UBERON:0001305	ovarian follicle	ovarian follicle	UBERON:0013191	ovarian cortex	ovarian cortex	1084	23.89428524323516
UBERON:0001305	ovarian follicle	ovarian follicle	UBERON:0013191	ovarian cortex	ovarian cortex	1229	23.89428524323516
UBERON:0001305	ovarian follicle	ovarian follicle	UBERON:0013191	ovarian cortex	ovarian cortex	1083	23.89428524323516
UBERON:0001305	ovarian follicle	ovarian follicle	UBERON:0013191	ovarian cortex	ovarian cortex	1082	23.89428524323516
UBERON:0001305	ovarian follicle	ovarian follicle	UBERON:0013191	ovarian cortex	ovarian cortex	1081	23.89428524323516
UBERON:0001305	ovarian follicle	ovarian follicle	UBERON:0013191	ovarian cortex	ovarian cortex	1080	23.89428524323516
UBERON:0001305	ovarian follicle	ovarian follicle	UBERON:0013191	ovarian cortex	ovarian cortex	1079	23.89428524323516
UBERON:0001305	ovarian follicle	ovarian follicle	UBERON:0013191	ovarian cortex	ovarian cortex	1092	23.89428524323516
UBERON:0001305	ovarian follicle	ovarian follicle	UBERON:0013191	ovarian cortex	ovarian cortex	1227	23.89428524323516
UBERON:0001305	ovarian follicle	ovarian follicle	UBERON:0013191	ovarian cortex	ovarian cortex	1104	23.89428524323516
UBERON:0001305	ovarian follicle	ovarian follicle	UBERON:0013191	ovarian cortex	ovarian cortex	1094	23.89428524323516
UBERON:0001305	ovarian follicle	ovarian follicle	UBERON:0013191	ovarian cortex	ovarian cortex	1221	23.89428524323516
UBERON:0001305	ovarian follicle	ovarian follicle	UBERON:0013191	ovarian cortex	ovarian cortex	1103	23.89428524323516
UBERON:0001305	ovarian follicle	ovarian follicle	UBERON:0013191	ovarian cortex	ovarian cortex	1222	23.89428524323516
UBERON:0001305	ovarian follicle	ovarian follicle	UBERON:0013191	ovarian cortex	ovarian cortex	1102	23.89428524323516
UBERON:0001305	ovarian follicle	ovarian follicle	UBERON:0013191	ovarian cortex	ovarian cortex	1223	23.89428524323516
UBERON:0001305	ovarian follicle	ovarian follicle	UBERON:0013191	ovarian cortex	ovarian cortex	1101	23.89428524323516
UBERON:0001305	ovarian follicle	ovarian follicle	UBERON:0013191	ovarian cortex	ovarian cortex	1224	23.89428524323516
UBERON:0001305	ovarian follicle	ovarian follicle	UBERON:0013191	ovarian cortex	ovarian cortex	1100	23.89428524323516
UBERON:0001305	ovarian follicle	ovarian follicle	UBERON:0013191	ovarian cortex	ovarian cortex	1225	23.89428524323516
UBERON:0001305	ovarian follicle	ovarian follicle	UBERON:0013191	ovarian cortex	ovarian cortex	1099	23.89428524323516
UBERON:0001305	ovarian follicle	ovarian follicle	UBERON:0013191	ovarian cortex	ovarian cortex	1226	23.89428524323516
UBERON:0001305	ovarian follicle	ovarian follicle	UBERON:0013191	ovarian cortex	ovarian cortex	1098	23.89428524323516
UBERON:0001305	ovarian follicle	ovarian follicle	UBERON:0013191	ovarian cortex	ovarian cortex	1097	23.89428524323516
UBERON:0001305	ovarian follicle	ovarian follicle	UBERON:0013191	ovarian cortex	ovarian cortex	1096	23.89428524323516
UBERON:0001305	ovarian follicle	ovarian follicle	UBERON:0013191	ovarian cortex	ovarian cortex	1095	23.89428524323516
UBERON:0001305	ovarian follicle	ovarian follicle	UBERON:0013191	ovarian cortex	ovarian cortex	1211	23.89428524323516
UBERON:0001305	ovarian follicle	ovarian follicle	UBERON:0013191	ovarian cortex	ovarian cortex	1134	23.89428524323516
UBERON:0001305	ovarian follicle	ovarian follicle	UBERON:0013191	ovarian cortex	ovarian cortex	1135	23.89428524323516
UBERON:0001305	ovarian follicle	ovarian follicle	UBERON:0013191	ovarian cortex	ovarian cortex	1196	23.89428524323516
UBERON:0001305	ovarian follicle	ovarian follicle	UBERON:0013191	ovarian cortex	ovarian cortex	1197	23.89428524323516
UBERON:0001305	ovarian follicle	ovarian follicle	UBERON:0013191	ovarian cortex	ovarian cortex	1175	23.89428524323516
UBERON:0001305	ovarian follicle	ovarian follicle	UBERON:0013191	ovarian cortex	ovarian cortex	1198	23.89428524323516
UBERON:0001305	ovarian follicle	ovarian follicle	UBERON:0013191	ovarian cortex	ovarian cortex	1174	23.89428524323516
UBERON:0001305	ovarian follicle	ovarian follicle	UBERON:0013191	ovarian cortex	ovarian cortex	1199	23.89428524323516
UBERON:0001305	ovarian follicle	ovarian follicle	UBERON:0013191	ovarian cortex	ovarian cortex	1173	23.89428524323516
UBERON:0001305	ovarian follicle	ovarian follicle	UBERON:0013191	ovarian cortex	ovarian cortex	1172	23.89428524323516
UBERON:0001305	ovarian follicle	ovarian follicle	UBERON:0013191	ovarian cortex	ovarian cortex	1171	23.89428524323516
UBERON:0001305	ovarian follicle	ovarian follicle	UBERON:0013191	ovarian cortex	ovarian cortex	1170	23.89428524323516
UBERON:0001305	ovarian follicle	ovarian follicle	UBERON:0013191	ovarian cortex	ovarian cortex	1169	23.89428524323516
UBERON:0001305	ovarian follicle	ovarian follicle	UBERON:0013191	ovarian cortex	ovarian cortex	1200	23.89428524323516
UBERON:0001305	ovarian follicle	ovarian follicle	UBERON:0013191	ovarian cortex	ovarian cortex	1168	23.89428524323516
UBERON:0001305	ovarian follicle	ovarian follicle	UBERON:0013191	ovarian cortex	ovarian cortex	1167	23.89428524323516
UBERON:0001305	ovarian follicle	ovarian follicle	UBERON:0013191	ovarian cortex	ovarian cortex	1166	23.89428524323516
UBERON:0001305	ovarian follicle	ovarian follicle	UBERON:0013191	ovarian cortex	ovarian cortex	1165	23.89428524323516
UBERON:0001305	ovarian follicle	ovarian follicle	UBERON:0013191	ovarian cortex	ovarian cortex	1176	23.89428524323516
UBERON:0001305	ovarian follicle	ovarian follicle	UBERON:0013191	ovarian cortex	ovarian cortex	1177	23.89428524323516
UBERON:0001305	ovarian follicle	ovarian follicle	UBERON:0013191	ovarian cortex	ovarian cortex	1201	23.89428524323516
UBERON:0001305	ovarian follicle	ovarian follicle	UBERON:0013191	ovarian cortex	ovarian cortex	1195	23.89428524323516
UBERON:0001305	ovarian follicle	ovarian follicle	UBERON:0013191	ovarian cortex	ovarian cortex	1189	23.89428524323516
UBERON:0001305	ovarian follicle	ovarian follicle	UBERON:0013191	ovarian cortex	ovarian cortex	1192	23.89428524323516
UBERON:0001305	ovarian follicle	ovarian follicle	UBERON:0013191	ovarian cortex	ovarian cortex	1188	23.89428524323516
UBERON:0001305	ovarian follicle	ovarian follicle	UBERON:0013191	ovarian cortex	ovarian cortex	1187	23.89428524323516
UBERON:0001305	ovarian follicle	ovarian follicle	UBERON:0013191	ovarian cortex	ovarian cortex	1186	23.89428524323516
UBERON:0001305	ovarian follicle	ovarian follicle	UBERON:0013191	ovarian cortex	ovarian cortex	1185	23.89428524323516
UBERON:0001305	ovarian follicle	ovarian follicle	UBERON:0013191	ovarian cortex	ovarian cortex	1184	23.89428524323516
UBERON:0001305	ovarian follicle	ovarian follicle	UBERON:0013191	ovarian cortex	ovarian cortex	1193	23.89428524323516
UBERON:0001305	ovarian follicle	ovarian follicle	UBERON:0013191	ovarian cortex	ovarian cortex	1183	23.89428524323516
UBERON:0001305	ovarian follicle	ovarian follicle	UBERON:0013191	ovarian cortex	ovarian cortex	1182	23.89428524323516
UBERON:0001305	ovarian follicle	ovarian follicle	UBERON:0013191	ovarian cortex	ovarian cortex	1181	23.89428524323516
UBERON:0001305	ovarian follicle	ovarian follicle	UBERON:0013191	ovarian cortex	ovarian cortex	1180	23.89428524323516
UBERON:0001305	ovarian follicle	ovarian follicle	UBERON:0013191	ovarian cortex	ovarian cortex	1179	23.89428524323516
UBERON:0001305	ovarian follicle	ovarian follicle	UBERON:0013191	ovarian cortex	ovarian cortex	1194	23.89428524323516
UBERON:0001305	ovarian follicle	ovarian follicle	UBERON:0013191	ovarian cortex	ovarian cortex	1178	23.89428524323516
UBERON:0001305	ovarian follicle	ovarian follicle	UBERON:0013191	ovarian cortex	ovarian cortex	1164	23.89428524323516
UBERON:0001305	ovarian follicle	ovarian follicle	UBERON:0013191	ovarian cortex	ovarian cortex	1163	23.89428524323516
UBERON:0001305	ovarian follicle	ovarian follicle	UBERON:0013191	ovarian cortex	ovarian cortex	1136	23.89428524323516
UBERON:0001305	ovarian follicle	ovarian follicle	UBERON:0013191	ovarian cortex	ovarian cortex	1207	23.89428524323516
UBERON:0001305	ovarian follicle	ovarian follicle	UBERON:0013191	ovarian cortex	ovarian cortex	1208	23.89428524323516
UBERON:0001305	ovarian follicle	ovarian follicle	UBERON:0013191	ovarian cortex	ovarian cortex	1148	23.89428524323516
UBERON:0001305	ovarian follicle	ovarian follicle	UBERON:0013191	ovarian cortex	ovarian cortex	1147	23.89428524323516
UBERON:0001305	ovarian follicle	ovarian follicle	UBERON:0013191	ovarian cortex	ovarian cortex	1146	23.89428524323516
UBERON:0001305	ovarian follicle	ovarian follicle	UBERON:0013191	ovarian cortex	ovarian cortex	1145	23.89428524323516
UBERON:0001305	ovarian follicle	ovarian follicle	UBERON:0013191	ovarian cortex	ovarian cortex	1144	23.89428524323516
UBERON:0001305	ovarian follicle	ovarian follicle	UBERON:0013191	ovarian cortex	ovarian cortex	1209	23.89428524323516
UBERON:0001305	ovarian follicle	ovarian follicle	UBERON:0013191	ovarian cortex	ovarian cortex	1143	23.89428524323516
UBERON:0001305	ovarian follicle	ovarian follicle	UBERON:0013191	ovarian cortex	ovarian cortex	1142	23.89428524323516
UBERON:0001305	ovarian follicle	ovarian follicle	UBERON:0013191	ovarian cortex	ovarian cortex	1141	23.89428524323516
UBERON:0001305	ovarian follicle	ovarian follicle	UBERON:0013191	ovarian cortex	ovarian cortex	1140	23.89428524323516
UBERON:0001305	ovarian follicle	ovarian follicle	UBERON:0013191	ovarian cortex	ovarian cortex	1139	23.89428524323516
UBERON:0001305	ovarian follicle	ovarian follicle	UBERON:0013191	ovarian cortex	ovarian cortex	1210	23.89428524323516
UBERON:0001305	ovarian follicle	ovarian follicle	UBERON:0013191	ovarian cortex	ovarian cortex	1138	23.89428524323516
UBERON:0001305	ovarian follicle	ovarian follicle	UBERON:0013191	ovarian cortex	ovarian cortex	1137	23.89428524323516
UBERON:0001305	ovarian follicle	ovarian follicle	UBERON:0013191	ovarian cortex	ovarian cortex	1149	23.89428524323516
UBERON:0001305	ovarian follicle	ovarian follicle	UBERON:0013191	ovarian cortex	ovarian cortex	1150	23.89428524323516
UBERON:0001305	ovarian follicle	ovarian follicle	UBERON:0013191	ovarian cortex	ovarian cortex	1162	23.89428524323516
UBERON:0001305	ovarian follicle	ovarian follicle	UBERON:0013191	ovarian cortex	ovarian cortex	1206	23.89428524323516
UBERON:0001305	ovarian follicle	ovarian follicle	UBERON:0013191	ovarian cortex	ovarian cortex	1161	23.89428524323516
UBERON:0001305	ovarian follicle	ovarian follicle	UBERON:0013191	ovarian cortex	ovarian cortex	1160	23.89428524323516
UBERON:0001305	ovarian follicle	ovarian follicle	UBERON:0013191	ovarian cortex	ovarian cortex	1159	23.89428524323516
UBERON:0001305	ovarian follicle	ovarian follicle	UBERON:0013191	ovarian cortex	ovarian cortex	1202	23.89428524323516
UBERON:0001305	ovarian follicle	ovarian follicle	UBERON:0013191	ovarian cortex	ovarian cortex	1158	23.89428524323516
UBERON:0001305	ovarian follicle	ovarian follicle	UBERON:0013191	ovarian cortex	ovarian cortex	1157	23.89428524323516
UBERON:0001305	ovarian follicle	ovarian follicle	UBERON:0013191	ovarian cortex	ovarian cortex	1156	23.89428524323516
UBERON:0001305	ovarian follicle	ovarian follicle	UBERON:0013191	ovarian cortex	ovarian cortex	1155	23.89428524323516
UBERON:0001305	ovarian follicle	ovarian follicle	UBERON:0013191	ovarian cortex	ovarian cortex	1154	23.89428524323516
UBERON:0001305	ovarian follicle	ovarian follicle	UBERON:0013191	ovarian cortex	ovarian cortex	1203	23.89428524323516
UBERON:0001305	ovarian follicle	ovarian follicle	UBERON:0013191	ovarian cortex	ovarian cortex	1153	23.89428524323516
UBERON:0001305	ovarian follicle	ovarian follicle	UBERON:0013191	ovarian cortex	ovarian cortex	1204	23.89428524323516
UBERON:0001305	ovarian follicle	ovarian follicle	UBERON:0013191	ovarian cortex	ovarian cortex	1152	23.89428524323516
UBERON:0001305	ovarian follicle	ovarian follicle	UBERON:0013191	ovarian cortex	ovarian cortex	1205	23.89428524323516
UBERON:0001305	ovarian follicle	ovarian follicle	UBERON:0013191	ovarian cortex	ovarian cortex	1151	23.89428524323516
UBERON:0001305	ovarian follicle	ovarian follicle	UBERON:0013191	ovarian cortex	ovarian cortex	1230	23.89428524323516
UBERON:0001305	ovarian follicle	ovarian follicle	UBERON:0013191	ovarian cortex	ovarian cortex	1231	23.89428524323516
UBERON:0001305	ovarian follicle	ovarian follicle	UBERON:0013191	ovarian cortex	ovarian cortex	1277	23.89428524323516
UBERON:0001305	ovarian follicle	ovarian follicle	UBERON:0013191	ovarian cortex	ovarian cortex	1000	23.89428524323516
UBERON:0001305	ovarian follicle	ovarian follicle	UBERON:0013191	ovarian cortex	ovarian cortex	1006	23.89428524323516
UBERON:0001305	ovarian follicle	ovarian follicle	UBERON:0013191	ovarian cortex	ovarian cortex	1005	23.89428524323516
UBERON:0001305	ovarian follicle	ovarian follicle	UBERON:0013191	ovarian cortex	ovarian cortex	1004	23.89428524323516
UBERON:0001305	ovarian follicle	ovarian follicle	UBERON:0013191	ovarian cortex	ovarian cortex	1257	23.89428524323516
UBERON:0001305	ovarian follicle	ovarian follicle	UBERON:0013191	ovarian cortex	ovarian cortex	1003	23.89428524323516
UBERON:0001305	ovarian follicle	ovarian follicle	UBERON:0013191	ovarian cortex	ovarian cortex	1002	23.89428524323516
UBERON:0001305	ovarian follicle	ovarian follicle	UBERON:0013191	ovarian cortex	ovarian cortex	1001	23.89428524323516
UBERON:0001305	ovarian follicle	ovarian follicle	UBERON:0013191	ovarian cortex	ovarian cortex	999	23.89428524323516
UBERON:0001305	ovarian follicle	ovarian follicle	UBERON:0013191	ovarian cortex	ovarian cortex	1077	23.89428524323516
UBERON:0001305	ovarian follicle	ovarian follicle	UBERON:0013191	ovarian cortex	ovarian cortex	1258	23.89428524323516
UBERON:0001305	ovarian follicle	ovarian follicle	UBERON:0013191	ovarian cortex	ovarian cortex	1259	23.89428524323516
UBERON:0001305	ovarian follicle	ovarian follicle	UBERON:0013191	ovarian cortex	ovarian cortex	998	23.89428524323516
UBERON:0001305	ovarian follicle	ovarian follicle	UBERON:0013191	ovarian cortex	ovarian cortex	997	23.89428524323516
UBERON:0001305	ovarian follicle	ovarian follicle	UBERON:0013191	ovarian cortex	ovarian cortex	996	23.89428524323516
UBERON:0001305	ovarian follicle	ovarian follicle	UBERON:0013191	ovarian cortex	ovarian cortex	995	23.89428524323516
UBERON:0001305	ovarian follicle	ovarian follicle	UBERON:0013191	ovarian cortex	ovarian cortex	994	23.89428524323516
UBERON:0001305	ovarian follicle	ovarian follicle	UBERON:0013191	ovarian cortex	ovarian cortex	1007	23.89428524323516
UBERON:0001305	ovarian follicle	ovarian follicle	UBERON:0013191	ovarian cortex	ovarian cortex	1008	23.89428524323516
UBERON:0001305	ovarian follicle	ovarian follicle	UBERON:0013191	ovarian cortex	ovarian cortex	1256	23.89428524323516
UBERON:0001305	ovarian follicle	ovarian follicle	UBERON:0013191	ovarian cortex	ovarian cortex	1009	23.89428524323516
UBERON:0001305	ovarian follicle	ovarian follicle	UBERON:0013191	ovarian cortex	ovarian cortex	1022	23.89428524323516
UBERON:0001305	ovarian follicle	ovarian follicle	UBERON:0013191	ovarian cortex	ovarian cortex	1021	23.89428524323516
UBERON:0001305	ovarian follicle	ovarian follicle	UBERON:0013191	ovarian cortex	ovarian cortex	1020	23.89428524323516
UBERON:0001305	ovarian follicle	ovarian follicle	UBERON:0013191	ovarian cortex	ovarian cortex	1019	23.89428524323516
UBERON:0001305	ovarian follicle	ovarian follicle	UBERON:0013191	ovarian cortex	ovarian cortex	1254	23.89428524323516
UBERON:0001305	ovarian follicle	ovarian follicle	UBERON:0013191	ovarian cortex	ovarian cortex	1018	23.89428524323516
UBERON:0001305	ovarian follicle	ovarian follicle	UBERON:0013191	ovarian cortex	ovarian cortex	1017	23.89428524323516
UBERON:0001305	ovarian follicle	ovarian follicle	UBERON:0013191	ovarian cortex	ovarian cortex	1016	23.89428524323516
UBERON:0001305	ovarian follicle	ovarian follicle	UBERON:0013191	ovarian cortex	ovarian cortex	1015	23.89428524323516
UBERON:0001305	ovarian follicle	ovarian follicle	UBERON:0013191	ovarian cortex	ovarian cortex	1014	23.89428524323516
UBERON:0001305	ovarian follicle	ovarian follicle	UBERON:0013191	ovarian cortex	ovarian cortex	1255	23.89428524323516
UBERON:0001305	ovarian follicle	ovarian follicle	UBERON:0013191	ovarian cortex	ovarian cortex	1013	23.89428524323516
UBERON:0001305	ovarian follicle	ovarian follicle	UBERON:0013191	ovarian cortex	ovarian cortex	1012	23.89428524323516
UBERON:0001305	ovarian follicle	ovarian follicle	UBERON:0013191	ovarian cortex	ovarian cortex	1011	23.89428524323516
UBERON:0001305	ovarian follicle	ovarian follicle	UBERON:0013191	ovarian cortex	ovarian cortex	1010	23.89428524323516
UBERON:0001305	ovarian follicle	ovarian follicle	UBERON:0013191	ovarian cortex	ovarian cortex	1260	23.89428524323516
UBERON:0001305	ovarian follicle	ovarian follicle	UBERON:0013191	ovarian cortex	ovarian cortex	1261	23.89428524323516
UBERON:0001305	ovarian follicle	ovarian follicle	UBERON:0013191	ovarian cortex	ovarian cortex	993	23.89428524323516
UBERON:0001305	ovarian follicle	ovarian follicle	UBERON:0013191	ovarian cortex	ovarian cortex	984	23.89428524323516
UBERON:0001305	ovarian follicle	ovarian follicle	UBERON:0013191	ovarian cortex	ovarian cortex	1273	23.89428524323516
UBERON:0001305	ovarian follicle	ovarian follicle	UBERON:0013191	ovarian cortex	ovarian cortex	983	23.89428524323516
UBERON:0001305	ovarian follicle	ovarian follicle	UBERON:0013191	ovarian cortex	ovarian cortex	982	23.89428524323516
UBERON:0001305	ovarian follicle	ovarian follicle	UBERON:0013191	ovarian cortex	ovarian cortex	981	23.89428524323516
UBERON:0001305	ovarian follicle	ovarian follicle	UBERON:0013191	ovarian cortex	ovarian cortex	980	23.89428524323516
UBERON:0001305	ovarian follicle	ovarian follicle	UBERON:0013191	ovarian cortex	ovarian cortex	979	23.89428524323516
UBERON:0001305	ovarian follicle	ovarian follicle	UBERON:0013191	ovarian cortex	ovarian cortex	1274	23.89428524323516
UBERON:0001305	ovarian follicle	ovarian follicle	UBERON:0013191	ovarian cortex	ovarian cortex	1275	23.89428524323516
UBERON:0001305	ovarian follicle	ovarian follicle	UBERON:0013191	ovarian cortex	ovarian cortex	978	23.89428524323516
UBERON:0001305	ovarian follicle	ovarian follicle	UBERON:0013191	ovarian cortex	ovarian cortex	977	23.89428524323516
UBERON:0001305	ovarian follicle	ovarian follicle	UBERON:0013191	ovarian cortex	ovarian cortex	976	23.89428524323516
UBERON:0001305	ovarian follicle	ovarian follicle	UBERON:0013191	ovarian cortex	ovarian cortex	975	23.89428524323516
UBERON:0001305	ovarian follicle	ovarian follicle	UBERON:0013191	ovarian cortex	ovarian cortex	974	23.89428524323516
UBERON:0001305	ovarian follicle	ovarian follicle	UBERON:0013191	ovarian cortex	ovarian cortex	1276	23.89428524323516
UBERON:0001305	ovarian follicle	ovarian follicle	UBERON:0013191	ovarian cortex	ovarian cortex	973	23.89428524323516
UBERON:0001305	ovarian follicle	ovarian follicle	UBERON:0013191	ovarian cortex	ovarian cortex	1272	23.89428524323516
UBERON:0001305	ovarian follicle	ovarian follicle	UBERON:0013191	ovarian cortex	ovarian cortex	1271	23.89428524323516
UBERON:0001305	ovarian follicle	ovarian follicle	UBERON:0013191	ovarian cortex	ovarian cortex	1262	23.89428524323516
UBERON:0001305	ovarian follicle	ovarian follicle	UBERON:0013191	ovarian cortex	ovarian cortex	985	23.89428524323516
UBERON:0001305	ovarian follicle	ovarian follicle	UBERON:0013191	ovarian cortex	ovarian cortex	992	23.89428524323516
UBERON:0001305	ovarian follicle	ovarian follicle	UBERON:0013191	ovarian cortex	ovarian cortex	1263	23.89428524323516
UBERON:0001305	ovarian follicle	ovarian follicle	UBERON:0013191	ovarian cortex	ovarian cortex	991	23.89428524323516
UBERON:0001305	ovarian follicle	ovarian follicle	UBERON:0013191	ovarian cortex	ovarian cortex	1264	23.89428524323516
UBERON:0001305	ovarian follicle	ovarian follicle	UBERON:0013191	ovarian cortex	ovarian cortex	990	23.89428524323516
UBERON:0001305	ovarian follicle	ovarian follicle	UBERON:0013191	ovarian cortex	ovarian cortex	1265	23.89428524323516
UBERON:0001305	ovarian follicle	ovarian follicle	UBERON:0013191	ovarian cortex	ovarian cortex	989	23.89428524323516
UBERON:0001305	ovarian follicle	ovarian follicle	UBERON:0013191	ovarian cortex	ovarian cortex	1266	23.89428524323516
UBERON:0001305	ovarian follicle	ovarian follicle	UBERON:0013191	ovarian cortex	ovarian cortex	1267	23.89428524323516
UBERON:0001305	ovarian follicle	ovarian follicle	UBERON:0013191	ovarian cortex	ovarian cortex	988	23.89428524323516
UBERON:0001305	ovarian follicle	ovarian follicle	UBERON:0013191	ovarian cortex	ovarian cortex	1268	23.89428524323516
UBERON:0001305	ovarian follicle	ovarian follicle	UBERON:0013191	ovarian cortex	ovarian cortex	987	23.89428524323516
UBERON:0001305	ovarian follicle	ovarian follicle	UBERON:0013191	ovarian cortex	ovarian cortex	1269	23.89428524323516
UBERON:0001305	ovarian follicle	ovarian follicle	UBERON:0013191	ovarian cortex	ovarian cortex	986	23.89428524323516
UBERON:0001305	ovarian follicle	ovarian follicle	UBERON:0013191	ovarian cortex	ovarian cortex	1270	23.89428524323516
UBERON:0001305	ovarian follicle	ovarian follicle	UBERON:0013191	ovarian cortex	ovarian cortex	1023	23.89428524323516
UBERON:0001305	ovarian follicle	ovarian follicle	UBERON:0013191	ovarian cortex	ovarian cortex	1253	23.89428524323516
UBERON:0001305	ovarian follicle	ovarian follicle	UBERON:0013191	ovarian cortex	ovarian cortex	1024	23.89428524323516
UBERON:0001305	ovarian follicle	ovarian follicle	UBERON:0013191	ovarian cortex	ovarian cortex	1064	23.89428524323516
UBERON:0001305	ovarian follicle	ovarian follicle	UBERON:0013191	ovarian cortex	ovarian cortex	1063	23.89428524323516
UBERON:0001305	ovarian follicle	ovarian follicle	UBERON:0013191	ovarian cortex	ovarian cortex	1062	23.89428524323516
UBERON:0001305	ovarian follicle	ovarian follicle	UBERON:0013191	ovarian cortex	ovarian cortex	1061	23.89428524323516
UBERON:0001305	ovarian follicle	ovarian follicle	UBERON:0013191	ovarian cortex	ovarian cortex	1060	23.89428524323516
UBERON:0001305	ovarian follicle	ovarian follicle	UBERON:0013191	ovarian cortex	ovarian cortex	1059	23.89428524323516
UBERON:0001305	ovarian follicle	ovarian follicle	UBERON:0013191	ovarian cortex	ovarian cortex	1238	23.89428524323516
UBERON:0001305	ovarian follicle	ovarian follicle	UBERON:0013191	ovarian cortex	ovarian cortex	1058	23.89428524323516
UBERON:0001305	ovarian follicle	ovarian follicle	UBERON:0013191	ovarian cortex	ovarian cortex	1057	23.89428524323516
UBERON:0001305	ovarian follicle	ovarian follicle	UBERON:0013191	ovarian cortex	ovarian cortex	1056	23.89428524323516
UBERON:0001305	ovarian follicle	ovarian follicle	UBERON:0013191	ovarian cortex	ovarian cortex	1055	23.89428524323516
UBERON:0001305	ovarian follicle	ovarian follicle	UBERON:0013191	ovarian cortex	ovarian cortex	1054	23.89428524323516
UBERON:0001305	ovarian follicle	ovarian follicle	UBERON:0013191	ovarian cortex	ovarian cortex	1239	23.89428524323516
UBERON:0001305	ovarian follicle	ovarian follicle	UBERON:0013191	ovarian cortex	ovarian cortex	1053	23.89428524323516
UBERON:0001305	ovarian follicle	ovarian follicle	UBERON:0013191	ovarian cortex	ovarian cortex	1240	23.89428524323516
UBERON:0001305	ovarian follicle	ovarian follicle	UBERON:0013191	ovarian cortex	ovarian cortex	1052	23.89428524323516
UBERON:0001305	ovarian follicle	ovarian follicle	UBERON:0013191	ovarian cortex	ovarian cortex	1237	23.89428524323516
UBERON:0001305	ovarian follicle	ovarian follicle	UBERON:0013191	ovarian cortex	ovarian cortex	1065	23.89428524323516
UBERON:0001305	ovarian follicle	ovarian follicle	UBERON:0013191	ovarian cortex	ovarian cortex	1051	23.89428524323516
UBERON:0001305	ovarian follicle	ovarian follicle	UBERON:0013191	ovarian cortex	ovarian cortex	1066	23.89428524323516
UBERON:0001305	ovarian follicle	ovarian follicle	UBERON:0013191	ovarian cortex	ovarian cortex	1232	23.89428524323516
UBERON:0001305	ovarian follicle	ovarian follicle	UBERON:0013191	ovarian cortex	ovarian cortex	1076	23.89428524323516
UBERON:0001305	ovarian follicle	ovarian follicle	UBERON:0013191	ovarian cortex	ovarian cortex	1233	23.89428524323516
UBERON:0001305	ovarian follicle	ovarian follicle	UBERON:0013191	ovarian cortex	ovarian cortex	1075	23.89428524323516
UBERON:0001305	ovarian follicle	ovarian follicle	UBERON:0013191	ovarian cortex	ovarian cortex	1234	23.89428524323516
UBERON:0001305	ovarian follicle	ovarian follicle	UBERON:0013191	ovarian cortex	ovarian cortex	1074	23.89428524323516
UBERON:0001305	ovarian follicle	ovarian follicle	UBERON:0013191	ovarian cortex	ovarian cortex	1235	23.89428524323516
UBERON:0001305	ovarian follicle	ovarian follicle	UBERON:0013191	ovarian cortex	ovarian cortex	1073	23.89428524323516
UBERON:0001305	ovarian follicle	ovarian follicle	UBERON:0013191	ovarian cortex	ovarian cortex	1072	23.89428524323516
UBERON:0001305	ovarian follicle	ovarian follicle	UBERON:0013191	ovarian cortex	ovarian cortex	1071	23.89428524323516
UBERON:0001305	ovarian follicle	ovarian follicle	UBERON:0013191	ovarian cortex	ovarian cortex	1070	23.89428524323516
UBERON:0001305	ovarian follicle	ovarian follicle	UBERON:0013191	ovarian cortex	ovarian cortex	1069	23.89428524323516
UBERON:0001305	ovarian follicle	ovarian follicle	UBERON:0013191	ovarian cortex	ovarian cortex	1236	23.89428524323516
UBERON:0001305	ovarian follicle	ovarian follicle	UBERON:0013191	ovarian cortex	ovarian cortex	1068	23.89428524323516
UBERON:0001305	ovarian follicle	ovarian follicle	UBERON:0013191	ovarian cortex	ovarian cortex	1067	23.89428524323516
UBERON:0001305	ovarian follicle	ovarian follicle	UBERON:0013191	ovarian cortex	ovarian cortex	1241	23.89428524323516
UBERON:0001305	ovarian follicle	ovarian follicle	UBERON:0013191	ovarian cortex	ovarian cortex	1242	23.89428524323516
UBERON:0001305	ovarian follicle	ovarian follicle	UBERON:0013191	ovarian cortex	ovarian cortex	1252	23.89428524323516
UBERON:0001305	ovarian follicle	ovarian follicle	UBERON:0013191	ovarian cortex	ovarian cortex	1036	23.89428524323516
UBERON:0001305	ovarian follicle	ovarian follicle	UBERON:0013191	ovarian cortex	ovarian cortex	1034	23.89428524323516
UBERON:0001305	ovarian follicle	ovarian follicle	UBERON:0013191	ovarian cortex	ovarian cortex	1247	23.89428524323516
UBERON:0001305	ovarian follicle	ovarian follicle	UBERON:0013191	ovarian cortex	ovarian cortex	1033	23.89428524323516
UBERON:0001305	ovarian follicle	ovarian follicle	UBERON:0013191	ovarian cortex	ovarian cortex	1032	23.89428524323516
UBERON:0001305	ovarian follicle	ovarian follicle	UBERON:0013191	ovarian cortex	ovarian cortex	1031	23.89428524323516
UBERON:0001305	ovarian follicle	ovarian follicle	UBERON:0013191	ovarian cortex	ovarian cortex	1030	23.89428524323516
UBERON:0001305	ovarian follicle	ovarian follicle	UBERON:0013191	ovarian cortex	ovarian cortex	1029	23.89428524323516
UBERON:0001305	ovarian follicle	ovarian follicle	UBERON:0013191	ovarian cortex	ovarian cortex	1248	23.89428524323516
UBERON:0001305	ovarian follicle	ovarian follicle	UBERON:0013191	ovarian cortex	ovarian cortex	1028	23.89428524323516
UBERON:0001305	ovarian follicle	ovarian follicle	UBERON:0013191	ovarian cortex	ovarian cortex	1249	23.89428524323516
UBERON:0001305	ovarian follicle	ovarian follicle	UBERON:0013191	ovarian cortex	ovarian cortex	1027	23.89428524323516
UBERON:0001305	ovarian follicle	ovarian follicle	UBERON:0013191	ovarian cortex	ovarian cortex	1250	23.89428524323516
UBERON:0001305	ovarian follicle	ovarian follicle	UBERON:0013191	ovarian cortex	ovarian cortex	1026	23.89428524323516
UBERON:0001305	ovarian follicle	ovarian follicle	UBERON:0013191	ovarian cortex	ovarian cortex	1251	23.89428524323516
UBERON:0001305	ovarian follicle	ovarian follicle	UBERON:0013191	ovarian cortex	ovarian cortex	1025	23.89428524323516
UBERON:0001305	ovarian follicle	ovarian follicle	UBERON:0013191	ovarian cortex	ovarian cortex	1035	23.89428524323516
UBERON:0001305	ovarian follicle	ovarian follicle	UBERON:0013191	ovarian cortex	ovarian cortex	1037	23.89428524323516
UBERON:0001305	ovarian follicle	ovarian follicle	UBERON:0013191	ovarian cortex	ovarian cortex	1050	23.89428524323516
UBERON:0001305	ovarian follicle	ovarian follicle	UBERON:0013191	ovarian cortex	ovarian cortex	1038	23.89428524323516
UBERON:0001305	ovarian follicle	ovarian follicle	UBERON:0013191	ovarian cortex	ovarian cortex	1243	23.89428524323516
UBERON:0001305	ovarian follicle	ovarian follicle	UBERON:0013191	ovarian cortex	ovarian cortex	1049	23.89428524323516
UBERON:0001305	ovarian follicle	ovarian follicle	UBERON:0013191	ovarian cortex	ovarian cortex	1244	23.89428524323516
UBERON:0001305	ovarian follicle	ovarian follicle	UBERON:0013191	ovarian cortex	ovarian cortex	1048	23.89428524323516
UBERON:0001305	ovarian follicle	ovarian follicle	UBERON:0013191	ovarian cortex	ovarian cortex	1047	23.89428524323516
UBERON:0001305	ovarian follicle	ovarian follicle	UBERON:0013191	ovarian cortex	ovarian cortex	1046	23.89428524323516
UBERON:0001305	ovarian follicle	ovarian follicle	UBERON:0013191	ovarian cortex	ovarian cortex	1045	23.89428524323516
UBERON:0001305	ovarian follicle	ovarian follicle	UBERON:0013191	ovarian cortex	ovarian cortex	1044	23.89428524323516
UBERON:0001305	ovarian follicle	ovarian follicle	UBERON:0013191	ovarian cortex	ovarian cortex	1245	23.89428524323516
UBERON:0001305	ovarian follicle	ovarian follicle	UBERON:0013191	ovarian cortex	ovarian cortex	1043	23.89428524323516
UBERON:0001305	ovarian follicle	ovarian follicle	UBERON:0013191	ovarian cortex	ovarian cortex	1042	23.89428524323516
UBERON:0001305	ovarian follicle	ovarian follicle	UBERON:0013191	ovarian cortex	ovarian cortex	1041	23.89428524323516
UBERON:0001305	ovarian follicle	ovarian follicle	UBERON:0013191	ovarian cortex	ovarian cortex	1040	23.89428524323516
UBERON:0001305	ovarian follicle	ovarian follicle	UBERON:0013191	ovarian cortex	ovarian cortex	1039	23.89428524323516
UBERON:0001305	ovarian follicle	ovarian follicle	UBERON:0013191	ovarian cortex	ovarian cortex	1246	23.89428524323516
UBERON:0001305	ovarian follicle	ovarian follicle	UBERON:0013191	ovarian cortex	ovarian cortex	750	23.89428524323516
UBERON:0001305	ovarian follicle	ovarian follicle	UBERON:0013191	ovarian cortex	ovarian cortex	749	23.89428524323516
UBERON:0001305	ovarian follicle	ovarian follicle	UBERON:0013191	ovarian cortex	ovarian cortex	748	23.89428524323516
UBERON:0001305	ovarian follicle	ovarian follicle	UBERON:0013191	ovarian cortex	ovarian cortex	363	23.89428524323516
UBERON:0001305	ovarian follicle	ovarian follicle	UBERON:0013191	ovarian cortex	ovarian cortex	369	23.89428524323516
UBERON:0001305	ovarian follicle	ovarian follicle	UBERON:0013191	ovarian cortex	ovarian cortex	368	23.89428524323516
UBERON:0001305	ovarian follicle	ovarian follicle	UBERON:0013191	ovarian cortex	ovarian cortex	367	23.89428524323516
UBERON:0001305	ovarian follicle	ovarian follicle	UBERON:0013191	ovarian cortex	ovarian cortex	366	23.89428524323516
UBERON:0001305	ovarian follicle	ovarian follicle	UBERON:0013191	ovarian cortex	ovarian cortex	1401	23.89428524323516
UBERON:0001305	ovarian follicle	ovarian follicle	UBERON:0013191	ovarian cortex	ovarian cortex	365	23.89428524323516
UBERON:0001305	ovarian follicle	ovarian follicle	UBERON:0013191	ovarian cortex	ovarian cortex	364	23.89428524323516
UBERON:0001305	ovarian follicle	ovarian follicle	UBERON:0013191	ovarian cortex	ovarian cortex	362	23.89428524323516
UBERON:0001305	ovarian follicle	ovarian follicle	UBERON:0013191	ovarian cortex	ovarian cortex	314	23.89428524323516
UBERON:0001305	ovarian follicle	ovarian follicle	UBERON:0013191	ovarian cortex	ovarian cortex	361	23.89428524323516
UBERON:0001305	ovarian follicle	ovarian follicle	UBERON:0013191	ovarian cortex	ovarian cortex	1402	23.89428524323516
UBERON:0001305	ovarian follicle	ovarian follicle	UBERON:0013191	ovarian cortex	ovarian cortex	1403	23.89428524323516
UBERON:0001305	ovarian follicle	ovarian follicle	UBERON:0013191	ovarian cortex	ovarian cortex	357	23.89428524323516
UBERON:0001305	ovarian follicle	ovarian follicle	UBERON:0013191	ovarian cortex	ovarian cortex	356	23.89428524323516
UBERON:0001305	ovarian follicle	ovarian follicle	UBERON:0013191	ovarian cortex	ovarian cortex	355	23.89428524323516
UBERON:0001305	ovarian follicle	ovarian follicle	UBERON:0013191	ovarian cortex	ovarian cortex	354	23.89428524323516
UBERON:0001305	ovarian follicle	ovarian follicle	UBERON:0013191	ovarian cortex	ovarian cortex	370	23.89428524323516
UBERON:0001305	ovarian follicle	ovarian follicle	UBERON:0013191	ovarian cortex	ovarian cortex	1400	23.89428524323516
UBERON:0001305	ovarian follicle	ovarian follicle	UBERON:0013191	ovarian cortex	ovarian cortex	1399	23.89428524323516
UBERON:0001305	ovarian follicle	ovarian follicle	UBERON:0013191	ovarian cortex	ovarian cortex	374	23.89428524323516
UBERON:0001305	ovarian follicle	ovarian follicle	UBERON:0013191	ovarian cortex	ovarian cortex	389	23.89428524323516
UBERON:0001305	ovarian follicle	ovarian follicle	UBERON:0013191	ovarian cortex	ovarian cortex	388	23.89428524323516
UBERON:0001305	ovarian follicle	ovarian follicle	UBERON:0013191	ovarian cortex	ovarian cortex	387	23.89428524323516
UBERON:0001305	ovarian follicle	ovarian follicle	UBERON:0013191	ovarian cortex	ovarian cortex	1396	23.89428524323516
UBERON:0001305	ovarian follicle	ovarian follicle	UBERON:0013191	ovarian cortex	ovarian cortex	1397	23.89428524323516
UBERON:0001305	ovarian follicle	ovarian follicle	UBERON:0013191	ovarian cortex	ovarian cortex	383	23.89428524323516
UBERON:0001305	ovarian follicle	ovarian follicle	UBERON:0013191	ovarian cortex	ovarian cortex	382	23.89428524323516
UBERON:0001305	ovarian follicle	ovarian follicle	UBERON:0013191	ovarian cortex	ovarian cortex	381	23.89428524323516
UBERON:0001305	ovarian follicle	ovarian follicle	UBERON:0013191	ovarian cortex	ovarian cortex	380	23.89428524323516
UBERON:0001305	ovarian follicle	ovarian follicle	UBERON:0013191	ovarian cortex	ovarian cortex	379	23.89428524323516
UBERON:0001305	ovarian follicle	ovarian follicle	UBERON:0013191	ovarian cortex	ovarian cortex	1398	23.89428524323516
UBERON:0001305	ovarian follicle	ovarian follicle	UBERON:0013191	ovarian cortex	ovarian cortex	378	23.89428524323516
UBERON:0001305	ovarian follicle	ovarian follicle	UBERON:0013191	ovarian cortex	ovarian cortex	377	23.89428524323516
UBERON:0001305	ovarian follicle	ovarian follicle	UBERON:0013191	ovarian cortex	ovarian cortex	376	23.89428524323516
UBERON:0001305	ovarian follicle	ovarian follicle	UBERON:0013191	ovarian cortex	ovarian cortex	375	23.89428524323516
UBERON:0001305	ovarian follicle	ovarian follicle	UBERON:0013191	ovarian cortex	ovarian cortex	353	23.89428524323516
UBERON:0001305	ovarian follicle	ovarian follicle	UBERON:0013191	ovarian cortex	ovarian cortex	1404	23.89428524323516
UBERON:0001305	ovarian follicle	ovarian follicle	UBERON:0013191	ovarian cortex	ovarian cortex	352	23.89428524323516
UBERON:0001305	ovarian follicle	ovarian follicle	UBERON:0013191	ovarian cortex	ovarian cortex	1409	23.89428524323516
UBERON:0001305	ovarian follicle	ovarian follicle	UBERON:0013191	ovarian cortex	ovarian cortex	330	23.89428524323516
UBERON:0001305	ovarian follicle	ovarian follicle	UBERON:0013191	ovarian cortex	ovarian cortex	329	23.89428524323516
UBERON:0001305	ovarian follicle	ovarian follicle	UBERON:0013191	ovarian cortex	ovarian cortex	328	23.89428524323516
UBERON:0001305	ovarian follicle	ovarian follicle	UBERON:0013191	ovarian cortex	ovarian cortex	327	23.89428524323516
UBERON:0001305	ovarian follicle	ovarian follicle	UBERON:0013191	ovarian cortex	ovarian cortex	1410	23.89428524323516
UBERON:0001305	ovarian follicle	ovarian follicle	UBERON:0013191	ovarian cortex	ovarian cortex	326	23.89428524323516
UBERON:0001305	ovarian follicle	ovarian follicle	UBERON:0013191	ovarian cortex	ovarian cortex	325	23.89428524323516
UBERON:0001305	ovarian follicle	ovarian follicle	UBERON:0013191	ovarian cortex	ovarian cortex	324	23.89428524323516
UBERON:0001305	ovarian follicle	ovarian follicle	UBERON:0013191	ovarian cortex	ovarian cortex	323	23.89428524323516
UBERON:0001305	ovarian follicle	ovarian follicle	UBERON:0013191	ovarian cortex	ovarian cortex	322	23.89428524323516
UBERON:0001305	ovarian follicle	ovarian follicle	UBERON:0013191	ovarian cortex	ovarian cortex	1411	23.89428524323516
UBERON:0001305	ovarian follicle	ovarian follicle	UBERON:0013191	ovarian cortex	ovarian cortex	1412	23.89428524323516
UBERON:0001305	ovarian follicle	ovarian follicle	UBERON:0013191	ovarian cortex	ovarian cortex	318	23.89428524323516
UBERON:0001305	ovarian follicle	ovarian follicle	UBERON:0013191	ovarian cortex	ovarian cortex	317	23.89428524323516
UBERON:0001305	ovarian follicle	ovarian follicle	UBERON:0013191	ovarian cortex	ovarian cortex	316	23.89428524323516
UBERON:0001305	ovarian follicle	ovarian follicle	UBERON:0013191	ovarian cortex	ovarian cortex	331	23.89428524323516
UBERON:0001305	ovarian follicle	ovarian follicle	UBERON:0013191	ovarian cortex	ovarian cortex	1408	23.89428524323516
UBERON:0001305	ovarian follicle	ovarian follicle	UBERON:0013191	ovarian cortex	ovarian cortex	351	23.89428524323516
UBERON:0001305	ovarian follicle	ovarian follicle	UBERON:0013191	ovarian cortex	ovarian cortex	335	23.89428524323516
UBERON:0001305	ovarian follicle	ovarian follicle	UBERON:0013191	ovarian cortex	ovarian cortex	350	23.89428524323516
UBERON:0001305	ovarian follicle	ovarian follicle	UBERON:0013191	ovarian cortex	ovarian cortex	349	23.89428524323516
UBERON:0001305	ovarian follicle	ovarian follicle	UBERON:0013191	ovarian cortex	ovarian cortex	348	23.89428524323516
UBERON:0001305	ovarian follicle	ovarian follicle	UBERON:0013191	ovarian cortex	ovarian cortex	1405	23.89428524323516
UBERON:0001305	ovarian follicle	ovarian follicle	UBERON:0013191	ovarian cortex	ovarian cortex	1406	23.89428524323516
UBERON:0001305	ovarian follicle	ovarian follicle	UBERON:0013191	ovarian cortex	ovarian cortex	344	23.89428524323516
UBERON:0001305	ovarian follicle	ovarian follicle	UBERON:0013191	ovarian cortex	ovarian cortex	343	23.89428524323516
UBERON:0001305	ovarian follicle	ovarian follicle	UBERON:0013191	ovarian cortex	ovarian cortex	342	23.89428524323516
UBERON:0001305	ovarian follicle	ovarian follicle	UBERON:0013191	ovarian cortex	ovarian cortex	341	23.89428524323516
UBERON:0001305	ovarian follicle	ovarian follicle	UBERON:0013191	ovarian cortex	ovarian cortex	340	23.89428524323516
UBERON:0001305	ovarian follicle	ovarian follicle	UBERON:0013191	ovarian cortex	ovarian cortex	1407	23.89428524323516
UBERON:0001305	ovarian follicle	ovarian follicle	UBERON:0013191	ovarian cortex	ovarian cortex	339	23.89428524323516
UBERON:0001305	ovarian follicle	ovarian follicle	UBERON:0013191	ovarian cortex	ovarian cortex	338	23.89428524323516
UBERON:0001305	ovarian follicle	ovarian follicle	UBERON:0013191	ovarian cortex	ovarian cortex	337	23.89428524323516
UBERON:0001305	ovarian follicle	ovarian follicle	UBERON:0013191	ovarian cortex	ovarian cortex	336	23.89428524323516
UBERON:0001305	ovarian follicle	ovarian follicle	UBERON:0013191	ovarian cortex	ovarian cortex	390	23.89428524323516
UBERON:0001305	ovarian follicle	ovarian follicle	UBERON:0013191	ovarian cortex	ovarian cortex	391	23.89428524323516
UBERON:0001305	ovarian follicle	ovarian follicle	UBERON:0013191	ovarian cortex	ovarian cortex	1395	23.89428524323516
UBERON:0001305	ovarian follicle	ovarian follicle	UBERON:0013191	ovarian cortex	ovarian cortex	448	23.89428524323516
UBERON:0001305	ovarian follicle	ovarian follicle	UBERON:0013191	ovarian cortex	ovarian cortex	446	23.89428524323516
UBERON:0001305	ovarian follicle	ovarian follicle	UBERON:0013191	ovarian cortex	ovarian cortex	445	23.89428524323516
UBERON:0001305	ovarian follicle	ovarian follicle	UBERON:0013191	ovarian cortex	ovarian cortex	444	23.89428524323516
UBERON:0001305	ovarian follicle	ovarian follicle	UBERON:0013191	ovarian cortex	ovarian cortex	443	23.89428524323516
UBERON:0001305	ovarian follicle	ovarian follicle	UBERON:0013191	ovarian cortex	ovarian cortex	442	23.89428524323516
UBERON:0001305	ovarian follicle	ovarian follicle	UBERON:0013191	ovarian cortex	ovarian cortex	441	23.89428524323516
UBERON:0001305	ovarian follicle	ovarian follicle	UBERON:0013191	ovarian cortex	ovarian cortex	440	23.89428524323516
UBERON:0001305	ovarian follicle	ovarian follicle	UBERON:0013191	ovarian cortex	ovarian cortex	439	23.89428524323516
UBERON:0001305	ovarian follicle	ovarian follicle	UBERON:0013191	ovarian cortex	ovarian cortex	438	23.89428524323516
UBERON:0001305	ovarian follicle	ovarian follicle	UBERON:0013191	ovarian cortex	ovarian cortex	437	23.89428524323516
UBERON:0001305	ovarian follicle	ovarian follicle	UBERON:0013191	ovarian cortex	ovarian cortex	436	23.89428524323516
UBERON:0001305	ovarian follicle	ovarian follicle	UBERON:0013191	ovarian cortex	ovarian cortex	435	23.89428524323516
UBERON:0001305	ovarian follicle	ovarian follicle	UBERON:0013191	ovarian cortex	ovarian cortex	434	23.89428524323516
UBERON:0001305	ovarian follicle	ovarian follicle	UBERON:0013191	ovarian cortex	ovarian cortex	433	23.89428524323516
UBERON:0001305	ovarian follicle	ovarian follicle	UBERON:0013191	ovarian cortex	ovarian cortex	432	23.89428524323516
UBERON:0001305	ovarian follicle	ovarian follicle	UBERON:0013191	ovarian cortex	ovarian cortex	447	23.89428524323516
UBERON:0001305	ovarian follicle	ovarian follicle	UBERON:0013191	ovarian cortex	ovarian cortex	449	23.89428524323516
UBERON:0001305	ovarian follicle	ovarian follicle	UBERON:0013191	ovarian cortex	ovarian cortex	430	23.89428524323516
UBERON:0001305	ovarian follicle	ovarian follicle	UBERON:0013191	ovarian cortex	ovarian cortex	450	23.89428524323516
UBERON:0001305	ovarian follicle	ovarian follicle	UBERON:0013191	ovarian cortex	ovarian cortex	465	23.89428524323516
UBERON:0001305	ovarian follicle	ovarian follicle	UBERON:0013191	ovarian cortex	ovarian cortex	464	23.89428524323516
UBERON:0001305	ovarian follicle	ovarian follicle	UBERON:0013191	ovarian cortex	ovarian cortex	463	23.89428524323516
UBERON:0001305	ovarian follicle	ovarian follicle	UBERON:0013191	ovarian cortex	ovarian cortex	462	23.89428524323516
UBERON:0001305	ovarian follicle	ovarian follicle	UBERON:0013191	ovarian cortex	ovarian cortex	461	23.89428524323516
UBERON:0001305	ovarian follicle	ovarian follicle	UBERON:0013191	ovarian cortex	ovarian cortex	460	23.89428524323516
UBERON:0001305	ovarian follicle	ovarian follicle	UBERON:0013191	ovarian cortex	ovarian cortex	459	23.89428524323516
UBERON:0001305	ovarian follicle	ovarian follicle	UBERON:0013191	ovarian cortex	ovarian cortex	458	23.89428524323516
UBERON:0001305	ovarian follicle	ovarian follicle	UBERON:0013191	ovarian cortex	ovarian cortex	457	23.89428524323516
UBERON:0001305	ovarian follicle	ovarian follicle	UBERON:0013191	ovarian cortex	ovarian cortex	456	23.89428524323516
UBERON:0001305	ovarian follicle	ovarian follicle	UBERON:0013191	ovarian cortex	ovarian cortex	455	23.89428524323516
UBERON:0001305	ovarian follicle	ovarian follicle	UBERON:0013191	ovarian cortex	ovarian cortex	454	23.89428524323516
UBERON:0001305	ovarian follicle	ovarian follicle	UBERON:0013191	ovarian cortex	ovarian cortex	453	23.89428524323516
UBERON:0001305	ovarian follicle	ovarian follicle	UBERON:0013191	ovarian cortex	ovarian cortex	452	23.89428524323516
UBERON:0001305	ovarian follicle	ovarian follicle	UBERON:0013191	ovarian cortex	ovarian cortex	451	23.89428524323516
UBERON:0001305	ovarian follicle	ovarian follicle	UBERON:0013191	ovarian cortex	ovarian cortex	431	23.89428524323516
UBERON:0001305	ovarian follicle	ovarian follicle	UBERON:0013191	ovarian cortex	ovarian cortex	429	23.89428524323516
UBERON:0001305	ovarian follicle	ovarian follicle	UBERON:0013191	ovarian cortex	ovarian cortex	392	23.89428524323516
UBERON:0001305	ovarian follicle	ovarian follicle	UBERON:0013191	ovarian cortex	ovarian cortex	409	23.89428524323516
UBERON:0001305	ovarian follicle	ovarian follicle	UBERON:0013191	ovarian cortex	ovarian cortex	407	23.89428524323516
UBERON:0001305	ovarian follicle	ovarian follicle	UBERON:0013191	ovarian cortex	ovarian cortex	406	23.89428524323516
UBERON:0001305	ovarian follicle	ovarian follicle	UBERON:0013191	ovarian cortex	ovarian cortex	405	23.89428524323516
UBERON:0001305	ovarian follicle	ovarian follicle	UBERON:0013191	ovarian cortex	ovarian cortex	1392	23.89428524323516
UBERON:0001305	ovarian follicle	ovarian follicle	UBERON:0013191	ovarian cortex	ovarian cortex	404	23.89428524323516
UBERON:0001305	ovarian follicle	ovarian follicle	UBERON:0013191	ovarian cortex	ovarian cortex	403	23.89428524323516
UBERON:0001305	ovarian follicle	ovarian follicle	UBERON:0013191	ovarian cortex	ovarian cortex	402	23.89428524323516
UBERON:0001305	ovarian follicle	ovarian follicle	UBERON:0013191	ovarian cortex	ovarian cortex	401	23.89428524323516
UBERON:0001305	ovarian follicle	ovarian follicle	UBERON:0013191	ovarian cortex	ovarian cortex	400	23.89428524323516
UBERON:0001305	ovarian follicle	ovarian follicle	UBERON:0013191	ovarian cortex	ovarian cortex	1393	23.89428524323516
UBERON:0001305	ovarian follicle	ovarian follicle	UBERON:0013191	ovarian cortex	ovarian cortex	1394	23.89428524323516
UBERON:0001305	ovarian follicle	ovarian follicle	UBERON:0013191	ovarian cortex	ovarian cortex	396	23.89428524323516
UBERON:0001305	ovarian follicle	ovarian follicle	UBERON:0013191	ovarian cortex	ovarian cortex	395	23.89428524323516
UBERON:0001305	ovarian follicle	ovarian follicle	UBERON:0013191	ovarian cortex	ovarian cortex	394	23.89428524323516
UBERON:0001305	ovarian follicle	ovarian follicle	UBERON:0013191	ovarian cortex	ovarian cortex	393	23.89428524323516
UBERON:0001305	ovarian follicle	ovarian follicle	UBERON:0013191	ovarian cortex	ovarian cortex	408	23.89428524323516
UBERON:0001305	ovarian follicle	ovarian follicle	UBERON:0013191	ovarian cortex	ovarian cortex	1391	23.89428524323516
UBERON:0001305	ovarian follicle	ovarian follicle	UBERON:0013191	ovarian cortex	ovarian cortex	428	23.89428524323516
UBERON:0001305	ovarian follicle	ovarian follicle	UBERON:0013191	ovarian cortex	ovarian cortex	1390	23.89428524323516
UBERON:0001305	ovarian follicle	ovarian follicle	UBERON:0013191	ovarian cortex	ovarian cortex	427	23.89428524323516
UBERON:0001305	ovarian follicle	ovarian follicle	UBERON:0013191	ovarian cortex	ovarian cortex	426	23.89428524323516
UBERON:0001305	ovarian follicle	ovarian follicle	UBERON:0013191	ovarian cortex	ovarian cortex	1387	23.89428524323516
UBERON:0001305	ovarian follicle	ovarian follicle	UBERON:0013191	ovarian cortex	ovarian cortex	1388	23.89428524323516
UBERON:0001305	ovarian follicle	ovarian follicle	UBERON:0013191	ovarian cortex	ovarian cortex	422	23.89428524323516
UBERON:0001305	ovarian follicle	ovarian follicle	UBERON:0013191	ovarian cortex	ovarian cortex	421	23.89428524323516
UBERON:0001305	ovarian follicle	ovarian follicle	UBERON:0013191	ovarian cortex	ovarian cortex	420	23.89428524323516
UBERON:0001305	ovarian follicle	ovarian follicle	UBERON:0013191	ovarian cortex	ovarian cortex	419	23.89428524323516
UBERON:0001305	ovarian follicle	ovarian follicle	UBERON:0013191	ovarian cortex	ovarian cortex	418	23.89428524323516
UBERON:0001305	ovarian follicle	ovarian follicle	UBERON:0013191	ovarian cortex	ovarian cortex	1389	23.89428524323516
UBERON:0001305	ovarian follicle	ovarian follicle	UBERON:0013191	ovarian cortex	ovarian cortex	417	23.89428524323516
UBERON:0001305	ovarian follicle	ovarian follicle	UBERON:0013191	ovarian cortex	ovarian cortex	416	23.89428524323516
UBERON:0001305	ovarian follicle	ovarian follicle	UBERON:0013191	ovarian cortex	ovarian cortex	415	23.89428524323516
UBERON:0001305	ovarian follicle	ovarian follicle	UBERON:0013191	ovarian cortex	ovarian cortex	414	23.89428524323516
UBERON:0001305	ovarian follicle	ovarian follicle	UBERON:0013191	ovarian cortex	ovarian cortex	413	23.89428524323516
UBERON:0001305	ovarian follicle	ovarian follicle	UBERON:0013191	ovarian cortex	ovarian cortex	315	23.89428524323516
UBERON:0001305	ovarian follicle	ovarian follicle	UBERON:0013191	ovarian cortex	ovarian cortex	1413	23.89428524323516
UBERON:0001305	ovarian follicle	ovarian follicle	UBERON:0013191	ovarian cortex	ovarian cortex	467	23.89428524323516
UBERON:0001305	ovarian follicle	ovarian follicle	UBERON:0013191	ovarian cortex	ovarian cortex	1476	23.89428524323516
UBERON:0001305	ovarian follicle	ovarian follicle	UBERON:0013191	ovarian cortex	ovarian cortex	1470	23.89428524323516
UBERON:0001305	ovarian follicle	ovarian follicle	UBERON:0013191	ovarian cortex	ovarian cortex	169	23.89428524323516
UBERON:0001305	ovarian follicle	ovarian follicle	UBERON:0013191	ovarian cortex	ovarian cortex	1471	23.89428524323516
UBERON:0001305	ovarian follicle	ovarian follicle	UBERON:0013191	ovarian cortex	ovarian cortex	1472	23.89428524323516
UBERON:0001305	ovarian follicle	ovarian follicle	UBERON:0013191	ovarian cortex	ovarian cortex	1473	23.89428524323516
UBERON:0001305	ovarian follicle	ovarian follicle	UBERON:0013191	ovarian cortex	ovarian cortex	1474	23.89428524323516
UBERON:0001305	ovarian follicle	ovarian follicle	UBERON:0013191	ovarian cortex	ovarian cortex	1475	23.89428524323516
UBERON:0001305	ovarian follicle	ovarian follicle	UBERON:0013191	ovarian cortex	ovarian cortex	1477	23.89428524323516
UBERON:0001305	ovarian follicle	ovarian follicle	UBERON:0013191	ovarian cortex	ovarian cortex	313	23.89428524323516
UBERON:0001305	ovarian follicle	ovarian follicle	UBERON:0013191	ovarian cortex	ovarian cortex	1478	23.89428524323516
UBERON:0001305	ovarian follicle	ovarian follicle	UBERON:0013191	ovarian cortex	ovarian cortex	152	23.89428524323516
UBERON:0001305	ovarian follicle	ovarian follicle	UBERON:0013191	ovarian cortex	ovarian cortex	1479	23.89428524323516
UBERON:0001305	ovarian follicle	ovarian follicle	UBERON:0013191	ovarian cortex	ovarian cortex	1480	23.89428524323516
UBERON:0001305	ovarian follicle	ovarian follicle	UBERON:0013191	ovarian cortex	ovarian cortex	1481	23.89428524323516
UBERON:0001305	ovarian follicle	ovarian follicle	UBERON:0013191	ovarian cortex	ovarian cortex	1482	23.89428524323516
UBERON:0001305	ovarian follicle	ovarian follicle	UBERON:0013191	ovarian cortex	ovarian cortex	1483	23.89428524323516
UBERON:0001305	ovarian follicle	ovarian follicle	UBERON:0013191	ovarian cortex	ovarian cortex	1469	23.89428524323516
UBERON:0001305	ovarian follicle	ovarian follicle	UBERON:0013191	ovarian cortex	ovarian cortex	1468	23.89428524323516
UBERON:0001305	ovarian follicle	ovarian follicle	UBERON:0013191	ovarian cortex	ovarian cortex	1467	23.89428524323516
UBERON:0001305	ovarian follicle	ovarian follicle	UBERON:0013191	ovarian cortex	ovarian cortex	1466	23.89428524323516
UBERON:0001305	ovarian follicle	ovarian follicle	UBERON:0013191	ovarian cortex	ovarian cortex	1453	23.89428524323516
UBERON:0001305	ovarian follicle	ovarian follicle	UBERON:0013191	ovarian cortex	ovarian cortex	1454	23.89428524323516
UBERON:0001305	ovarian follicle	ovarian follicle	UBERON:0013191	ovarian cortex	ovarian cortex	203	23.89428524323516
UBERON:0001305	ovarian follicle	ovarian follicle	UBERON:0013191	ovarian cortex	ovarian cortex	1455	23.89428524323516
UBERON:0001305	ovarian follicle	ovarian follicle	UBERON:0013191	ovarian cortex	ovarian cortex	1456	23.89428524323516
UBERON:0001305	ovarian follicle	ovarian follicle	UBERON:0013191	ovarian cortex	ovarian cortex	1457	23.89428524323516
UBERON:0001305	ovarian follicle	ovarian follicle	UBERON:0013191	ovarian cortex	ovarian cortex	1458	23.89428524323516
UBERON:0001305	ovarian follicle	ovarian follicle	UBERON:0013191	ovarian cortex	ovarian cortex	1459	23.89428524323516
UBERON:0001305	ovarian follicle	ovarian follicle	UBERON:0013191	ovarian cortex	ovarian cortex	1460	23.89428524323516
UBERON:0001305	ovarian follicle	ovarian follicle	UBERON:0013191	ovarian cortex	ovarian cortex	1461	23.89428524323516
UBERON:0001305	ovarian follicle	ovarian follicle	UBERON:0013191	ovarian cortex	ovarian cortex	1462	23.89428524323516
UBERON:0001305	ovarian follicle	ovarian follicle	UBERON:0013191	ovarian cortex	ovarian cortex	186	23.89428524323516
UBERON:0001305	ovarian follicle	ovarian follicle	UBERON:0013191	ovarian cortex	ovarian cortex	1463	23.89428524323516
UBERON:0001305	ovarian follicle	ovarian follicle	UBERON:0013191	ovarian cortex	ovarian cortex	1464	23.89428524323516
UBERON:0001305	ovarian follicle	ovarian follicle	UBERON:0013191	ovarian cortex	ovarian cortex	1465	23.89428524323516
UBERON:0001305	ovarian follicle	ovarian follicle	UBERON:0013191	ovarian cortex	ovarian cortex	1484	23.89428524323516
UBERON:0001305	ovarian follicle	ovarian follicle	UBERON:0013191	ovarian cortex	ovarian cortex	1485	23.89428524323516
UBERON:0001305	ovarian follicle	ovarian follicle	UBERON:0013191	ovarian cortex	ovarian cortex	1486	23.89428524323516
UBERON:0001305	ovarian follicle	ovarian follicle	UBERON:0013191	ovarian cortex	ovarian cortex	101	23.89428524323516
UBERON:0001305	ovarian follicle	ovarian follicle	UBERON:0013191	ovarian cortex	ovarian cortex	1504	23.89428524323516
UBERON:0001305	ovarian follicle	ovarian follicle	UBERON:0013191	ovarian cortex	ovarian cortex	1505	23.89428524323516
UBERON:0001305	ovarian follicle	ovarian follicle	UBERON:0013191	ovarian cortex	ovarian cortex	1506	23.89428524323516
UBERON:0001305	ovarian follicle	ovarian follicle	UBERON:0013191	ovarian cortex	ovarian cortex	1507	23.89428524323516
UBERON:0001305	ovarian follicle	ovarian follicle	UBERON:0013191	ovarian cortex	ovarian cortex	1508	23.89428524323516
UBERON:0001305	ovarian follicle	ovarian follicle	UBERON:0013191	ovarian cortex	ovarian cortex	1509	23.89428524323516
UBERON:0001305	ovarian follicle	ovarian follicle	UBERON:0013191	ovarian cortex	ovarian cortex	1510	23.89428524323516
UBERON:0001305	ovarian follicle	ovarian follicle	UBERON:0013191	ovarian cortex	ovarian cortex	84	23.89428524323516
UBERON:0001305	ovarian follicle	ovarian follicle	UBERON:0013191	ovarian cortex	ovarian cortex	1511	23.89428524323516
UBERON:0001305	ovarian follicle	ovarian follicle	UBERON:0013191	ovarian cortex	ovarian cortex	1512	23.89428524323516
UBERON:0001305	ovarian follicle	ovarian follicle	UBERON:0013191	ovarian cortex	ovarian cortex	1513	23.89428524323516
UBERON:0001305	ovarian follicle	ovarian follicle	UBERON:0013191	ovarian cortex	ovarian cortex	1514	23.89428524323516
UBERON:0001305	ovarian follicle	ovarian follicle	UBERON:0013191	ovarian cortex	ovarian cortex	1515	23.89428524323516
UBERON:0001305	ovarian follicle	ovarian follicle	UBERON:0013191	ovarian cortex	ovarian cortex	1516	23.89428524323516
UBERON:0001305	ovarian follicle	ovarian follicle	UBERON:0013191	ovarian cortex	ovarian cortex	1517	23.89428524323516
UBERON:0001305	ovarian follicle	ovarian follicle	UBERON:0013191	ovarian cortex	ovarian cortex	1503	23.89428524323516
UBERON:0001305	ovarian follicle	ovarian follicle	UBERON:0013191	ovarian cortex	ovarian cortex	1502	23.89428524323516
UBERON:0001305	ovarian follicle	ovarian follicle	UBERON:0013191	ovarian cortex	ovarian cortex	135	23.89428524323516
UBERON:0001305	ovarian follicle	ovarian follicle	UBERON:0013191	ovarian cortex	ovarian cortex	1501	23.89428524323516
UBERON:0001305	ovarian follicle	ovarian follicle	UBERON:0013191	ovarian cortex	ovarian cortex	1487	23.89428524323516
UBERON:0001305	ovarian follicle	ovarian follicle	UBERON:0013191	ovarian cortex	ovarian cortex	1488	23.89428524323516
UBERON:0001305	ovarian follicle	ovarian follicle	UBERON:0013191	ovarian cortex	ovarian cortex	1489	23.89428524323516
UBERON:0001305	ovarian follicle	ovarian follicle	UBERON:0013191	ovarian cortex	ovarian cortex	1490	23.89428524323516
UBERON:0001305	ovarian follicle	ovarian follicle	UBERON:0013191	ovarian cortex	ovarian cortex	1491	23.89428524323516
UBERON:0001305	ovarian follicle	ovarian follicle	UBERON:0013191	ovarian cortex	ovarian cortex	1492	23.89428524323516
UBERON:0001305	ovarian follicle	ovarian follicle	UBERON:0013191	ovarian cortex	ovarian cortex	1493	23.89428524323516
UBERON:0001305	ovarian follicle	ovarian follicle	UBERON:0013191	ovarian cortex	ovarian cortex	1494	23.89428524323516
UBERON:0001305	ovarian follicle	ovarian follicle	UBERON:0013191	ovarian cortex	ovarian cortex	118	23.89428524323516
UBERON:0001305	ovarian follicle	ovarian follicle	UBERON:0013191	ovarian cortex	ovarian cortex	1495	23.89428524323516
UBERON:0001305	ovarian follicle	ovarian follicle	UBERON:0013191	ovarian cortex	ovarian cortex	1496	23.89428524323516
UBERON:0001305	ovarian follicle	ovarian follicle	UBERON:0013191	ovarian cortex	ovarian cortex	1497	23.89428524323516
UBERON:0001305	ovarian follicle	ovarian follicle	UBERON:0013191	ovarian cortex	ovarian cortex	1498	23.89428524323516
UBERON:0001305	ovarian follicle	ovarian follicle	UBERON:0013191	ovarian cortex	ovarian cortex	1499	23.89428524323516
UBERON:0001305	ovarian follicle	ovarian follicle	UBERON:0013191	ovarian cortex	ovarian cortex	1500	23.89428524323516
UBERON:0001305	ovarian follicle	ovarian follicle	UBERON:0013191	ovarian cortex	ovarian cortex	1452	23.89428524323516
UBERON:0001305	ovarian follicle	ovarian follicle	UBERON:0013191	ovarian cortex	ovarian cortex	1451	23.89428524323516
UBERON:0001305	ovarian follicle	ovarian follicle	UBERON:0013191	ovarian cortex	ovarian cortex	1450	23.89428524323516
UBERON:0001305	ovarian follicle	ovarian follicle	UBERON:0013191	ovarian cortex	ovarian cortex	1417	23.89428524323516
UBERON:0001305	ovarian follicle	ovarian follicle	UBERON:0013191	ovarian cortex	ovarian cortex	292	23.89428524323516
UBERON:0001305	ovarian follicle	ovarian follicle	UBERON:0013191	ovarian cortex	ovarian cortex	291	23.89428524323516
UBERON:0001305	ovarian follicle	ovarian follicle	UBERON:0013191	ovarian cortex	ovarian cortex	290	23.89428524323516
UBERON:0001305	ovarian follicle	ovarian follicle	UBERON:0013191	ovarian cortex	ovarian cortex	289	23.89428524323516
UBERON:0001305	ovarian follicle	ovarian follicle	UBERON:0013191	ovarian cortex	ovarian cortex	288	23.89428524323516
UBERON:0001305	ovarian follicle	ovarian follicle	UBERON:0013191	ovarian cortex	ovarian cortex	1419	23.89428524323516
UBERON:0001305	ovarian follicle	ovarian follicle	UBERON:0013191	ovarian cortex	ovarian cortex	287	23.89428524323516
UBERON:0001305	ovarian follicle	ovarian follicle	UBERON:0013191	ovarian cortex	ovarian cortex	286	23.89428524323516
UBERON:0001305	ovarian follicle	ovarian follicle	UBERON:0013191	ovarian cortex	ovarian cortex	285	23.89428524323516
UBERON:0001305	ovarian follicle	ovarian follicle	UBERON:0013191	ovarian cortex	ovarian cortex	284	23.89428524323516
UBERON:0001305	ovarian follicle	ovarian follicle	UBERON:0013191	ovarian cortex	ovarian cortex	283	23.89428524323516
UBERON:0001305	ovarian follicle	ovarian follicle	UBERON:0013191	ovarian cortex	ovarian cortex	1420	23.89428524323516
UBERON:0001305	ovarian follicle	ovarian follicle	UBERON:0013191	ovarian cortex	ovarian cortex	1421	23.89428524323516
UBERON:0001305	ovarian follicle	ovarian follicle	UBERON:0013191	ovarian cortex	ovarian cortex	279	23.89428524323516
UBERON:0001305	ovarian follicle	ovarian follicle	UBERON:0013191	ovarian cortex	ovarian cortex	278	23.89428524323516
UBERON:0001305	ovarian follicle	ovarian follicle	UBERON:0013191	ovarian cortex	ovarian cortex	1418	23.89428524323516
UBERON:0001305	ovarian follicle	ovarian follicle	UBERON:0013191	ovarian cortex	ovarian cortex	296	23.89428524323516
UBERON:0001305	ovarian follicle	ovarian follicle	UBERON:0013191	ovarian cortex	ovarian cortex	276	23.89428524323516
UBERON:0001305	ovarian follicle	ovarian follicle	UBERON:0013191	ovarian cortex	ovarian cortex	297	23.89428524323516
UBERON:0001305	ovarian follicle	ovarian follicle	UBERON:0013191	ovarian cortex	ovarian cortex	312	23.89428524323516
UBERON:0001305	ovarian follicle	ovarian follicle	UBERON:0013191	ovarian cortex	ovarian cortex	311	23.89428524323516
UBERON:0001305	ovarian follicle	ovarian follicle	UBERON:0013191	ovarian cortex	ovarian cortex	310	23.89428524323516
UBERON:0001305	ovarian follicle	ovarian follicle	UBERON:0013191	ovarian cortex	ovarian cortex	309	23.89428524323516
UBERON:0001305	ovarian follicle	ovarian follicle	UBERON:0013191	ovarian cortex	ovarian cortex	1414	23.89428524323516
UBERON:0001305	ovarian follicle	ovarian follicle	UBERON:0013191	ovarian cortex	ovarian cortex	1415	23.89428524323516
UBERON:0001305	ovarian follicle	ovarian follicle	UBERON:0013191	ovarian cortex	ovarian cortex	305	23.89428524323516
UBERON:0001305	ovarian follicle	ovarian follicle	UBERON:0013191	ovarian cortex	ovarian cortex	304	23.89428524323516
UBERON:0001305	ovarian follicle	ovarian follicle	UBERON:0013191	ovarian cortex	ovarian cortex	303	23.89428524323516
UBERON:0001305	ovarian follicle	ovarian follicle	UBERON:0013191	ovarian cortex	ovarian cortex	302	23.89428524323516
UBERON:0001305	ovarian follicle	ovarian follicle	UBERON:0013191	ovarian cortex	ovarian cortex	301	23.89428524323516
UBERON:0001305	ovarian follicle	ovarian follicle	UBERON:0013191	ovarian cortex	ovarian cortex	1416	23.89428524323516
UBERON:0001305	ovarian follicle	ovarian follicle	UBERON:0013191	ovarian cortex	ovarian cortex	300	23.89428524323516
UBERON:0001305	ovarian follicle	ovarian follicle	UBERON:0013191	ovarian cortex	ovarian cortex	299	23.89428524323516
UBERON:0001305	ovarian follicle	ovarian follicle	UBERON:0013191	ovarian cortex	ovarian cortex	298	23.89428524323516
UBERON:0001305	ovarian follicle	ovarian follicle	UBERON:0013191	ovarian cortex	ovarian cortex	277	23.89428524323516
UBERON:0001305	ovarian follicle	ovarian follicle	UBERON:0013191	ovarian cortex	ovarian cortex	275	23.89428524323516
UBERON:0001305	ovarian follicle	ovarian follicle	UBERON:0013191	ovarian cortex	ovarian cortex	1449	23.89428524323516
UBERON:0001305	ovarian follicle	ovarian follicle	UBERON:0013191	ovarian cortex	ovarian cortex	1434	23.89428524323516
UBERON:0001305	ovarian follicle	ovarian follicle	UBERON:0013191	ovarian cortex	ovarian cortex	1436	23.89428524323516
UBERON:0001305	ovarian follicle	ovarian follicle	UBERON:0013191	ovarian cortex	ovarian cortex	1437	23.89428524323516
UBERON:0001305	ovarian follicle	ovarian follicle	UBERON:0013191	ovarian cortex	ovarian cortex	1438	23.89428524323516
UBERON:0001305	ovarian follicle	ovarian follicle	UBERON:0013191	ovarian cortex	ovarian cortex	237	23.89428524323516
UBERON:0001305	ovarian follicle	ovarian follicle	UBERON:0013191	ovarian cortex	ovarian cortex	1439	23.89428524323516
UBERON:0001305	ovarian follicle	ovarian follicle	UBERON:0013191	ovarian cortex	ovarian cortex	1440	23.89428524323516
UBERON:0001305	ovarian follicle	ovarian follicle	UBERON:0013191	ovarian cortex	ovarian cortex	1441	23.89428524323516
UBERON:0001305	ovarian follicle	ovarian follicle	UBERON:0013191	ovarian cortex	ovarian cortex	1442	23.89428524323516
UBERON:0001305	ovarian follicle	ovarian follicle	UBERON:0013191	ovarian cortex	ovarian cortex	1443	23.89428524323516
UBERON:0001305	ovarian follicle	ovarian follicle	UBERON:0013191	ovarian cortex	ovarian cortex	1444	23.89428524323516
UBERON:0001305	ovarian follicle	ovarian follicle	UBERON:0013191	ovarian cortex	ovarian cortex	1445	23.89428524323516
UBERON:0001305	ovarian follicle	ovarian follicle	UBERON:0013191	ovarian cortex	ovarian cortex	1446	23.89428524323516
UBERON:0001305	ovarian follicle	ovarian follicle	UBERON:0013191	ovarian cortex	ovarian cortex	220	23.89428524323516
UBERON:0001305	ovarian follicle	ovarian follicle	UBERON:0013191	ovarian cortex	ovarian cortex	1447	23.89428524323516
UBERON:0001305	ovarian follicle	ovarian follicle	UBERON:0013191	ovarian cortex	ovarian cortex	1448	23.89428524323516
UBERON:0001305	ovarian follicle	ovarian follicle	UBERON:0013191	ovarian cortex	ovarian cortex	1435	23.89428524323516
UBERON:0001305	ovarian follicle	ovarian follicle	UBERON:0013191	ovarian cortex	ovarian cortex	1433	23.89428524323516
UBERON:0001305	ovarian follicle	ovarian follicle	UBERON:0013191	ovarian cortex	ovarian cortex	1422	23.89428524323516
UBERON:0001305	ovarian follicle	ovarian follicle	UBERON:0013191	ovarian cortex	ovarian cortex	1432	23.89428524323516
UBERON:0001305	ovarian follicle	ovarian follicle	UBERON:0013191	ovarian cortex	ovarian cortex	274	23.89428524323516
UBERON:0001305	ovarian follicle	ovarian follicle	UBERON:0013191	ovarian cortex	ovarian cortex	273	23.89428524323516
UBERON:0001305	ovarian follicle	ovarian follicle	UBERON:0013191	ovarian cortex	ovarian cortex	272	23.89428524323516
UBERON:0001305	ovarian follicle	ovarian follicle	UBERON:0013191	ovarian cortex	ovarian cortex	271	23.89428524323516
UBERON:0001305	ovarian follicle	ovarian follicle	UBERON:0013191	ovarian cortex	ovarian cortex	270	23.89428524323516
UBERON:0001305	ovarian follicle	ovarian follicle	UBERON:0013191	ovarian cortex	ovarian cortex	1423	23.89428524323516
UBERON:0001305	ovarian follicle	ovarian follicle	UBERON:0013191	ovarian cortex	ovarian cortex	1424	23.89428524323516
UBERON:0001305	ovarian follicle	ovarian follicle	UBERON:0013191	ovarian cortex	ovarian cortex	1425	23.89428524323516
UBERON:0001305	ovarian follicle	ovarian follicle	UBERON:0013191	ovarian cortex	ovarian cortex	1426	23.89428524323516
UBERON:0001305	ovarian follicle	ovarian follicle	UBERON:0013191	ovarian cortex	ovarian cortex	1427	23.89428524323516
UBERON:0001305	ovarian follicle	ovarian follicle	UBERON:0013191	ovarian cortex	ovarian cortex	1428	23.89428524323516
UBERON:0001305	ovarian follicle	ovarian follicle	UBERON:0013191	ovarian cortex	ovarian cortex	1429	23.89428524323516
UBERON:0001305	ovarian follicle	ovarian follicle	UBERON:0013191	ovarian cortex	ovarian cortex	1430	23.89428524323516
UBERON:0001305	ovarian follicle	ovarian follicle	UBERON:0013191	ovarian cortex	ovarian cortex	254	23.89428524323516
UBERON:0001305	ovarian follicle	ovarian follicle	UBERON:0013191	ovarian cortex	ovarian cortex	1431	23.89428524323516
UBERON:0001305	ovarian follicle	ovarian follicle	UBERON:0013191	ovarian cortex	ovarian cortex	466	23.89428524323516
UBERON:0001305	ovarian follicle	ovarian follicle	UBERON:0013191	ovarian cortex	ovarian cortex	468	23.89428524323516
UBERON:0001305	ovarian follicle	ovarian follicle	UBERON:0013191	ovarian cortex	ovarian cortex	747	23.89428524323516
UBERON:0001305	ovarian follicle	ovarian follicle	UBERON:0013191	ovarian cortex	ovarian cortex	666	23.89428524323516
UBERON:0001305	ovarian follicle	ovarian follicle	UBERON:0013191	ovarian cortex	ovarian cortex	1380	23.89428524323516
UBERON:0001305	ovarian follicle	ovarian follicle	UBERON:0013191	ovarian cortex	ovarian cortex	669	23.89428524323516
UBERON:0001305	ovarian follicle	ovarian follicle	UBERON:0013191	ovarian cortex	ovarian cortex	1381	23.89428524323516
UBERON:0001305	ovarian follicle	ovarian follicle	UBERON:0013191	ovarian cortex	ovarian cortex	668	23.89428524323516
UBERON:0001305	ovarian follicle	ovarian follicle	UBERON:0013191	ovarian cortex	ovarian cortex	1382	23.89428524323516
UBERON:0001305	ovarian follicle	ovarian follicle	UBERON:0013191	ovarian cortex	ovarian cortex	667	23.89428524323516
UBERON:0001305	ovarian follicle	ovarian follicle	UBERON:0013191	ovarian cortex	ovarian cortex	1383	23.89428524323516
UBERON:0001305	ovarian follicle	ovarian follicle	UBERON:0013191	ovarian cortex	ovarian cortex	1384	23.89428524323516
UBERON:0001305	ovarian follicle	ovarian follicle	UBERON:0013191	ovarian cortex	ovarian cortex	621	23.89428524323516
UBERON:0001305	ovarian follicle	ovarian follicle	UBERON:0013191	ovarian cortex	ovarian cortex	665	23.89428524323516
UBERON:0001305	ovarian follicle	ovarian follicle	UBERON:0013191	ovarian cortex	ovarian cortex	1385	23.89428524323516
UBERON:0001305	ovarian follicle	ovarian follicle	UBERON:0013191	ovarian cortex	ovarian cortex	1386	23.89428524323516
UBERON:0001305	ovarian follicle	ovarian follicle	UBERON:0013191	ovarian cortex	ovarian cortex	664	23.89428524323516
UBERON:0001305	ovarian follicle	ovarian follicle	UBERON:0013191	ovarian cortex	ovarian cortex	663	23.89428524323516
UBERON:0001305	ovarian follicle	ovarian follicle	UBERON:0013191	ovarian cortex	ovarian cortex	662	23.89428524323516
UBERON:0001305	ovarian follicle	ovarian follicle	UBERON:0013191	ovarian cortex	ovarian cortex	661	23.89428524323516
UBERON:0001305	ovarian follicle	ovarian follicle	UBERON:0013191	ovarian cortex	ovarian cortex	670	23.89428524323516
UBERON:0001305	ovarian follicle	ovarian follicle	UBERON:0013191	ovarian cortex	ovarian cortex	1379	23.89428524323516
UBERON:0001305	ovarian follicle	ovarian follicle	UBERON:0013191	ovarian cortex	ovarian cortex	671	23.89428524323516
UBERON:0001305	ovarian follicle	ovarian follicle	UBERON:0013191	ovarian cortex	ovarian cortex	1378	23.89428524323516
UBERON:0001305	ovarian follicle	ovarian follicle	UBERON:0013191	ovarian cortex	ovarian cortex	685	23.89428524323516
UBERON:0001305	ovarian follicle	ovarian follicle	UBERON:0013191	ovarian cortex	ovarian cortex	684	23.89428524323516
UBERON:0001305	ovarian follicle	ovarian follicle	UBERON:0013191	ovarian cortex	ovarian cortex	683	23.89428524323516
UBERON:0001305	ovarian follicle	ovarian follicle	UBERON:0013191	ovarian cortex	ovarian cortex	682	23.89428524323516
UBERON:0001305	ovarian follicle	ovarian follicle	UBERON:0013191	ovarian cortex	ovarian cortex	681	23.89428524323516
UBERON:0001305	ovarian follicle	ovarian follicle	UBERON:0013191	ovarian cortex	ovarian cortex	680	23.89428524323516
UBERON:0001305	ovarian follicle	ovarian follicle	UBERON:0013191	ovarian cortex	ovarian cortex	679	23.89428524323516
UBERON:0001305	ovarian follicle	ovarian follicle	UBERON:0013191	ovarian cortex	ovarian cortex	678	23.89428524323516
UBERON:0001305	ovarian follicle	ovarian follicle	UBERON:0013191	ovarian cortex	ovarian cortex	677	23.89428524323516
UBERON:0001305	ovarian follicle	ovarian follicle	UBERON:0013191	ovarian cortex	ovarian cortex	676	23.89428524323516
UBERON:0001305	ovarian follicle	ovarian follicle	UBERON:0013191	ovarian cortex	ovarian cortex	675	23.89428524323516
UBERON:0001305	ovarian follicle	ovarian follicle	UBERON:0013191	ovarian cortex	ovarian cortex	674	23.89428524323516
UBERON:0001305	ovarian follicle	ovarian follicle	UBERON:0013191	ovarian cortex	ovarian cortex	673	23.89428524323516
UBERON:0001305	ovarian follicle	ovarian follicle	UBERON:0013191	ovarian cortex	ovarian cortex	1377	23.89428524323516
UBERON:0001305	ovarian follicle	ovarian follicle	UBERON:0013191	ovarian cortex	ovarian cortex	672	23.89428524323516
UBERON:0001305	ovarian follicle	ovarian follicle	UBERON:0013191	ovarian cortex	ovarian cortex	660	23.89428524323516
UBERON:0001305	ovarian follicle	ovarian follicle	UBERON:0013191	ovarian cortex	ovarian cortex	659	23.89428524323516
UBERON:0001305	ovarian follicle	ovarian follicle	UBERON:0013191	ovarian cortex	ovarian cortex	658	23.89428524323516
UBERON:0001305	ovarian follicle	ovarian follicle	UBERON:0013191	ovarian cortex	ovarian cortex	639	23.89428524323516
UBERON:0001305	ovarian follicle	ovarian follicle	UBERON:0013191	ovarian cortex	ovarian cortex	637	23.89428524323516
UBERON:0001305	ovarian follicle	ovarian follicle	UBERON:0013191	ovarian cortex	ovarian cortex	636	23.89428524323516
UBERON:0001305	ovarian follicle	ovarian follicle	UBERON:0013191	ovarian cortex	ovarian cortex	635	23.89428524323516
UBERON:0001305	ovarian follicle	ovarian follicle	UBERON:0013191	ovarian cortex	ovarian cortex	634	23.89428524323516
UBERON:0001305	ovarian follicle	ovarian follicle	UBERON:0013191	ovarian cortex	ovarian cortex	633	23.89428524323516
UBERON:0001305	ovarian follicle	ovarian follicle	UBERON:0013191	ovarian cortex	ovarian cortex	632	23.89428524323516
UBERON:0001305	ovarian follicle	ovarian follicle	UBERON:0013191	ovarian cortex	ovarian cortex	631	23.89428524323516
UBERON:0001305	ovarian follicle	ovarian follicle	UBERON:0013191	ovarian cortex	ovarian cortex	630	23.89428524323516
UBERON:0001305	ovarian follicle	ovarian follicle	UBERON:0013191	ovarian cortex	ovarian cortex	629	23.89428524323516
UBERON:0001305	ovarian follicle	ovarian follicle	UBERON:0013191	ovarian cortex	ovarian cortex	628	23.89428524323516
UBERON:0001305	ovarian follicle	ovarian follicle	UBERON:0013191	ovarian cortex	ovarian cortex	627	23.89428524323516
UBERON:0001305	ovarian follicle	ovarian follicle	UBERON:0013191	ovarian cortex	ovarian cortex	626	23.89428524323516
UBERON:0001305	ovarian follicle	ovarian follicle	UBERON:0013191	ovarian cortex	ovarian cortex	625	23.89428524323516
UBERON:0001305	ovarian follicle	ovarian follicle	UBERON:0013191	ovarian cortex	ovarian cortex	624	23.89428524323516
UBERON:0001305	ovarian follicle	ovarian follicle	UBERON:0013191	ovarian cortex	ovarian cortex	623	23.89428524323516
UBERON:0001305	ovarian follicle	ovarian follicle	UBERON:0013191	ovarian cortex	ovarian cortex	638	23.89428524323516
UBERON:0001305	ovarian follicle	ovarian follicle	UBERON:0013191	ovarian cortex	ovarian cortex	640	23.89428524323516
UBERON:0001305	ovarian follicle	ovarian follicle	UBERON:0013191	ovarian cortex	ovarian cortex	657	23.89428524323516
UBERON:0001305	ovarian follicle	ovarian follicle	UBERON:0013191	ovarian cortex	ovarian cortex	641	23.89428524323516
UBERON:0001305	ovarian follicle	ovarian follicle	UBERON:0013191	ovarian cortex	ovarian cortex	656	23.89428524323516
UBERON:0001305	ovarian follicle	ovarian follicle	UBERON:0013191	ovarian cortex	ovarian cortex	655	23.89428524323516
UBERON:0001305	ovarian follicle	ovarian follicle	UBERON:0013191	ovarian cortex	ovarian cortex	654	23.89428524323516
UBERON:0001305	ovarian follicle	ovarian follicle	UBERON:0013191	ovarian cortex	ovarian cortex	653	23.89428524323516
UBERON:0001305	ovarian follicle	ovarian follicle	UBERON:0013191	ovarian cortex	ovarian cortex	652	23.89428524323516
UBERON:0001305	ovarian follicle	ovarian follicle	UBERON:0013191	ovarian cortex	ovarian cortex	651	23.89428524323516
UBERON:0001305	ovarian follicle	ovarian follicle	UBERON:0013191	ovarian cortex	ovarian cortex	650	23.89428524323516
UBERON:0001305	ovarian follicle	ovarian follicle	UBERON:0013191	ovarian cortex	ovarian cortex	649	23.89428524323516
UBERON:0001305	ovarian follicle	ovarian follicle	UBERON:0013191	ovarian cortex	ovarian cortex	648	23.89428524323516
UBERON:0001305	ovarian follicle	ovarian follicle	UBERON:0013191	ovarian cortex	ovarian cortex	647	23.89428524323516
UBERON:0001305	ovarian follicle	ovarian follicle	UBERON:0013191	ovarian cortex	ovarian cortex	646	23.89428524323516
UBERON:0001305	ovarian follicle	ovarian follicle	UBERON:0013191	ovarian cortex	ovarian cortex	645	23.89428524323516
UBERON:0001305	ovarian follicle	ovarian follicle	UBERON:0013191	ovarian cortex	ovarian cortex	644	23.89428524323516
UBERON:0001305	ovarian follicle	ovarian follicle	UBERON:0013191	ovarian cortex	ovarian cortex	643	23.89428524323516
UBERON:0001305	ovarian follicle	ovarian follicle	UBERON:0013191	ovarian cortex	ovarian cortex	642	23.89428524323516
UBERON:0001305	ovarian follicle	ovarian follicle	UBERON:0013191	ovarian cortex	ovarian cortex	686	23.89428524323516
UBERON:0001305	ovarian follicle	ovarian follicle	UBERON:0013191	ovarian cortex	ovarian cortex	687	23.89428524323516
UBERON:0001305	ovarian follicle	ovarian follicle	UBERON:0013191	ovarian cortex	ovarian cortex	688	23.89428524323516
UBERON:0001305	ovarian follicle	ovarian follicle	UBERON:0013191	ovarian cortex	ovarian cortex	1363	23.89428524323516
UBERON:0001305	ovarian follicle	ovarian follicle	UBERON:0013191	ovarian cortex	ovarian cortex	1364	23.89428524323516
UBERON:0001305	ovarian follicle	ovarian follicle	UBERON:0013191	ovarian cortex	ovarian cortex	729	23.89428524323516
UBERON:0001305	ovarian follicle	ovarian follicle	UBERON:0013191	ovarian cortex	ovarian cortex	1365	23.89428524323516
UBERON:0001305	ovarian follicle	ovarian follicle	UBERON:0013191	ovarian cortex	ovarian cortex	728	23.89428524323516
UBERON:0001305	ovarian follicle	ovarian follicle	UBERON:0013191	ovarian cortex	ovarian cortex	1366	23.89428524323516
UBERON:0001305	ovarian follicle	ovarian follicle	UBERON:0013191	ovarian cortex	ovarian cortex	727	23.89428524323516
UBERON:0001305	ovarian follicle	ovarian follicle	UBERON:0013191	ovarian cortex	ovarian cortex	1367	23.89428524323516
UBERON:0001305	ovarian follicle	ovarian follicle	UBERON:0013191	ovarian cortex	ovarian cortex	726	23.89428524323516
UBERON:0001305	ovarian follicle	ovarian follicle	UBERON:0013191	ovarian cortex	ovarian cortex	1368	23.89428524323516
UBERON:0001305	ovarian follicle	ovarian follicle	UBERON:0013191	ovarian cortex	ovarian cortex	725	23.89428524323516
UBERON:0001305	ovarian follicle	ovarian follicle	UBERON:0013191	ovarian cortex	ovarian cortex	1369	23.89428524323516
UBERON:0001305	ovarian follicle	ovarian follicle	UBERON:0013191	ovarian cortex	ovarian cortex	724	23.89428524323516
UBERON:0001305	ovarian follicle	ovarian follicle	UBERON:0013191	ovarian cortex	ovarian cortex	1370	23.89428524323516
UBERON:0001305	ovarian follicle	ovarian follicle	UBERON:0013191	ovarian cortex	ovarian cortex	723	23.89428524323516
UBERON:0001305	ovarian follicle	ovarian follicle	UBERON:0013191	ovarian cortex	ovarian cortex	1371	23.89428524323516
UBERON:0001305	ovarian follicle	ovarian follicle	UBERON:0013191	ovarian cortex	ovarian cortex	730	23.89428524323516
UBERON:0001305	ovarian follicle	ovarian follicle	UBERON:0013191	ovarian cortex	ovarian cortex	731	23.89428524323516
UBERON:0001305	ovarian follicle	ovarian follicle	UBERON:0013191	ovarian cortex	ovarian cortex	1372	23.89428524323516
UBERON:0001305	ovarian follicle	ovarian follicle	UBERON:0013191	ovarian cortex	ovarian cortex	732	23.89428524323516
UBERON:0001305	ovarian follicle	ovarian follicle	UBERON:0013191	ovarian cortex	ovarian cortex	746	23.89428524323516
UBERON:0001305	ovarian follicle	ovarian follicle	UBERON:0013191	ovarian cortex	ovarian cortex	1362	23.89428524323516
UBERON:0001305	ovarian follicle	ovarian follicle	UBERON:0013191	ovarian cortex	ovarian cortex	745	23.89428524323516
UBERON:0001305	ovarian follicle	ovarian follicle	UBERON:0013191	ovarian cortex	ovarian cortex	744	23.89428524323516
UBERON:0001305	ovarian follicle	ovarian follicle	UBERON:0013191	ovarian cortex	ovarian cortex	743	23.89428524323516
UBERON:0001305	ovarian follicle	ovarian follicle	UBERON:0013191	ovarian cortex	ovarian cortex	742	23.89428524323516
UBERON:0001305	ovarian follicle	ovarian follicle	UBERON:0013191	ovarian cortex	ovarian cortex	741	23.89428524323516
UBERON:0001305	ovarian follicle	ovarian follicle	UBERON:0013191	ovarian cortex	ovarian cortex	740	23.89428524323516
UBERON:0001305	ovarian follicle	ovarian follicle	UBERON:0013191	ovarian cortex	ovarian cortex	739	23.89428524323516
UBERON:0001305	ovarian follicle	ovarian follicle	UBERON:0013191	ovarian cortex	ovarian cortex	738	23.89428524323516
UBERON:0001305	ovarian follicle	ovarian follicle	UBERON:0013191	ovarian cortex	ovarian cortex	737	23.89428524323516
UBERON:0001305	ovarian follicle	ovarian follicle	UBERON:0013191	ovarian cortex	ovarian cortex	736	23.89428524323516
UBERON:0001305	ovarian follicle	ovarian follicle	UBERON:0013191	ovarian cortex	ovarian cortex	735	23.89428524323516
UBERON:0001305	ovarian follicle	ovarian follicle	UBERON:0013191	ovarian cortex	ovarian cortex	734	23.89428524323516
UBERON:0001305	ovarian follicle	ovarian follicle	UBERON:0013191	ovarian cortex	ovarian cortex	733	23.89428524323516
UBERON:0001305	ovarian follicle	ovarian follicle	UBERON:0013191	ovarian cortex	ovarian cortex	722	23.89428524323516
UBERON:0001305	ovarian follicle	ovarian follicle	UBERON:0013191	ovarian cortex	ovarian cortex	721	23.89428524323516
UBERON:0001305	ovarian follicle	ovarian follicle	UBERON:0013191	ovarian cortex	ovarian cortex	689	23.89428524323516
UBERON:0001305	ovarian follicle	ovarian follicle	UBERON:0013191	ovarian cortex	ovarian cortex	705	23.89428524323516
UBERON:0001305	ovarian follicle	ovarian follicle	UBERON:0013191	ovarian cortex	ovarian cortex	703	23.89428524323516
UBERON:0001305	ovarian follicle	ovarian follicle	UBERON:0013191	ovarian cortex	ovarian cortex	702	23.89428524323516
UBERON:0001305	ovarian follicle	ovarian follicle	UBERON:0013191	ovarian cortex	ovarian cortex	701	23.89428524323516
UBERON:0001305	ovarian follicle	ovarian follicle	UBERON:0013191	ovarian cortex	ovarian cortex	700	23.89428524323516
UBERON:0001305	ovarian follicle	ovarian follicle	UBERON:0013191	ovarian cortex	ovarian cortex	699	23.89428524323516
UBERON:0001305	ovarian follicle	ovarian follicle	UBERON:0013191	ovarian cortex	ovarian cortex	698	23.89428524323516
UBERON:0001305	ovarian follicle	ovarian follicle	UBERON:0013191	ovarian cortex	ovarian cortex	697	23.89428524323516
UBERON:0001305	ovarian follicle	ovarian follicle	UBERON:0013191	ovarian cortex	ovarian cortex	696	23.89428524323516
UBERON:0001305	ovarian follicle	ovarian follicle	UBERON:0013191	ovarian cortex	ovarian cortex	695	23.89428524323516
UBERON:0001305	ovarian follicle	ovarian follicle	UBERON:0013191	ovarian cortex	ovarian cortex	694	23.89428524323516
UBERON:0001305	ovarian follicle	ovarian follicle	UBERON:0013191	ovarian cortex	ovarian cortex	693	23.89428524323516
UBERON:0001305	ovarian follicle	ovarian follicle	UBERON:0013191	ovarian cortex	ovarian cortex	692	23.89428524323516
UBERON:0001305	ovarian follicle	ovarian follicle	UBERON:0013191	ovarian cortex	ovarian cortex	1376	23.89428524323516
UBERON:0001305	ovarian follicle	ovarian follicle	UBERON:0013191	ovarian cortex	ovarian cortex	691	23.89428524323516
UBERON:0001305	ovarian follicle	ovarian follicle	UBERON:0013191	ovarian cortex	ovarian cortex	690	23.89428524323516
UBERON:0001305	ovarian follicle	ovarian follicle	UBERON:0013191	ovarian cortex	ovarian cortex	704	23.89428524323516
UBERON:0001305	ovarian follicle	ovarian follicle	UBERON:0013191	ovarian cortex	ovarian cortex	706	23.89428524323516
UBERON:0001305	ovarian follicle	ovarian follicle	UBERON:0013191	ovarian cortex	ovarian cortex	1373	23.89428524323516
UBERON:0001305	ovarian follicle	ovarian follicle	UBERON:0013191	ovarian cortex	ovarian cortex	707	23.89428524323516
UBERON:0001305	ovarian follicle	ovarian follicle	UBERON:0013191	ovarian cortex	ovarian cortex	720	23.89428524323516
UBERON:0001305	ovarian follicle	ovarian follicle	UBERON:0013191	ovarian cortex	ovarian cortex	1374	23.89428524323516
UBERON:0001305	ovarian follicle	ovarian follicle	UBERON:0013191	ovarian cortex	ovarian cortex	719	23.89428524323516
UBERON:0001305	ovarian follicle	ovarian follicle	UBERON:0013191	ovarian cortex	ovarian cortex	1375	23.89428524323516
UBERON:0001305	ovarian follicle	ovarian follicle	UBERON:0013191	ovarian cortex	ovarian cortex	718	23.89428524323516
UBERON:0001305	ovarian follicle	ovarian follicle	UBERON:0013191	ovarian cortex	ovarian cortex	717	23.89428524323516
UBERON:0001305	ovarian follicle	ovarian follicle	UBERON:0013191	ovarian cortex	ovarian cortex	716	23.89428524323516
UBERON:0001305	ovarian follicle	ovarian follicle	UBERON:0013191	ovarian cortex	ovarian cortex	715	23.89428524323516
UBERON:0001305	ovarian follicle	ovarian follicle	UBERON:0013191	ovarian cortex	ovarian cortex	714	23.89428524323516
UBERON:0001305	ovarian follicle	ovarian follicle	UBERON:0013191	ovarian cortex	ovarian cortex	713	23.89428524323516
UBERON:0001305	ovarian follicle	ovarian follicle	UBERON:0013191	ovarian cortex	ovarian cortex	712	23.89428524323516
UBERON:0001305	ovarian follicle	ovarian follicle	UBERON:0013191	ovarian cortex	ovarian cortex	711	23.89428524323516
UBERON:0001305	ovarian follicle	ovarian follicle	UBERON:0013191	ovarian cortex	ovarian cortex	710	23.89428524323516
UBERON:0001305	ovarian follicle	ovarian follicle	UBERON:0013191	ovarian cortex	ovarian cortex	709	23.89428524323516
UBERON:0001305	ovarian follicle	ovarian follicle	UBERON:0013191	ovarian cortex	ovarian cortex	708	23.89428524323516
UBERON:0001305	ovarian follicle	ovarian follicle	UBERON:0013191	ovarian cortex	ovarian cortex	622	23.89428524323516
UBERON:0001305	ovarian follicle	ovarian follicle	UBERON:0013191	ovarian cortex	ovarian cortex	620	23.89428524323516
UBERON:0001305	ovarian follicle	ovarian follicle	UBERON:0013191	ovarian cortex	ovarian cortex	469	23.89428524323516
UBERON:0001305	ovarian follicle	ovarian follicle	UBERON:0013191	ovarian cortex	ovarian cortex	516	23.89428524323516
UBERON:0001305	ovarian follicle	ovarian follicle	UBERON:0013191	ovarian cortex	ovarian cortex	523	23.89428524323516
UBERON:0001305	ovarian follicle	ovarian follicle	UBERON:0013191	ovarian cortex	ovarian cortex	522	23.89428524323516
UBERON:0001305	ovarian follicle	ovarian follicle	UBERON:0013191	ovarian cortex	ovarian cortex	521	23.89428524323516
UBERON:0001305	ovarian follicle	ovarian follicle	UBERON:0013191	ovarian cortex	ovarian cortex	520	23.89428524323516
UBERON:0001305	ovarian follicle	ovarian follicle	UBERON:0013191	ovarian cortex	ovarian cortex	519	23.89428524323516
UBERON:0001305	ovarian follicle	ovarian follicle	UBERON:0013191	ovarian cortex	ovarian cortex	518	23.89428524323516
UBERON:0001305	ovarian follicle	ovarian follicle	UBERON:0013191	ovarian cortex	ovarian cortex	517	23.89428524323516
UBERON:0001305	ovarian follicle	ovarian follicle	UBERON:0013191	ovarian cortex	ovarian cortex	515	23.89428524323516
UBERON:0001305	ovarian follicle	ovarian follicle	UBERON:0013191	ovarian cortex	ovarian cortex	619	23.89428524323516
UBERON:0001305	ovarian follicle	ovarian follicle	UBERON:0013191	ovarian cortex	ovarian cortex	514	23.89428524323516
UBERON:0001305	ovarian follicle	ovarian follicle	UBERON:0013191	ovarian cortex	ovarian cortex	513	23.89428524323516
UBERON:0001305	ovarian follicle	ovarian follicle	UBERON:0013191	ovarian cortex	ovarian cortex	512	23.89428524323516
UBERON:0001305	ovarian follicle	ovarian follicle	UBERON:0013191	ovarian cortex	ovarian cortex	511	23.89428524323516
UBERON:0001305	ovarian follicle	ovarian follicle	UBERON:0013191	ovarian cortex	ovarian cortex	510	23.89428524323516
UBERON:0001305	ovarian follicle	ovarian follicle	UBERON:0013191	ovarian cortex	ovarian cortex	509	23.89428524323516
UBERON:0001305	ovarian follicle	ovarian follicle	UBERON:0013191	ovarian cortex	ovarian cortex	508	23.89428524323516
UBERON:0001305	ovarian follicle	ovarian follicle	UBERON:0013191	ovarian cortex	ovarian cortex	524	23.89428524323516
UBERON:0001305	ovarian follicle	ovarian follicle	UBERON:0013191	ovarian cortex	ovarian cortex	525	23.89428524323516
UBERON:0001305	ovarian follicle	ovarian follicle	UBERON:0013191	ovarian cortex	ovarian cortex	526	23.89428524323516
UBERON:0001305	ovarian follicle	ovarian follicle	UBERON:0013191	ovarian cortex	ovarian cortex	527	23.89428524323516
UBERON:0001305	ovarian follicle	ovarian follicle	UBERON:0013191	ovarian cortex	ovarian cortex	542	23.89428524323516
UBERON:0001305	ovarian follicle	ovarian follicle	UBERON:0013191	ovarian cortex	ovarian cortex	541	23.89428524323516
UBERON:0001305	ovarian follicle	ovarian follicle	UBERON:0013191	ovarian cortex	ovarian cortex	540	23.89428524323516
UBERON:0001305	ovarian follicle	ovarian follicle	UBERON:0013191	ovarian cortex	ovarian cortex	539	23.89428524323516
UBERON:0001305	ovarian follicle	ovarian follicle	UBERON:0013191	ovarian cortex	ovarian cortex	538	23.89428524323516
UBERON:0001305	ovarian follicle	ovarian follicle	UBERON:0013191	ovarian cortex	ovarian cortex	537	23.89428524323516
UBERON:0001305	ovarian follicle	ovarian follicle	UBERON:0013191	ovarian cortex	ovarian cortex	536	23.89428524323516
UBERON:0001305	ovarian follicle	ovarian follicle	UBERON:0013191	ovarian cortex	ovarian cortex	535	23.89428524323516
UBERON:0001305	ovarian follicle	ovarian follicle	UBERON:0013191	ovarian cortex	ovarian cortex	534	23.89428524323516
UBERON:0001305	ovarian follicle	ovarian follicle	UBERON:0013191	ovarian cortex	ovarian cortex	533	23.89428524323516
UBERON:0001305	ovarian follicle	ovarian follicle	UBERON:0013191	ovarian cortex	ovarian cortex	532	23.89428524323516
UBERON:0001305	ovarian follicle	ovarian follicle	UBERON:0013191	ovarian cortex	ovarian cortex	531	23.89428524323516
UBERON:0001305	ovarian follicle	ovarian follicle	UBERON:0013191	ovarian cortex	ovarian cortex	530	23.89428524323516
UBERON:0001305	ovarian follicle	ovarian follicle	UBERON:0013191	ovarian cortex	ovarian cortex	529	23.89428524323516
UBERON:0001305	ovarian follicle	ovarian follicle	UBERON:0013191	ovarian cortex	ovarian cortex	528	23.89428524323516
UBERON:0001305	ovarian follicle	ovarian follicle	UBERON:0013191	ovarian cortex	ovarian cortex	507	23.89428524323516
UBERON:0001305	ovarian follicle	ovarian follicle	UBERON:0013191	ovarian cortex	ovarian cortex	506	23.89428524323516
UBERON:0001305	ovarian follicle	ovarian follicle	UBERON:0013191	ovarian cortex	ovarian cortex	505	23.89428524323516
UBERON:0001305	ovarian follicle	ovarian follicle	UBERON:0013191	ovarian cortex	ovarian cortex	486	23.89428524323516
UBERON:0001305	ovarian follicle	ovarian follicle	UBERON:0013191	ovarian cortex	ovarian cortex	484	23.89428524323516
UBERON:0001305	ovarian follicle	ovarian follicle	UBERON:0013191	ovarian cortex	ovarian cortex	483	23.89428524323516
UBERON:0001305	ovarian follicle	ovarian follicle	UBERON:0013191	ovarian cortex	ovarian cortex	482	23.89428524323516
UBERON:0001305	ovarian follicle	ovarian follicle	UBERON:0013191	ovarian cortex	ovarian cortex	481	23.89428524323516
UBERON:0001305	ovarian follicle	ovarian follicle	UBERON:0013191	ovarian cortex	ovarian cortex	480	23.89428524323516
UBERON:0001305	ovarian follicle	ovarian follicle	UBERON:0013191	ovarian cortex	ovarian cortex	479	23.89428524323516
UBERON:0001305	ovarian follicle	ovarian follicle	UBERON:0013191	ovarian cortex	ovarian cortex	478	23.89428524323516
UBERON:0001305	ovarian follicle	ovarian follicle	UBERON:0013191	ovarian cortex	ovarian cortex	477	23.89428524323516
UBERON:0001305	ovarian follicle	ovarian follicle	UBERON:0013191	ovarian cortex	ovarian cortex	476	23.89428524323516
UBERON:0001305	ovarian follicle	ovarian follicle	UBERON:0013191	ovarian cortex	ovarian cortex	475	23.89428524323516
UBERON:0001305	ovarian follicle	ovarian follicle	UBERON:0013191	ovarian cortex	ovarian cortex	474	23.89428524323516
UBERON:0001305	ovarian follicle	ovarian follicle	UBERON:0013191	ovarian cortex	ovarian cortex	473	23.89428524323516
UBERON:0001305	ovarian follicle	ovarian follicle	UBERON:0013191	ovarian cortex	ovarian cortex	472	23.89428524323516
UBERON:0001305	ovarian follicle	ovarian follicle	UBERON:0013191	ovarian cortex	ovarian cortex	471	23.89428524323516
UBERON:0001305	ovarian follicle	ovarian follicle	UBERON:0013191	ovarian cortex	ovarian cortex	470	23.89428524323516
UBERON:0001305	ovarian follicle	ovarian follicle	UBERON:0013191	ovarian cortex	ovarian cortex	485	23.89428524323516
UBERON:0001305	ovarian follicle	ovarian follicle	UBERON:0013191	ovarian cortex	ovarian cortex	487	23.89428524323516
UBERON:0001305	ovarian follicle	ovarian follicle	UBERON:0013191	ovarian cortex	ovarian cortex	504	23.89428524323516
UBERON:0001305	ovarian follicle	ovarian follicle	UBERON:0013191	ovarian cortex	ovarian cortex	488	23.89428524323516
UBERON:0001305	ovarian follicle	ovarian follicle	UBERON:0013191	ovarian cortex	ovarian cortex	503	23.89428524323516
UBERON:0001305	ovarian follicle	ovarian follicle	UBERON:0013191	ovarian cortex	ovarian cortex	502	23.89428524323516
UBERON:0001305	ovarian follicle	ovarian follicle	UBERON:0013191	ovarian cortex	ovarian cortex	501	23.89428524323516
UBERON:0001305	ovarian follicle	ovarian follicle	UBERON:0013191	ovarian cortex	ovarian cortex	500	23.89428524323516
UBERON:0001305	ovarian follicle	ovarian follicle	UBERON:0013191	ovarian cortex	ovarian cortex	499	23.89428524323516
UBERON:0001305	ovarian follicle	ovarian follicle	UBERON:0013191	ovarian cortex	ovarian cortex	498	23.89428524323516
UBERON:0001305	ovarian follicle	ovarian follicle	UBERON:0013191	ovarian cortex	ovarian cortex	497	23.89428524323516
UBERON:0001305	ovarian follicle	ovarian follicle	UBERON:0013191	ovarian cortex	ovarian cortex	496	23.89428524323516
UBERON:0001305	ovarian follicle	ovarian follicle	UBERON:0013191	ovarian cortex	ovarian cortex	495	23.89428524323516
UBERON:0001305	ovarian follicle	ovarian follicle	UBERON:0013191	ovarian cortex	ovarian cortex	494	23.89428524323516
UBERON:0001305	ovarian follicle	ovarian follicle	UBERON:0013191	ovarian cortex	ovarian cortex	493	23.89428524323516
UBERON:0001305	ovarian follicle	ovarian follicle	UBERON:0013191	ovarian cortex	ovarian cortex	492	23.89428524323516
UBERON:0001305	ovarian follicle	ovarian follicle	UBERON:0013191	ovarian cortex	ovarian cortex	491	23.89428524323516
UBERON:0001305	ovarian follicle	ovarian follicle	UBERON:0013191	ovarian cortex	ovarian cortex	490	23.89428524323516
UBERON:0001305	ovarian follicle	ovarian follicle	UBERON:0013191	ovarian cortex	ovarian cortex	489	23.89428524323516
UBERON:0001305	ovarian follicle	ovarian follicle	UBERON:0013191	ovarian cortex	ovarian cortex	543	23.89428524323516
UBERON:0001305	ovarian follicle	ovarian follicle	UBERON:0013191	ovarian cortex	ovarian cortex	544	23.89428524323516
UBERON:0001305	ovarian follicle	ovarian follicle	UBERON:0013191	ovarian cortex	ovarian cortex	545	23.89428524323516
UBERON:0001305	ovarian follicle	ovarian follicle	UBERON:0013191	ovarian cortex	ovarian cortex	601	23.89428524323516
UBERON:0001305	ovarian follicle	ovarian follicle	UBERON:0013191	ovarian cortex	ovarian cortex	599	23.89428524323516
UBERON:0001305	ovarian follicle	ovarian follicle	UBERON:0013191	ovarian cortex	ovarian cortex	598	23.89428524323516
UBERON:0001305	ovarian follicle	ovarian follicle	UBERON:0013191	ovarian cortex	ovarian cortex	597	23.89428524323516
UBERON:0001305	ovarian follicle	ovarian follicle	UBERON:0013191	ovarian cortex	ovarian cortex	596	23.89428524323516
UBERON:0001305	ovarian follicle	ovarian follicle	UBERON:0013191	ovarian cortex	ovarian cortex	595	23.89428524323516
UBERON:0001305	ovarian follicle	ovarian follicle	UBERON:0013191	ovarian cortex	ovarian cortex	594	23.89428524323516
UBERON:0001305	ovarian follicle	ovarian follicle	UBERON:0013191	ovarian cortex	ovarian cortex	593	23.89428524323516
UBERON:0001305	ovarian follicle	ovarian follicle	UBERON:0013191	ovarian cortex	ovarian cortex	592	23.89428524323516
UBERON:0001305	ovarian follicle	ovarian follicle	UBERON:0013191	ovarian cortex	ovarian cortex	591	23.89428524323516
UBERON:0001305	ovarian follicle	ovarian follicle	UBERON:0013191	ovarian cortex	ovarian cortex	590	23.89428524323516
UBERON:0001305	ovarian follicle	ovarian follicle	UBERON:0013191	ovarian cortex	ovarian cortex	589	23.89428524323516
UBERON:0001305	ovarian follicle	ovarian follicle	UBERON:0013191	ovarian cortex	ovarian cortex	588	23.89428524323516
UBERON:0001305	ovarian follicle	ovarian follicle	UBERON:0013191	ovarian cortex	ovarian cortex	587	23.89428524323516
UBERON:0001305	ovarian follicle	ovarian follicle	UBERON:0013191	ovarian cortex	ovarian cortex	586	23.89428524323516
UBERON:0001305	ovarian follicle	ovarian follicle	UBERON:0013191	ovarian cortex	ovarian cortex	585	23.89428524323516
UBERON:0001305	ovarian follicle	ovarian follicle	UBERON:0013191	ovarian cortex	ovarian cortex	600	23.89428524323516
UBERON:0001305	ovarian follicle	ovarian follicle	UBERON:0013191	ovarian cortex	ovarian cortex	602	23.89428524323516
UBERON:0001305	ovarian follicle	ovarian follicle	UBERON:0013191	ovarian cortex	ovarian cortex	583	23.89428524323516
UBERON:0001305	ovarian follicle	ovarian follicle	UBERON:0013191	ovarian cortex	ovarian cortex	603	23.89428524323516
UBERON:0001305	ovarian follicle	ovarian follicle	UBERON:0013191	ovarian cortex	ovarian cortex	618	23.89428524323516
UBERON:0001305	ovarian follicle	ovarian follicle	UBERON:0013191	ovarian cortex	ovarian cortex	617	23.89428524323516
UBERON:0001305	ovarian follicle	ovarian follicle	UBERON:0013191	ovarian cortex	ovarian cortex	616	23.89428524323516
UBERON:0001305	ovarian follicle	ovarian follicle	UBERON:0013191	ovarian cortex	ovarian cortex	615	23.89428524323516
UBERON:0001305	ovarian follicle	ovarian follicle	UBERON:0013191	ovarian cortex	ovarian cortex	614	23.89428524323516
UBERON:0001305	ovarian follicle	ovarian follicle	UBERON:0013191	ovarian cortex	ovarian cortex	613	23.89428524323516
UBERON:0001305	ovarian follicle	ovarian follicle	UBERON:0013191	ovarian cortex	ovarian cortex	612	23.89428524323516
UBERON:0001305	ovarian follicle	ovarian follicle	UBERON:0013191	ovarian cortex	ovarian cortex	611	23.89428524323516
UBERON:0001305	ovarian follicle	ovarian follicle	UBERON:0013191	ovarian cortex	ovarian cortex	610	23.89428524323516
UBERON:0001305	ovarian follicle	ovarian follicle	UBERON:0013191	ovarian cortex	ovarian cortex	609	23.89428524323516
UBERON:0001305	ovarian follicle	ovarian follicle	UBERON:0013191	ovarian cortex	ovarian cortex	608	23.89428524323516
UBERON:0001305	ovarian follicle	ovarian follicle	UBERON:0013191	ovarian cortex	ovarian cortex	607	23.89428524323516
UBERON:0001305	ovarian follicle	ovarian follicle	UBERON:0013191	ovarian cortex	ovarian cortex	606	23.89428524323516
UBERON:0001305	ovarian follicle	ovarian follicle	UBERON:0013191	ovarian cortex	ovarian cortex	605	23.89428524323516
UBERON:0001305	ovarian follicle	ovarian follicle	UBERON:0013191	ovarian cortex	ovarian cortex	604	23.89428524323516
UBERON:0001305	ovarian follicle	ovarian follicle	UBERON:0013191	ovarian cortex	ovarian cortex	584	23.89428524323516
UBERON:0001305	ovarian follicle	ovarian follicle	UBERON:0013191	ovarian cortex	ovarian cortex	582	23.89428524323516
UBERON:0001305	ovarian follicle	ovarian follicle	UBERON:0013191	ovarian cortex	ovarian cortex	546	23.89428524323516
UBERON:0001305	ovarian follicle	ovarian follicle	UBERON:0013191	ovarian cortex	ovarian cortex	563	23.89428524323516
UBERON:0001305	ovarian follicle	ovarian follicle	UBERON:0013191	ovarian cortex	ovarian cortex	561	23.89428524323516
UBERON:0001305	ovarian follicle	ovarian follicle	UBERON:0013191	ovarian cortex	ovarian cortex	560	23.89428524323516
UBERON:0001305	ovarian follicle	ovarian follicle	UBERON:0013191	ovarian cortex	ovarian cortex	559	23.89428524323516
UBERON:0001305	ovarian follicle	ovarian follicle	UBERON:0013191	ovarian cortex	ovarian cortex	558	23.89428524323516
UBERON:0001305	ovarian follicle	ovarian follicle	UBERON:0013191	ovarian cortex	ovarian cortex	557	23.89428524323516
UBERON:0001305	ovarian follicle	ovarian follicle	UBERON:0013191	ovarian cortex	ovarian cortex	556	23.89428524323516
UBERON:0001305	ovarian follicle	ovarian follicle	UBERON:0013191	ovarian cortex	ovarian cortex	555	23.89428524323516
UBERON:0001305	ovarian follicle	ovarian follicle	UBERON:0013191	ovarian cortex	ovarian cortex	554	23.89428524323516
UBERON:0001305	ovarian follicle	ovarian follicle	UBERON:0013191	ovarian cortex	ovarian cortex	553	23.89428524323516
UBERON:0001305	ovarian follicle	ovarian follicle	UBERON:0013191	ovarian cortex	ovarian cortex	552	23.89428524323516
UBERON:0001305	ovarian follicle	ovarian follicle	UBERON:0013191	ovarian cortex	ovarian cortex	551	23.89428524323516
UBERON:0001305	ovarian follicle	ovarian follicle	UBERON:0013191	ovarian cortex	ovarian cortex	550	23.89428524323516
UBERON:0001305	ovarian follicle	ovarian follicle	UBERON:0013191	ovarian cortex	ovarian cortex	549	23.89428524323516
UBERON:0001305	ovarian follicle	ovarian follicle	UBERON:0013191	ovarian cortex	ovarian cortex	548	23.89428524323516
UBERON:0001305	ovarian follicle	ovarian follicle	UBERON:0013191	ovarian cortex	ovarian cortex	547	23.89428524323516
UBERON:0001305	ovarian follicle	ovarian follicle	UBERON:0013191	ovarian cortex	ovarian cortex	562	23.89428524323516
UBERON:0001305	ovarian follicle	ovarian follicle	UBERON:0013191	ovarian cortex	ovarian cortex	564	23.89428524323516
UBERON:0001305	ovarian follicle	ovarian follicle	UBERON:0013191	ovarian cortex	ovarian cortex	581	23.89428524323516
UBERON:0001305	ovarian follicle	ovarian follicle	UBERON:0013191	ovarian cortex	ovarian cortex	565	23.89428524323516
UBERON:0001305	ovarian follicle	ovarian follicle	UBERON:0013191	ovarian cortex	ovarian cortex	580	23.89428524323516
UBERON:0001305	ovarian follicle	ovarian follicle	UBERON:0013191	ovarian cortex	ovarian cortex	579	23.89428524323516
UBERON:0001305	ovarian follicle	ovarian follicle	UBERON:0013191	ovarian cortex	ovarian cortex	578	23.89428524323516
UBERON:0001305	ovarian follicle	ovarian follicle	UBERON:0013191	ovarian cortex	ovarian cortex	577	23.89428524323516
UBERON:0001305	ovarian follicle	ovarian follicle	UBERON:0013191	ovarian cortex	ovarian cortex	576	23.89428524323516
UBERON:0001305	ovarian follicle	ovarian follicle	UBERON:0013191	ovarian cortex	ovarian cortex	575	23.89428524323516
UBERON:0001305	ovarian follicle	ovarian follicle	UBERON:0013191	ovarian cortex	ovarian cortex	574	23.89428524323516
UBERON:0001305	ovarian follicle	ovarian follicle	UBERON:0013191	ovarian cortex	ovarian cortex	573	23.89428524323516
UBERON:0001305	ovarian follicle	ovarian follicle	UBERON:0013191	ovarian cortex	ovarian cortex	572	23.89428524323516
UBERON:0001305	ovarian follicle	ovarian follicle	UBERON:0013191	ovarian cortex	ovarian cortex	571	23.89428524323516
UBERON:0001305	ovarian follicle	ovarian follicle	UBERON:0013191	ovarian cortex	ovarian cortex	570	23.89428524323516
UBERON:0001305	ovarian follicle	ovarian follicle	UBERON:0013191	ovarian cortex	ovarian cortex	569	23.89428524323516
UBERON:0001305	ovarian follicle	ovarian follicle	UBERON:0013191	ovarian cortex	ovarian cortex	568	23.89428524323516
UBERON:0001305	ovarian follicle	ovarian follicle	UBERON:0013191	ovarian cortex	ovarian cortex	567	23.89428524323516
UBERON:0001305	ovarian follicle	ovarian follicle	UBERON:0013191	ovarian cortex	ovarian cortex	566	23.89428524323516
UBERON:0001305	ovarian follicle	ovarian follicle	UBERON:0013191	ovarian cortex	ovarian cortex	1190	23.89428524323516
UBERON:0000155	theca cell layer	theca cell layer	UBERON:2001571	postovulatory follicle	postovulatory follicle	968	19.388155664907046
UBERON:0000155	theca cell layer	theca cell layer	UBERON:2001571	postovulatory follicle	postovulatory follicle	725	19.388155664907046
UBERON:0000155	theca cell layer	theca cell layer	UBERON:0007180	atretic follicle of ovary	atretic follicle of ovary	808	19.388155664907046
UBERON:0000155	theca cell layer	theca cell layer	UBERON:2001571	postovulatory follicle	postovulatory follicle	804	19.388155664907046
UBERON:0000155	theca cell layer	theca cell layer	UBERON:2001571	postovulatory follicle	postovulatory follicle	986	19.388155664907046
UBERON:0000155	theca cell layer	theca cell layer	UBERON:2001571	postovulatory follicle	postovulatory follicle	985	19.388155664907046
UBERON:0000155	theca cell layer	theca cell layer	UBERON:2001571	postovulatory follicle	postovulatory follicle	984	19.388155664907046
UBERON:0000155	theca cell layer	theca cell layer	UBERON:2001571	postovulatory follicle	postovulatory follicle	805	19.388155664907046
UBERON:0000155	theca cell layer	theca cell layer	UBERON:2001571	postovulatory follicle	postovulatory follicle	806	19.388155664907046
UBERON:0000155	theca cell layer	theca cell layer	UBERON:2001571	postovulatory follicle	postovulatory follicle	807	19.388155664907046
UBERON:0000155	theca cell layer	theca cell layer	UBERON:0007180	atretic follicle of ovary	atretic follicle of ovary	809	19.388155664907046
UBERON:0000155	theca cell layer	theca cell layer	UBERON:0007180	atretic follicle of ovary	atretic follicle of ovary	784	19.388155664907046
UBERON:0000155	theca cell layer	theca cell layer	UBERON:0007180	atretic follicle of ovary	atretic follicle of ovary	810	19.388155664907046
UBERON:0000155	theca cell layer	theca cell layer	UBERON:0007180	atretic follicle of ovary	atretic follicle of ovary	811	19.388155664907046
UBERON:0000155	theca cell layer	theca cell layer	UBERON:0007180	atretic follicle of ovary	atretic follicle of ovary	973	19.388155664907046
UBERON:0000155	theca cell layer	theca cell layer	UBERON:0007180	atretic follicle of ovary	atretic follicle of ovary	972	19.388155664907046
UBERON:0000155	theca cell layer	theca cell layer	UBERON:2001571	postovulatory follicle	postovulatory follicle	831	19.388155664907046
UBERON:0000155	theca cell layer	theca cell layer	UBERON:0007180	atretic follicle of ovary	atretic follicle of ovary	971	19.388155664907046
UBERON:0000155	theca cell layer	theca cell layer	UBERON:2001571	postovulatory follicle	postovulatory follicle	832	19.388155664907046
UBERON:0000155	theca cell layer	theca cell layer	UBERON:2001571	postovulatory follicle	postovulatory follicle	987	19.388155664907046
UBERON:0000155	theca cell layer	theca cell layer	UBERON:0007180	atretic follicle of ovary	atretic follicle of ovary	989	19.388155664907046
UBERON:0000155	theca cell layer	theca cell layer	UBERON:2001571	postovulatory follicle	postovulatory follicle	833	19.388155664907046
UBERON:0000155	theca cell layer	theca cell layer	UBERON:2001571	postovulatory follicle	postovulatory follicle	777	19.388155664907046
UBERON:0000155	theca cell layer	theca cell layer	UBERON:2001571	postovulatory follicle	postovulatory follicle	751	19.388155664907046
UBERON:0000155	theca cell layer	theca cell layer	UBERON:2001571	postovulatory follicle	postovulatory follicle	913	19.388155664907046
UBERON:0000155	theca cell layer	theca cell layer	UBERON:2001571	postovulatory follicle	postovulatory follicle	753	19.388155664907046
UBERON:0000155	theca cell layer	theca cell layer	UBERON:0007180	atretic follicle of ovary	atretic follicle of ovary	754	19.388155664907046
UBERON:0000155	theca cell layer	theca cell layer	UBERON:0007180	atretic follicle of ovary	atretic follicle of ovary	755	19.388155664907046
UBERON:0000155	theca cell layer	theca cell layer	UBERON:0007180	atretic follicle of ovary	atretic follicle of ovary	756	19.388155664907046
UBERON:0000155	theca cell layer	theca cell layer	UBERON:0007180	atretic follicle of ovary	atretic follicle of ovary	757	19.388155664907046
UBERON:0000155	theca cell layer	theca cell layer	UBERON:2001571	postovulatory follicle	postovulatory follicle	778	19.388155664907046
UBERON:0000155	theca cell layer	theca cell layer	UBERON:0007180	atretic follicle of ovary	atretic follicle of ovary	990	19.388155664907046
UBERON:0000155	theca cell layer	theca cell layer	UBERON:2001571	postovulatory follicle	postovulatory follicle	779	19.388155664907046
UBERON:0000155	theca cell layer	theca cell layer	UBERON:2001571	postovulatory follicle	postovulatory follicle	780	19.388155664907046
UBERON:0000155	theca cell layer	theca cell layer	UBERON:0007180	atretic follicle of ovary	atretic follicle of ovary	781	19.388155664907046
UBERON:0000155	theca cell layer	theca cell layer	UBERON:0007180	atretic follicle of ovary	atretic follicle of ovary	782	19.388155664907046
UBERON:0000155	theca cell layer	theca cell layer	UBERON:0007180	atretic follicle of ovary	atretic follicle of ovary	992	19.388155664907046
UBERON:0000155	theca cell layer	theca cell layer	UBERON:0007180	atretic follicle of ovary	atretic follicle of ovary	991	19.388155664907046
UBERON:0000155	theca cell layer	theca cell layer	UBERON:0007180	atretic follicle of ovary	atretic follicle of ovary	783	19.388155664907046
UBERON:0000155	theca cell layer	theca cell layer	UBERON:0007180	atretic follicle of ovary	atretic follicle of ovary	970	19.388155664907046
UBERON:0000155	theca cell layer	theca cell layer	UBERON:2001571	postovulatory follicle	postovulatory follicle	969	19.388155664907046
UBERON:0000155	theca cell layer	theca cell layer	UBERON:0007180	atretic follicle of ovary	atretic follicle of ovary	730	19.388155664907046
UBERON:0000155	theca cell layer	theca cell layer	UBERON:0007180	atretic follicle of ovary	atretic follicle of ovary	919	19.388155664907046
UBERON:0000155	theca cell layer	theca cell layer	UBERON:2001571	postovulatory follicle	postovulatory follicle	940	19.388155664907046
UBERON:0000155	theca cell layer	theca cell layer	UBERON:2001571	postovulatory follicle	postovulatory follicle	939	19.388155664907046
UBERON:0000155	theca cell layer	theca cell layer	UBERON:2001571	postovulatory follicle	postovulatory follicle	885	19.388155664907046
UBERON:0000155	theca cell layer	theca cell layer	UBERON:2001571	postovulatory follicle	postovulatory follicle	886	19.388155664907046
UBERON:0000155	theca cell layer	theca cell layer	UBERON:2001571	postovulatory follicle	postovulatory follicle	887	19.388155664907046
UBERON:0000155	theca cell layer	theca cell layer	UBERON:2001571	postovulatory follicle	postovulatory follicle	888	19.388155664907046
UBERON:0000155	theca cell layer	theca cell layer	UBERON:0007180	atretic follicle of ovary	atretic follicle of ovary	889	19.388155664907046
UBERON:0000155	theca cell layer	theca cell layer	UBERON:0007180	atretic follicle of ovary	atretic follicle of ovary	890	19.388155664907046
UBERON:0000155	theca cell layer	theca cell layer	UBERON:2001571	postovulatory follicle	postovulatory follicle	941	19.388155664907046
UBERON:0000155	theca cell layer	theca cell layer	UBERON:0007180	atretic follicle of ovary	atretic follicle of ovary	918	19.388155664907046
UBERON:0000155	theca cell layer	theca cell layer	UBERON:0007180	atretic follicle of ovary	atretic follicle of ovary	891	19.388155664907046
UBERON:0000155	theca cell layer	theca cell layer	UBERON:0007180	atretic follicle of ovary	atretic follicle of ovary	917	19.388155664907046
UBERON:0000155	theca cell layer	theca cell layer	UBERON:0007180	atretic follicle of ovary	atretic follicle of ovary	892	19.388155664907046
UBERON:0000155	theca cell layer	theca cell layer	UBERON:0007180	atretic follicle of ovary	atretic follicle of ovary	916	19.388155664907046
UBERON:0000155	theca cell layer	theca cell layer	UBERON:2001571	postovulatory follicle	postovulatory follicle	915	19.388155664907046
UBERON:0000155	theca cell layer	theca cell layer	UBERON:2001571	postovulatory follicle	postovulatory follicle	912	19.388155664907046
UBERON:0000155	theca cell layer	theca cell layer	UBERON:0007180	atretic follicle of ovary	atretic follicle of ovary	865	19.388155664907046
UBERON:0000155	theca cell layer	theca cell layer	UBERON:0007180	atretic follicle of ovary	atretic follicle of ovary	864	19.388155664907046
UBERON:0000155	theca cell layer	theca cell layer	UBERON:2001571	postovulatory follicle	postovulatory follicle	834	19.388155664907046
UBERON:0000155	theca cell layer	theca cell layer	UBERON:2001571	postovulatory follicle	postovulatory follicle	859	19.388155664907046
UBERON:0000155	theca cell layer	theca cell layer	UBERON:0007180	atretic follicle of ovary	atretic follicle of ovary	835	19.388155664907046
UBERON:0000155	theca cell layer	theca cell layer	UBERON:2001571	postovulatory follicle	postovulatory follicle	967	19.388155664907046
UBERON:0000155	theca cell layer	theca cell layer	UBERON:0007180	atretic follicle of ovary	atretic follicle of ovary	836	19.388155664907046
UBERON:0000155	theca cell layer	theca cell layer	UBERON:2001571	postovulatory follicle	postovulatory follicle	966	19.388155664907046
UBERON:0000155	theca cell layer	theca cell layer	UBERON:0007180	atretic follicle of ovary	atretic follicle of ovary	837	19.388155664907046
UBERON:0000155	theca cell layer	theca cell layer	UBERON:0007180	atretic follicle of ovary	atretic follicle of ovary	838	19.388155664907046
UBERON:0000155	theca cell layer	theca cell layer	UBERON:2001571	postovulatory follicle	postovulatory follicle	858	19.388155664907046
UBERON:0000155	theca cell layer	theca cell layer	UBERON:0007180	atretic follicle of ovary	atretic follicle of ovary	946	19.388155664907046
UBERON:0000155	theca cell layer	theca cell layer	UBERON:2001571	postovulatory follicle	postovulatory follicle	942	19.388155664907046
UBERON:0000155	theca cell layer	theca cell layer	UBERON:2001571	postovulatory follicle	postovulatory follicle	860	19.388155664907046
UBERON:0000155	theca cell layer	theca cell layer	UBERON:0007180	atretic follicle of ovary	atretic follicle of ovary	945	19.388155664907046
UBERON:0000155	theca cell layer	theca cell layer	UBERON:2001571	postovulatory follicle	postovulatory follicle	861	19.388155664907046
UBERON:0000155	theca cell layer	theca cell layer	UBERON:0007180	atretic follicle of ovary	atretic follicle of ovary	944	19.388155664907046
UBERON:0000155	theca cell layer	theca cell layer	UBERON:0007180	atretic follicle of ovary	atretic follicle of ovary	862	19.388155664907046
UBERON:0000155	theca cell layer	theca cell layer	UBERON:0007180	atretic follicle of ovary	atretic follicle of ovary	943	19.388155664907046
UBERON:0000155	theca cell layer	theca cell layer	UBERON:0007180	atretic follicle of ovary	atretic follicle of ovary	863	19.388155664907046
UBERON:0000155	theca cell layer	theca cell layer	UBERON:2001571	postovulatory follicle	postovulatory follicle	750	19.388155664907046
UBERON:0000155	theca cell layer	theca cell layer	UBERON:2001571	postovulatory follicle	postovulatory follicle	752	19.388155664907046
UBERON:0000155	theca cell layer	theca cell layer	UBERON:2001571	postovulatory follicle	postovulatory follicle	914	19.388155664907046
UBERON:0000155	theca cell layer	theca cell layer	UBERON:0007180	atretic follicle of ovary	atretic follicle of ovary	729	19.388155664907046
UBERON:0000155	theca cell layer	theca cell layer	UBERON:2001571	postovulatory follicle	postovulatory follicle	665	19.388155664907046
UBERON:0000155	theca cell layer	theca cell layer	UBERON:2001571	postovulatory follicle	postovulatory follicle	666	19.388155664907046
UBERON:0000155	theca cell layer	theca cell layer	UBERON:2001571	postovulatory follicle	postovulatory follicle	667	19.388155664907046
UBERON:0000155	theca cell layer	theca cell layer	UBERON:0007180	atretic follicle of ovary	atretic follicle of ovary	669	19.388155664907046
UBERON:0000155	theca cell layer	theca cell layer	UBERON:0007180	atretic follicle of ovary	atretic follicle of ovary	670	19.388155664907046
UBERON:0000155	theca cell layer	theca cell layer	UBERON:0007180	atretic follicle of ovary	atretic follicle of ovary	671	19.388155664907046
UBERON:0000155	theca cell layer	theca cell layer	UBERON:0007180	atretic follicle of ovary	atretic follicle of ovary	672	19.388155664907046
UBERON:0000155	theca cell layer	theca cell layer	UBERON:2001571	postovulatory follicle	postovulatory follicle	668	19.388155664907046
UBERON:0000155	theca cell layer	theca cell layer	UBERON:2001571	postovulatory follicle	postovulatory follicle	723	19.388155664907046
UBERON:0000155	theca cell layer	theca cell layer	UBERON:2001571	postovulatory follicle	postovulatory follicle	724	19.388155664907046
UBERON:0000155	theca cell layer	theca cell layer	UBERON:2001571	postovulatory follicle	postovulatory follicle	726	19.388155664907046
UBERON:0000155	theca cell layer	theca cell layer	UBERON:0007180	atretic follicle of ovary	atretic follicle of ovary	727	19.388155664907046
UBERON:0000155	theca cell layer	theca cell layer	UBERON:0007180	atretic follicle of ovary	atretic follicle of ovary	728	19.388155664907046
UBERON:0002512	corpus luteum	corpus luteum	UBERON:0013191	ovarian cortex	ovarian cortex	223	11.022580499413664
UBERON:0002512	corpus luteum	corpus luteum	UBERON:0013191	ovarian cortex	ovarian cortex	204	11.022580499413664
UBERON:0002512	corpus luteum	corpus luteum	UBERON:0013191	ovarian cortex	ovarian cortex	171	11.022580499413664
UBERON:0002512	corpus luteum	corpus luteum	UBERON:0013191	ovarian cortex	ovarian cortex	172	11.022580499413664
UBERON:0002512	corpus luteum	corpus luteum	UBERON:0013191	ovarian cortex	ovarian cortex	187	11.022580499413664
UBERON:0002512	corpus luteum	corpus luteum	UBERON:0013191	ovarian cortex	ovarian cortex	188	11.022580499413664
UBERON:0002512	corpus luteum	corpus luteum	UBERON:0013191	ovarian cortex	ovarian cortex	189	11.022580499413664
UBERON:0002512	corpus luteum	corpus luteum	UBERON:0013191	ovarian cortex	ovarian cortex	221	11.022580499413664
UBERON:0002512	corpus luteum	corpus luteum	UBERON:0013191	ovarian cortex	ovarian cortex	205	11.022580499413664
UBERON:0002512	corpus luteum	corpus luteum	UBERON:0013191	ovarian cortex	ovarian cortex	206	11.022580499413664
UBERON:0002512	corpus luteum	corpus luteum	UBERON:0013191	ovarian cortex	ovarian cortex	238	11.022580499413664
UBERON:0002512	corpus luteum	corpus luteum	UBERON:0013191	ovarian cortex	ovarian cortex	222	11.022580499413664
UBERON:0002512	corpus luteum	corpus luteum	UBERON:0013191	ovarian cortex	ovarian cortex	155	11.022580499413664
UBERON:0002512	corpus luteum	corpus luteum	UBERON:0013191	ovarian cortex	ovarian cortex	239	11.022580499413664
UBERON:0002512	corpus luteum	corpus luteum	UBERON:0013191	ovarian cortex	ovarian cortex	170	11.022580499413664
UBERON:0002512	corpus luteum	corpus luteum	UBERON:0013191	ovarian cortex	ovarian cortex	120	11.022580499413664
UBERON:0002512	corpus luteum	corpus luteum	UBERON:0013191	ovarian cortex	ovarian cortex	154	11.022580499413664
UBERON:0002512	corpus luteum	corpus luteum	UBERON:0013191	ovarian cortex	ovarian cortex	103	11.022580499413664
UBERON:0002512	corpus luteum	corpus luteum	UBERON:0013191	ovarian cortex	ovarian cortex	69	11.022580499413664
UBERON:0002512	corpus luteum	corpus luteum	UBERON:0013191	ovarian cortex	ovarian cortex	70	11.022580499413664
UBERON:0002512	corpus luteum	corpus luteum	UBERON:0013191	ovarian cortex	ovarian cortex	85	11.022580499413664
UBERON:0002512	corpus luteum	corpus luteum	UBERON:0013191	ovarian cortex	ovarian cortex	86	11.022580499413664
UBERON:0002512	corpus luteum	corpus luteum	UBERON:0013191	ovarian cortex	ovarian cortex	87	11.022580499413664
UBERON:0002512	corpus luteum	corpus luteum	UBERON:0013191	ovarian cortex	ovarian cortex	102	11.022580499413664
UBERON:0002512	corpus luteum	corpus luteum	UBERON:0013191	ovarian cortex	ovarian cortex	104	11.022580499413664
UBERON:0002512	corpus luteum	corpus luteum	UBERON:0013191	ovarian cortex	ovarian cortex	153	11.022580499413664
UBERON:0002512	corpus luteum	corpus luteum	UBERON:0013191	ovarian cortex	ovarian cortex	119	11.022580499413664
UBERON:0002512	corpus luteum	corpus luteum	UBERON:0013191	ovarian cortex	ovarian cortex	255	11.022580499413664
UBERON:0002512	corpus luteum	corpus luteum	UBERON:0013191	ovarian cortex	ovarian cortex	121	11.022580499413664
UBERON:0002512	corpus luteum	corpus luteum	UBERON:0013191	ovarian cortex	ovarian cortex	136	11.022580499413664
UBERON:0002512	corpus luteum	corpus luteum	UBERON:0013191	ovarian cortex	ovarian cortex	137	11.022580499413664
UBERON:0002512	corpus luteum	corpus luteum	UBERON:0013191	ovarian cortex	ovarian cortex	138	11.022580499413664
UBERON:0002512	corpus luteum	corpus luteum	UBERON:0013191	ovarian cortex	ovarian cortex	240	11.022580499413664
UBERON:0002512	corpus luteum	corpus luteum	UBERON:0013191	ovarian cortex	ovarian cortex	293	11.022580499413664
UBERON:0002512	corpus luteum	corpus luteum	UBERON:0013191	ovarian cortex	ovarian cortex	256	11.022580499413664
UBERON:0002512	corpus luteum	corpus luteum	UBERON:0013191	ovarian cortex	ovarian cortex	346	11.022580499413664
UBERON:0002512	corpus luteum	corpus luteum	UBERON:0013191	ovarian cortex	ovarian cortex	424	11.022580499413664
UBERON:0002512	corpus luteum	corpus luteum	UBERON:0013191	ovarian cortex	ovarian cortex	423	11.022580499413664
UBERON:0002512	corpus luteum	corpus luteum	UBERON:0013191	ovarian cortex	ovarian cortex	411	11.022580499413664
UBERON:0002512	corpus luteum	corpus luteum	UBERON:0013191	ovarian cortex	ovarian cortex	410	11.022580499413664
UBERON:0002512	corpus luteum	corpus luteum	UBERON:0013191	ovarian cortex	ovarian cortex	398	11.022580499413664
UBERON:0002512	corpus luteum	corpus luteum	UBERON:0013191	ovarian cortex	ovarian cortex	397	11.022580499413664
UBERON:0002512	corpus luteum	corpus luteum	UBERON:0013191	ovarian cortex	ovarian cortex	385	11.022580499413664
UBERON:0002512	corpus luteum	corpus luteum	UBERON:0013191	ovarian cortex	ovarian cortex	384	11.022580499413664
UBERON:0002512	corpus luteum	corpus luteum	UBERON:0013191	ovarian cortex	ovarian cortex	372	11.022580499413664
UBERON:0002512	corpus luteum	corpus luteum	UBERON:0013191	ovarian cortex	ovarian cortex	257	11.022580499413664
UBERON:0002512	corpus luteum	corpus luteum	UBERON:0013191	ovarian cortex	ovarian cortex	359	11.022580499413664
UBERON:0002512	corpus luteum	corpus luteum	UBERON:0013191	ovarian cortex	ovarian cortex	358	11.022580499413664
UBERON:0002512	corpus luteum	corpus luteum	UBERON:0013191	ovarian cortex	ovarian cortex	371	11.022580499413664
UBERON:0002512	corpus luteum	corpus luteum	UBERON:0013191	ovarian cortex	ovarian cortex	345	11.022580499413664
UBERON:0002512	corpus luteum	corpus luteum	UBERON:0013191	ovarian cortex	ovarian cortex	307	11.022580499413664
UBERON:0002512	corpus luteum	corpus luteum	UBERON:0013191	ovarian cortex	ovarian cortex	280	11.022580499413664
UBERON:0002512	corpus luteum	corpus luteum	UBERON:0013191	ovarian cortex	ovarian cortex	333	11.022580499413664
UBERON:0002512	corpus luteum	corpus luteum	UBERON:0013191	ovarian cortex	ovarian cortex	281	11.022580499413664
UBERON:0002512	corpus luteum	corpus luteum	UBERON:0013191	ovarian cortex	ovarian cortex	294	11.022580499413664
UBERON:0002512	corpus luteum	corpus luteum	UBERON:0013191	ovarian cortex	ovarian cortex	306	11.022580499413664
UBERON:0002512	corpus luteum	corpus luteum	UBERON:0013191	ovarian cortex	ovarian cortex	68	11.022580499413664
UBERON:0002512	corpus luteum	corpus luteum	UBERON:0013191	ovarian cortex	ovarian cortex	319	11.022580499413664
UBERON:0002512	corpus luteum	corpus luteum	UBERON:0013191	ovarian cortex	ovarian cortex	320	11.022580499413664
UBERON:0002512	corpus luteum	corpus luteum	UBERON:0013191	ovarian cortex	ovarian cortex	332	11.022580499413664
UBERON:0000038	follicular fluid	follicular fluid	UBERON:0000039	follicular antrum	follicular antrum	880	10.597615708819717
UBERON:0000038	follicular fluid	follicular fluid	UBERON:0000039	follicular antrum	follicular antrum	799	10.597615708819717
UBERON:0000038	follicular fluid	follicular fluid	UBERON:0000039	follicular antrum	follicular antrum	853	10.597615708819717
UBERON:0000038	follicular fluid	follicular fluid	UBERON:0000039	follicular antrum	follicular antrum	826	10.597615708819717
UBERON:0000038	follicular fluid	follicular fluid	UBERON:0000039	follicular antrum	follicular antrum	664	10.597615708819717
UBERON:0000038	follicular fluid	follicular fluid	UBERON:0000039	follicular antrum	follicular antrum	691	10.597615708819717
UBERON:0000038	follicular fluid	follicular fluid	UBERON:0000039	follicular antrum	follicular antrum	772	10.597615708819717
UBERON:0000038	follicular fluid	follicular fluid	UBERON:0000039	follicular antrum	follicular antrum	907	10.597615708819717
UBERON:0000038	follicular fluid	follicular fluid	UBERON:0000039	follicular antrum	follicular antrum	718	10.597615708819717
UBERON:0000038	follicular fluid	follicular fluid	UBERON:0000039	follicular antrum	follicular antrum	1183	10.597615708819717
UBERON:0000038	follicular fluid	follicular fluid	UBERON:0000039	follicular antrum	follicular antrum	745	10.597615708819717
UBERON:0000038	follicular fluid	follicular fluid	UBERON:0000039	follicular antrum	follicular antrum	1188	10.597615708819717
UBERON:0000038	follicular fluid	follicular fluid	UBERON:0000039	follicular antrum	follicular antrum	1003	10.597615708819717
UBERON:0000038	follicular fluid	follicular fluid	UBERON:0000039	follicular antrum	follicular antrum	998	10.597615708819717
UBERON:0000038	follicular fluid	follicular fluid	UBERON:0000039	follicular antrum	follicular antrum	1248	10.597615708819717
UBERON:0000038	follicular fluid	follicular fluid	UBERON:0000039	follicular antrum	follicular antrum	1213	10.597615708819717
UBERON:0000038	follicular fluid	follicular fluid	UBERON:0000039	follicular antrum	follicular antrum	1128	10.597615708819717
UBERON:0000038	follicular fluid	follicular fluid	UBERON:0000039	follicular antrum	follicular antrum	1023	10.597615708819717
UBERON:0000038	follicular fluid	follicular fluid	UBERON:0000039	follicular antrum	follicular antrum	1253	10.597615708819717
UBERON:0000038	follicular fluid	follicular fluid	UBERON:0000039	follicular antrum	follicular antrum	1018	10.597615708819717
UBERON:0000038	follicular fluid	follicular fluid	UBERON:0000039	follicular antrum	follicular antrum	1133	10.597615708819717
UBERON:0000038	follicular fluid	follicular fluid	UBERON:0000039	follicular antrum	follicular antrum	1013	10.597615708819717
UBERON:0000038	follicular fluid	follicular fluid	UBERON:0000039	follicular antrum	follicular antrum	1008	10.597615708819717
UBERON:0000038	follicular fluid	follicular fluid	UBERON:0000039	follicular antrum	follicular antrum	1138	10.597615708819717
UBERON:0000038	follicular fluid	follicular fluid	UBERON:0000039	follicular antrum	follicular antrum	1143	10.597615708819717
UBERON:0000038	follicular fluid	follicular fluid	UBERON:0000039	follicular antrum	follicular antrum	1153	10.597615708819717
UBERON:0000038	follicular fluid	follicular fluid	UBERON:0000039	follicular antrum	follicular antrum	1258	10.597615708819717
UBERON:0000038	follicular fluid	follicular fluid	UBERON:0000039	follicular antrum	follicular antrum	993	10.597615708819717
UBERON:0000038	follicular fluid	follicular fluid	UBERON:0000039	follicular antrum	follicular antrum	1263	10.597615708819717
UBERON:0000038	follicular fluid	follicular fluid	UBERON:0000039	follicular antrum	follicular antrum	988	10.597615708819717
UBERON:0000038	follicular fluid	follicular fluid	UBERON:0000039	follicular antrum	follicular antrum	1208	10.597615708819717
UBERON:0000038	follicular fluid	follicular fluid	UBERON:0000039	follicular antrum	follicular antrum	1268	10.597615708819717
UBERON:0000038	follicular fluid	follicular fluid	UBERON:0000039	follicular antrum	follicular antrum	983	10.597615708819717
UBERON:0000038	follicular fluid	follicular fluid	UBERON:0000039	follicular antrum	follicular antrum	1148	10.597615708819717
UBERON:0000038	follicular fluid	follicular fluid	UBERON:0000039	follicular antrum	follicular antrum	1273	10.597615708819717
UBERON:0000038	follicular fluid	follicular fluid	UBERON:0000039	follicular antrum	follicular antrum	978	10.597615708819717
UBERON:0000038	follicular fluid	follicular fluid	UBERON:0000039	follicular antrum	follicular antrum	1028	10.597615708819717
UBERON:0000038	follicular fluid	follicular fluid	UBERON:0000039	follicular antrum	follicular antrum	1033	10.597615708819717
UBERON:0000038	follicular fluid	follicular fluid	UBERON:0000039	follicular antrum	follicular antrum	1038	10.597615708819717
UBERON:0000038	follicular fluid	follicular fluid	UBERON:0000039	follicular antrum	follicular antrum	1043	10.597615708819717
UBERON:0000038	follicular fluid	follicular fluid	UBERON:0000039	follicular antrum	follicular antrum	1088	10.597615708819717
UBERON:0000038	follicular fluid	follicular fluid	UBERON:0000039	follicular antrum	follicular antrum	1228	10.597615708819717
UBERON:0000038	follicular fluid	follicular fluid	UBERON:0000039	follicular antrum	follicular antrum	1083	10.597615708819717
UBERON:0000038	follicular fluid	follicular fluid	UBERON:0000039	follicular antrum	follicular antrum	1098	10.597615708819717
UBERON:0000038	follicular fluid	follicular fluid	UBERON:0000039	follicular antrum	follicular antrum	1078	10.597615708819717
UBERON:0000038	follicular fluid	follicular fluid	UBERON:0000039	follicular antrum	follicular antrum	1233	10.597615708819717
UBERON:0000038	follicular fluid	follicular fluid	UBERON:0000039	follicular antrum	follicular antrum	1223	10.597615708819717
UBERON:0000038	follicular fluid	follicular fluid	UBERON:0000039	follicular antrum	follicular antrum	1073	10.597615708819717
UBERON:0000038	follicular fluid	follicular fluid	UBERON:0000039	follicular antrum	follicular antrum	1068	10.597615708819717
UBERON:0000038	follicular fluid	follicular fluid	UBERON:0000039	follicular antrum	follicular antrum	1063	10.597615708819717
UBERON:0000038	follicular fluid	follicular fluid	UBERON:0000039	follicular antrum	follicular antrum	1058	10.597615708819717
UBERON:0000038	follicular fluid	follicular fluid	UBERON:0000039	follicular antrum	follicular antrum	1103	10.597615708819717
UBERON:0000038	follicular fluid	follicular fluid	UBERON:0000039	follicular antrum	follicular antrum	1238	10.597615708819717
UBERON:0000038	follicular fluid	follicular fluid	UBERON:0000039	follicular antrum	follicular antrum	1053	10.597615708819717
UBERON:0000038	follicular fluid	follicular fluid	UBERON:0000039	follicular antrum	follicular antrum	1108	10.597615708819717
UBERON:0000038	follicular fluid	follicular fluid	UBERON:0000039	follicular antrum	follicular antrum	1113	10.597615708819717
UBERON:0000038	follicular fluid	follicular fluid	UBERON:0000039	follicular antrum	follicular antrum	1243	10.597615708819717
UBERON:0000038	follicular fluid	follicular fluid	UBERON:0000039	follicular antrum	follicular antrum	1048	10.597615708819717
UBERON:0000038	follicular fluid	follicular fluid	UBERON:0000039	follicular antrum	follicular antrum	1218	10.597615708819717
UBERON:0000038	follicular fluid	follicular fluid	UBERON:0000039	follicular antrum	follicular antrum	1118	10.597615708819717
UBERON:0000038	follicular fluid	follicular fluid	UBERON:0000039	follicular antrum	follicular antrum	1123	10.597615708819717
UBERON:0000038	follicular fluid	follicular fluid	UBERON:0000039	follicular antrum	follicular antrum	1203	10.597615708819717
UBERON:0000038	follicular fluid	follicular fluid	UBERON:0000039	follicular antrum	follicular antrum	1093	10.597615708819717
UBERON:0000038	follicular fluid	follicular fluid	UBERON:0000039	follicular antrum	follicular antrum	1173	10.597615708819717
UBERON:0000038	follicular fluid	follicular fluid	UBERON:0000039	follicular antrum	follicular antrum	1163	10.597615708819717
UBERON:0000038	follicular fluid	follicular fluid	UBERON:0000039	follicular antrum	follicular antrum	961	10.597615708819717
UBERON:0000038	follicular fluid	follicular fluid	UBERON:0000039	follicular antrum	follicular antrum	1158	10.597615708819717
UBERON:0000038	follicular fluid	follicular fluid	UBERON:0000039	follicular antrum	follicular antrum	1168	10.597615708819717
UBERON:0000038	follicular fluid	follicular fluid	UBERON:0000039	follicular antrum	follicular antrum	1198	10.597615708819717
UBERON:0000038	follicular fluid	follicular fluid	UBERON:0000039	follicular antrum	follicular antrum	1178	10.597615708819717
UBERON:0000038	follicular fluid	follicular fluid	UBERON:0000039	follicular antrum	follicular antrum	1193	10.597615708819717
UBERON:0000038	follicular fluid	follicular fluid	UBERON:0000039	follicular antrum	follicular antrum	934	10.597615708819717
CL:0000654	primary oocyte	primary oocyte	UBERON:0007180	atretic follicle of ovary	atretic follicle of ovary	313	7.233998129622336
UBERON:0000039	follicular antrum	follicular antrum	UBERON:2001571	postovulatory follicle	postovulatory follicle	664	7.233998129622336
UBERON:0000039	follicular antrum	follicular antrum	UBERON:2001571	postovulatory follicle	postovulatory follicle	988	7.233998129622336
CL:0000654	primary oocyte	primary oocyte	UBERON:0007180	atretic follicle of ovary	atretic follicle of ovary	274	7.233998129622336
UBERON:0000039	follicular antrum	follicular antrum	UBERON:2001571	postovulatory follicle	postovulatory follicle	998	7.233998129622336
UBERON:0000039	follicular antrum	follicular antrum	UBERON:2001571	postovulatory follicle	postovulatory follicle	853	7.233998129622336
UBERON:0000039	follicular antrum	follicular antrum	UBERON:2001571	postovulatory follicle	postovulatory follicle	983	7.233998129622336
CL:0000654	primary oocyte	primary oocyte	UBERON:0007180	atretic follicle of ovary	atretic follicle of ovary	417	7.233998129622336
CL:0000654	primary oocyte	primary oocyte	UBERON:0007180	atretic follicle of ovary	atretic follicle of ovary	300	7.233998129622336
UBERON:0000039	follicular antrum	follicular antrum	UBERON:2001571	postovulatory follicle	postovulatory follicle	961	7.233998129622336
CL:0000654	primary oocyte	primary oocyte	UBERON:0007180	atretic follicle of ovary	atretic follicle of ovary	404	7.233998129622336
CL:0000654	primary oocyte	primary oocyte	UBERON:0007180	atretic follicle of ovary	atretic follicle of ovary	326	7.233998129622336
UBERON:0000039	follicular antrum	follicular antrum	UBERON:2001571	postovulatory follicle	postovulatory follicle	993	7.233998129622336
UBERON:0000039	follicular antrum	follicular antrum	UBERON:2001571	postovulatory follicle	postovulatory follicle	907	7.233998129622336
CL:0000654	primary oocyte	primary oocyte	UBERON:0007180	atretic follicle of ovary	atretic follicle of ovary	365	7.233998129622336
UBERON:0000039	follicular antrum	follicular antrum	UBERON:2001571	postovulatory follicle	postovulatory follicle	880	7.233998129622336
CL:0000654	primary oocyte	primary oocyte	UBERON:0007180	atretic follicle of ovary	atretic follicle of ovary	352	7.233998129622336
CL:0000654	primary oocyte	primary oocyte	UBERON:0007180	atretic follicle of ovary	atretic follicle of ovary	287	7.233998129622336
CL:0000654	primary oocyte	primary oocyte	UBERON:0007180	atretic follicle of ovary	atretic follicle of ovary	378	7.233998129622336
UBERON:0000039	follicular antrum	follicular antrum	UBERON:2001571	postovulatory follicle	postovulatory follicle	934	7.233998129622336
CL:0000654	primary oocyte	primary oocyte	UBERON:0007180	atretic follicle of ovary	atretic follicle of ovary	391	7.233998129622336
UBERON:0000039	follicular antrum	follicular antrum	UBERON:2001571	postovulatory follicle	postovulatory follicle	826	7.233998129622336
CL:0000654	primary oocyte	primary oocyte	UBERON:0007180	atretic follicle of ovary	atretic follicle of ovary	339	7.233998129622336
UBERON:0000039	follicular antrum	follicular antrum	UBERON:2001571	postovulatory follicle	postovulatory follicle	978	7.233998129622336
UBERON:0005170	granulosa cell layer	granulosa cell layer	UBERON:0001306	cumulus oophorus	cumulus oophorus	1421	4.564144657258993
UBERON:0005170	granulosa cell layer	granulosa cell layer	UBERON:0001306	cumulus oophorus	cumulus oophorus	1420	4.564144657258993
UBERON:0005170	granulosa cell layer	granulosa cell layer	UBERON:0001306	cumulus oophorus	cumulus oophorus	1419	4.564144657258993
UBERON:0005170	granulosa cell layer	granulosa cell layer	UBERON:0001306	cumulus oophorus	cumulus oophorus	1505	4.564144657258993
UBERON:0005170	granulosa cell layer	granulosa cell layer	UBERON:0001306	cumulus oophorus	cumulus oophorus	1422	4.564144657258993
UBERON:0005170	granulosa cell layer	granulosa cell layer	UBERON:0001306	cumulus oophorus	cumulus oophorus	1426	4.564144657258993
UBERON:0005170	granulosa cell layer	granulosa cell layer	UBERON:0001306	cumulus oophorus	cumulus oophorus	1423	4.564144657258993
UBERON:0005170	granulosa cell layer	granulosa cell layer	UBERON:0001306	cumulus oophorus	cumulus oophorus	1504	4.564144657258993
UBERON:0005170	granulosa cell layer	granulosa cell layer	UBERON:0001306	cumulus oophorus	cumulus oophorus	1424	4.564144657258993
UBERON:0005170	granulosa cell layer	granulosa cell layer	UBERON:0001306	cumulus oophorus	cumulus oophorus	1503	4.564144657258993
UBERON:0005170	granulosa cell layer	granulosa cell layer	UBERON:0001306	cumulus oophorus	cumulus oophorus	1425	4.564144657258993
UBERON:0005170	granulosa cell layer	granulosa cell layer	UBERON:0001306	cumulus oophorus	cumulus oophorus	1427	4.564144657258993
UBERON:0005170	granulosa cell layer	granulosa cell layer	UBERON:0001306	cumulus oophorus	cumulus oophorus	1428	4.564144657258993
UBERON:0005170	granulosa cell layer	granulosa cell layer	UBERON:0001306	cumulus oophorus	cumulus oophorus	1502	4.564144657258993
UBERON:0005170	granulosa cell layer	granulosa cell layer	UBERON:0001306	cumulus oophorus	cumulus oophorus	1429	4.564144657258993
UBERON:0005170	granulosa cell layer	granulosa cell layer	UBERON:0001306	cumulus oophorus	cumulus oophorus	1501	4.564144657258993
UBERON:0005170	granulosa cell layer	granulosa cell layer	UBERON:0001306	cumulus oophorus	cumulus oophorus	1430	4.564144657258993
UBERON:0005170	granulosa cell layer	granulosa cell layer	UBERON:0001306	cumulus oophorus	cumulus oophorus	1431	4.564144657258993
UBERON:0005170	granulosa cell layer	granulosa cell layer	UBERON:0001306	cumulus oophorus	cumulus oophorus	1500	4.564144657258993
UBERON:0005170	granulosa cell layer	granulosa cell layer	UBERON:0001306	cumulus oophorus	cumulus oophorus	1506	4.564144657258993
UBERON:0005170	granulosa cell layer	granulosa cell layer	UBERON:0001306	cumulus oophorus	cumulus oophorus	1512	4.564144657258993
UBERON:0005170	granulosa cell layer	granulosa cell layer	UBERON:0001306	cumulus oophorus	cumulus oophorus	1418	4.564144657258993
UBERON:0005170	granulosa cell layer	granulosa cell layer	UBERON:0001306	cumulus oophorus	cumulus oophorus	1411	4.564144657258993
UBERON:0005170	granulosa cell layer	granulosa cell layer	UBERON:0001306	cumulus oophorus	cumulus oophorus	1403	4.564144657258993
UBERON:0005170	granulosa cell layer	granulosa cell layer	UBERON:0001306	cumulus oophorus	cumulus oophorus	1516	4.564144657258993
UBERON:0005170	granulosa cell layer	granulosa cell layer	UBERON:0001306	cumulus oophorus	cumulus oophorus	1404	4.564144657258993
UBERON:0005170	granulosa cell layer	granulosa cell layer	UBERON:0001306	cumulus oophorus	cumulus oophorus	1405	4.564144657258993
UBERON:0005170	granulosa cell layer	granulosa cell layer	UBERON:0001306	cumulus oophorus	cumulus oophorus	1515	4.564144657258993
UBERON:0005170	granulosa cell layer	granulosa cell layer	UBERON:0001306	cumulus oophorus	cumulus oophorus	1406	4.564144657258993
UBERON:0005170	granulosa cell layer	granulosa cell layer	UBERON:0001306	cumulus oophorus	cumulus oophorus	1407	4.564144657258993
UBERON:0005170	granulosa cell layer	granulosa cell layer	UBERON:0001306	cumulus oophorus	cumulus oophorus	1408	4.564144657258993
UBERON:0005170	granulosa cell layer	granulosa cell layer	UBERON:0001306	cumulus oophorus	cumulus oophorus	1409	4.564144657258993
UBERON:0005170	granulosa cell layer	granulosa cell layer	UBERON:0001306	cumulus oophorus	cumulus oophorus	1302	4.564144657258993
UBERON:0005170	granulosa cell layer	granulosa cell layer	UBERON:0001306	cumulus oophorus	cumulus oophorus	1410	4.564144657258993
UBERON:0005170	granulosa cell layer	granulosa cell layer	UBERON:0001306	cumulus oophorus	cumulus oophorus	1412	4.564144657258993
UBERON:0005170	granulosa cell layer	granulosa cell layer	UBERON:0001306	cumulus oophorus	cumulus oophorus	1507	4.564144657258993
UBERON:0005170	granulosa cell layer	granulosa cell layer	UBERON:0001306	cumulus oophorus	cumulus oophorus	1514	4.564144657258993
UBERON:0005170	granulosa cell layer	granulosa cell layer	UBERON:0001306	cumulus oophorus	cumulus oophorus	1413	4.564144657258993
UBERON:0005170	granulosa cell layer	granulosa cell layer	UBERON:0001306	cumulus oophorus	cumulus oophorus	1513	4.564144657258993
UBERON:0005170	granulosa cell layer	granulosa cell layer	UBERON:0001306	cumulus oophorus	cumulus oophorus	1414	4.564144657258993
UBERON:0005170	granulosa cell layer	granulosa cell layer	UBERON:0001306	cumulus oophorus	cumulus oophorus	1415	4.564144657258993
UBERON:0005170	granulosa cell layer	granulosa cell layer	UBERON:0001306	cumulus oophorus	cumulus oophorus	1511	4.564144657258993
UBERON:0005170	granulosa cell layer	granulosa cell layer	UBERON:0001306	cumulus oophorus	cumulus oophorus	1416	4.564144657258993
UBERON:0005170	granulosa cell layer	granulosa cell layer	UBERON:0001306	cumulus oophorus	cumulus oophorus	1510	4.564144657258993
UBERON:0005170	granulosa cell layer	granulosa cell layer	UBERON:0001306	cumulus oophorus	cumulus oophorus	1417	4.564144657258993
UBERON:0005170	granulosa cell layer	granulosa cell layer	UBERON:0001306	cumulus oophorus	cumulus oophorus	1509	4.564144657258993
UBERON:0005170	granulosa cell layer	granulosa cell layer	UBERON:0001306	cumulus oophorus	cumulus oophorus	1508	4.564144657258993
UBERON:0005170	granulosa cell layer	granulosa cell layer	UBERON:0001306	cumulus oophorus	cumulus oophorus	1432	4.564144657258993
UBERON:0005170	granulosa cell layer	granulosa cell layer	UBERON:0001306	cumulus oophorus	cumulus oophorus	1481	4.564144657258993
UBERON:0005170	granulosa cell layer	granulosa cell layer	UBERON:0001306	cumulus oophorus	cumulus oophorus	1433	4.564144657258993
UBERON:0005170	granulosa cell layer	granulosa cell layer	UBERON:0001306	cumulus oophorus	cumulus oophorus	1466	4.564144657258993
UBERON:0005170	granulosa cell layer	granulosa cell layer	UBERON:0001306	cumulus oophorus	cumulus oophorus	1487	4.564144657258993
UBERON:0005170	granulosa cell layer	granulosa cell layer	UBERON:0001306	cumulus oophorus	cumulus oophorus	1456	4.564144657258993
UBERON:0005170	granulosa cell layer	granulosa cell layer	UBERON:0001306	cumulus oophorus	cumulus oophorus	1457	4.564144657258993
UBERON:0005170	granulosa cell layer	granulosa cell layer	UBERON:0001306	cumulus oophorus	cumulus oophorus	1486	4.564144657258993
UBERON:0005170	granulosa cell layer	granulosa cell layer	UBERON:0001306	cumulus oophorus	cumulus oophorus	1458	4.564144657258993
UBERON:0005170	granulosa cell layer	granulosa cell layer	UBERON:0001306	cumulus oophorus	cumulus oophorus	1459	4.564144657258993
UBERON:0005170	granulosa cell layer	granulosa cell layer	UBERON:0001306	cumulus oophorus	cumulus oophorus	1485	4.564144657258993
UBERON:0005170	granulosa cell layer	granulosa cell layer	UBERON:0001306	cumulus oophorus	cumulus oophorus	1460	4.564144657258993
UBERON:0005170	granulosa cell layer	granulosa cell layer	UBERON:0001306	cumulus oophorus	cumulus oophorus	1484	4.564144657258993
UBERON:0005170	granulosa cell layer	granulosa cell layer	UBERON:0001306	cumulus oophorus	cumulus oophorus	1461	4.564144657258993
UBERON:0005170	granulosa cell layer	granulosa cell layer	UBERON:0001306	cumulus oophorus	cumulus oophorus	1462	4.564144657258993
UBERON:0005170	granulosa cell layer	granulosa cell layer	UBERON:0001306	cumulus oophorus	cumulus oophorus	1463	4.564144657258993
UBERON:0005170	granulosa cell layer	granulosa cell layer	UBERON:0001306	cumulus oophorus	cumulus oophorus	1464	4.564144657258993
UBERON:0005170	granulosa cell layer	granulosa cell layer	UBERON:0001306	cumulus oophorus	cumulus oophorus	1465	4.564144657258993
UBERON:0005170	granulosa cell layer	granulosa cell layer	UBERON:0001306	cumulus oophorus	cumulus oophorus	1467	4.564144657258993
UBERON:0005170	granulosa cell layer	granulosa cell layer	UBERON:0001306	cumulus oophorus	cumulus oophorus	1454	4.564144657258993
UBERON:0005170	granulosa cell layer	granulosa cell layer	UBERON:0001306	cumulus oophorus	cumulus oophorus	1468	4.564144657258993
UBERON:0005170	granulosa cell layer	granulosa cell layer	UBERON:0001306	cumulus oophorus	cumulus oophorus	1469	4.564144657258993
UBERON:0005170	granulosa cell layer	granulosa cell layer	UBERON:0001306	cumulus oophorus	cumulus oophorus	1470	4.564144657258993
UBERON:0005170	granulosa cell layer	granulosa cell layer	UBERON:0001306	cumulus oophorus	cumulus oophorus	1471	4.564144657258993
UBERON:0005170	granulosa cell layer	granulosa cell layer	UBERON:0001306	cumulus oophorus	cumulus oophorus	1472	4.564144657258993
UBERON:0005170	granulosa cell layer	granulosa cell layer	UBERON:0001306	cumulus oophorus	cumulus oophorus	1473	4.564144657258993
UBERON:0005170	granulosa cell layer	granulosa cell layer	UBERON:0001306	cumulus oophorus	cumulus oophorus	1474	4.564144657258993
UBERON:0005170	granulosa cell layer	granulosa cell layer	UBERON:0001306	cumulus oophorus	cumulus oophorus	1475	4.564144657258993
UBERON:0005170	granulosa cell layer	granulosa cell layer	UBERON:0001306	cumulus oophorus	cumulus oophorus	1483	4.564144657258993
UBERON:0005170	granulosa cell layer	granulosa cell layer	UBERON:0001306	cumulus oophorus	cumulus oophorus	1476	4.564144657258993
UBERON:0005170	granulosa cell layer	granulosa cell layer	UBERON:0001306	cumulus oophorus	cumulus oophorus	1482	4.564144657258993
UBERON:0005170	granulosa cell layer	granulosa cell layer	UBERON:0001306	cumulus oophorus	cumulus oophorus	1477	4.564144657258993
UBERON:0005170	granulosa cell layer	granulosa cell layer	UBERON:0001306	cumulus oophorus	cumulus oophorus	1478	4.564144657258993
UBERON:0005170	granulosa cell layer	granulosa cell layer	UBERON:0001306	cumulus oophorus	cumulus oophorus	1479	4.564144657258993
UBERON:0005170	granulosa cell layer	granulosa cell layer	UBERON:0001306	cumulus oophorus	cumulus oophorus	1455	4.564144657258993
UBERON:0005170	granulosa cell layer	granulosa cell layer	UBERON:0001306	cumulus oophorus	cumulus oophorus	1488	4.564144657258993
UBERON:0005170	granulosa cell layer	granulosa cell layer	UBERON:0001306	cumulus oophorus	cumulus oophorus	1434	4.564144657258993
UBERON:0005170	granulosa cell layer	granulosa cell layer	UBERON:0001306	cumulus oophorus	cumulus oophorus	1446	4.564144657258993
UBERON:0005170	granulosa cell layer	granulosa cell layer	UBERON:0001306	cumulus oophorus	cumulus oophorus	1499	4.564144657258993
UBERON:0005170	granulosa cell layer	granulosa cell layer	UBERON:0001306	cumulus oophorus	cumulus oophorus	1435	4.564144657258993
UBERON:0005170	granulosa cell layer	granulosa cell layer	UBERON:0001306	cumulus oophorus	cumulus oophorus	1436	4.564144657258993
UBERON:0005170	granulosa cell layer	granulosa cell layer	UBERON:0001306	cumulus oophorus	cumulus oophorus	1480	4.564144657258993
UBERON:0005170	granulosa cell layer	granulosa cell layer	UBERON:0001306	cumulus oophorus	cumulus oophorus	1438	4.564144657258993
UBERON:0005170	granulosa cell layer	granulosa cell layer	UBERON:0001306	cumulus oophorus	cumulus oophorus	1439	4.564144657258993
UBERON:0005170	granulosa cell layer	granulosa cell layer	UBERON:0001306	cumulus oophorus	cumulus oophorus	1440	4.564144657258993
UBERON:0005170	granulosa cell layer	granulosa cell layer	UBERON:0001306	cumulus oophorus	cumulus oophorus	1441	4.564144657258993
UBERON:0005170	granulosa cell layer	granulosa cell layer	UBERON:0001306	cumulus oophorus	cumulus oophorus	1442	4.564144657258993
UBERON:0005170	granulosa cell layer	granulosa cell layer	UBERON:0001306	cumulus oophorus	cumulus oophorus	1443	4.564144657258993
UBERON:0005170	granulosa cell layer	granulosa cell layer	UBERON:0001306	cumulus oophorus	cumulus oophorus	1498	4.564144657258993
UBERON:0005170	granulosa cell layer	granulosa cell layer	UBERON:0001306	cumulus oophorus	cumulus oophorus	1444	4.564144657258993
UBERON:0005170	granulosa cell layer	granulosa cell layer	UBERON:0001306	cumulus oophorus	cumulus oophorus	1445	4.564144657258993
UBERON:0005170	granulosa cell layer	granulosa cell layer	UBERON:0001306	cumulus oophorus	cumulus oophorus	1497	4.564144657258993
UBERON:0005170	granulosa cell layer	granulosa cell layer	UBERON:0001306	cumulus oophorus	cumulus oophorus	1447	4.564144657258993
UBERON:0005170	granulosa cell layer	granulosa cell layer	UBERON:0001306	cumulus oophorus	cumulus oophorus	1489	4.564144657258993
UBERON:0005170	granulosa cell layer	granulosa cell layer	UBERON:0001306	cumulus oophorus	cumulus oophorus	1448	4.564144657258993
UBERON:0005170	granulosa cell layer	granulosa cell layer	UBERON:0001306	cumulus oophorus	cumulus oophorus	1449	4.564144657258993
UBERON:0005170	granulosa cell layer	granulosa cell layer	UBERON:0001306	cumulus oophorus	cumulus oophorus	1496	4.564144657258993
UBERON:0005170	granulosa cell layer	granulosa cell layer	UBERON:0001306	cumulus oophorus	cumulus oophorus	1450	4.564144657258993
UBERON:0005170	granulosa cell layer	granulosa cell layer	UBERON:0001306	cumulus oophorus	cumulus oophorus	1495	4.564144657258993
UBERON:0005170	granulosa cell layer	granulosa cell layer	UBERON:0001306	cumulus oophorus	cumulus oophorus	1451	4.564144657258993
UBERON:0005170	granulosa cell layer	granulosa cell layer	UBERON:0001306	cumulus oophorus	cumulus oophorus	1494	4.564144657258993
UBERON:0005170	granulosa cell layer	granulosa cell layer	UBERON:0001306	cumulus oophorus	cumulus oophorus	1493	4.564144657258993
UBERON:0005170	granulosa cell layer	granulosa cell layer	UBERON:0001306	cumulus oophorus	cumulus oophorus	1452	4.564144657258993
UBERON:0005170	granulosa cell layer	granulosa cell layer	UBERON:0001306	cumulus oophorus	cumulus oophorus	1492	4.564144657258993
UBERON:0005170	granulosa cell layer	granulosa cell layer	UBERON:0001306	cumulus oophorus	cumulus oophorus	1491	4.564144657258993
UBERON:0005170	granulosa cell layer	granulosa cell layer	UBERON:0001306	cumulus oophorus	cumulus oophorus	1402	4.564144657258993
UBERON:0005170	granulosa cell layer	granulosa cell layer	UBERON:0001306	cumulus oophorus	cumulus oophorus	1453	4.564144657258993
UBERON:0005170	granulosa cell layer	granulosa cell layer	UBERON:0001306	cumulus oophorus	cumulus oophorus	1490	4.564144657258993
UBERON:0005170	granulosa cell layer	granulosa cell layer	UBERON:0001306	cumulus oophorus	cumulus oophorus	1437	4.564144657258993
UBERON:0005170	granulosa cell layer	granulosa cell layer	UBERON:0001306	cumulus oophorus	cumulus oophorus	1301	4.564144657258993
UBERON:0005170	granulosa cell layer	granulosa cell layer	UBERON:0001306	cumulus oophorus	cumulus oophorus	1343	4.564144657258993
UBERON:0005170	granulosa cell layer	granulosa cell layer	UBERON:0001306	cumulus oophorus	cumulus oophorus	1339	4.564144657258993
UBERON:0005170	granulosa cell layer	granulosa cell layer	UBERON:0001306	cumulus oophorus	cumulus oophorus	1337	4.564144657258993
UBERON:0005170	granulosa cell layer	granulosa cell layer	UBERON:0001306	cumulus oophorus	cumulus oophorus	1336	4.564144657258993
UBERON:0005170	granulosa cell layer	granulosa cell layer	UBERON:0001306	cumulus oophorus	cumulus oophorus	1335	4.564144657258993
UBERON:0005170	granulosa cell layer	granulosa cell layer	UBERON:0001306	cumulus oophorus	cumulus oophorus	1334	4.564144657258993
UBERON:0005170	granulosa cell layer	granulosa cell layer	UBERON:0001306	cumulus oophorus	cumulus oophorus	1333	4.564144657258993
UBERON:0005170	granulosa cell layer	granulosa cell layer	UBERON:0001306	cumulus oophorus	cumulus oophorus	1332	4.564144657258993
UBERON:0005170	granulosa cell layer	granulosa cell layer	UBERON:0001306	cumulus oophorus	cumulus oophorus	1278	4.564144657258993
UBERON:0005170	granulosa cell layer	granulosa cell layer	UBERON:0001306	cumulus oophorus	cumulus oophorus	1331	4.564144657258993
UBERON:0005170	granulosa cell layer	granulosa cell layer	UBERON:0001306	cumulus oophorus	cumulus oophorus	1279	4.564144657258993
UBERON:0005170	granulosa cell layer	granulosa cell layer	UBERON:0001306	cumulus oophorus	cumulus oophorus	1330	4.564144657258993
UBERON:0005170	granulosa cell layer	granulosa cell layer	UBERON:0001306	cumulus oophorus	cumulus oophorus	1280	4.564144657258993
UBERON:0005170	granulosa cell layer	granulosa cell layer	UBERON:0001306	cumulus oophorus	cumulus oophorus	1329	4.564144657258993
UBERON:0005170	granulosa cell layer	granulosa cell layer	UBERON:0001306	cumulus oophorus	cumulus oophorus	1281	4.564144657258993
UBERON:0005170	granulosa cell layer	granulosa cell layer	UBERON:0001306	cumulus oophorus	cumulus oophorus	1328	4.564144657258993
UBERON:0005170	granulosa cell layer	granulosa cell layer	UBERON:0001306	cumulus oophorus	cumulus oophorus	1282	4.564144657258993
UBERON:0005170	granulosa cell layer	granulosa cell layer	UBERON:0001306	cumulus oophorus	cumulus oophorus	1327	4.564144657258993
UBERON:0005170	granulosa cell layer	granulosa cell layer	UBERON:0001306	cumulus oophorus	cumulus oophorus	1283	4.564144657258993
UBERON:0005170	granulosa cell layer	granulosa cell layer	UBERON:0001306	cumulus oophorus	cumulus oophorus	1338	4.564144657258993
UBERON:0005170	granulosa cell layer	granulosa cell layer	UBERON:0001306	cumulus oophorus	cumulus oophorus	1340	4.564144657258993
UBERON:0005170	granulosa cell layer	granulosa cell layer	UBERON:0001306	cumulus oophorus	cumulus oophorus	1360	4.564144657258993
UBERON:0005170	granulosa cell layer	granulosa cell layer	UBERON:0001306	cumulus oophorus	cumulus oophorus	1341	4.564144657258993
UBERON:0005170	granulosa cell layer	granulosa cell layer	UBERON:0001306	cumulus oophorus	cumulus oophorus	1358	4.564144657258993
UBERON:0005170	granulosa cell layer	granulosa cell layer	UBERON:0001306	cumulus oophorus	cumulus oophorus	1357	4.564144657258993
UBERON:0005170	granulosa cell layer	granulosa cell layer	UBERON:0001306	cumulus oophorus	cumulus oophorus	1356	4.564144657258993
UBERON:0005170	granulosa cell layer	granulosa cell layer	UBERON:0001306	cumulus oophorus	cumulus oophorus	1355	4.564144657258993
UBERON:0005170	granulosa cell layer	granulosa cell layer	UBERON:0001306	cumulus oophorus	cumulus oophorus	1354	4.564144657258993
UBERON:0005170	granulosa cell layer	granulosa cell layer	UBERON:0001306	cumulus oophorus	cumulus oophorus	1353	4.564144657258993
UBERON:0005170	granulosa cell layer	granulosa cell layer	UBERON:0001306	cumulus oophorus	cumulus oophorus	1352	4.564144657258993
UBERON:0005170	granulosa cell layer	granulosa cell layer	UBERON:0001306	cumulus oophorus	cumulus oophorus	1351	4.564144657258993
UBERON:0005170	granulosa cell layer	granulosa cell layer	UBERON:0001306	cumulus oophorus	cumulus oophorus	1350	4.564144657258993
UBERON:0005170	granulosa cell layer	granulosa cell layer	UBERON:0001306	cumulus oophorus	cumulus oophorus	1349	4.564144657258993
UBERON:0005170	granulosa cell layer	granulosa cell layer	UBERON:0001306	cumulus oophorus	cumulus oophorus	1348	4.564144657258993
UBERON:0005170	granulosa cell layer	granulosa cell layer	UBERON:0001306	cumulus oophorus	cumulus oophorus	1347	4.564144657258993
UBERON:0005170	granulosa cell layer	granulosa cell layer	UBERON:0001306	cumulus oophorus	cumulus oophorus	1346	4.564144657258993
UBERON:0005170	granulosa cell layer	granulosa cell layer	UBERON:0001306	cumulus oophorus	cumulus oophorus	1345	4.564144657258993
UBERON:0005170	granulosa cell layer	granulosa cell layer	UBERON:0001306	cumulus oophorus	cumulus oophorus	1344	4.564144657258993
UBERON:0005170	granulosa cell layer	granulosa cell layer	UBERON:0001306	cumulus oophorus	cumulus oophorus	1401	4.564144657258993
UBERON:0005170	granulosa cell layer	granulosa cell layer	UBERON:0001306	cumulus oophorus	cumulus oophorus	1342	4.564144657258993
UBERON:0005170	granulosa cell layer	granulosa cell layer	UBERON:0001306	cumulus oophorus	cumulus oophorus	1326	4.564144657258993
UBERON:0005170	granulosa cell layer	granulosa cell layer	UBERON:0001306	cumulus oophorus	cumulus oophorus	1325	4.564144657258993
UBERON:0005170	granulosa cell layer	granulosa cell layer	UBERON:0001306	cumulus oophorus	cumulus oophorus	1324	4.564144657258993
UBERON:0005170	granulosa cell layer	granulosa cell layer	UBERON:0001306	cumulus oophorus	cumulus oophorus	1284	4.564144657258993
UBERON:0005170	granulosa cell layer	granulosa cell layer	UBERON:0001306	cumulus oophorus	cumulus oophorus	1312	4.564144657258993
UBERON:0005170	granulosa cell layer	granulosa cell layer	UBERON:0001306	cumulus oophorus	cumulus oophorus	1311	4.564144657258993
UBERON:0005170	granulosa cell layer	granulosa cell layer	UBERON:0001306	cumulus oophorus	cumulus oophorus	1294	4.564144657258993
UBERON:0005170	granulosa cell layer	granulosa cell layer	UBERON:0001306	cumulus oophorus	cumulus oophorus	1310	4.564144657258993
UBERON:0005170	granulosa cell layer	granulosa cell layer	UBERON:0001306	cumulus oophorus	cumulus oophorus	1309	4.564144657258993
UBERON:0005170	granulosa cell layer	granulosa cell layer	UBERON:0001306	cumulus oophorus	cumulus oophorus	1295	4.564144657258993
UBERON:0005170	granulosa cell layer	granulosa cell layer	UBERON:0001306	cumulus oophorus	cumulus oophorus	1308	4.564144657258993
UBERON:0005170	granulosa cell layer	granulosa cell layer	UBERON:0001306	cumulus oophorus	cumulus oophorus	1296	4.564144657258993
UBERON:0005170	granulosa cell layer	granulosa cell layer	UBERON:0001306	cumulus oophorus	cumulus oophorus	1307	4.564144657258993
UBERON:0005170	granulosa cell layer	granulosa cell layer	UBERON:0001306	cumulus oophorus	cumulus oophorus	1297	4.564144657258993
UBERON:0005170	granulosa cell layer	granulosa cell layer	UBERON:0001306	cumulus oophorus	cumulus oophorus	1306	4.564144657258993
UBERON:0005170	granulosa cell layer	granulosa cell layer	UBERON:0001306	cumulus oophorus	cumulus oophorus	1298	4.564144657258993
UBERON:0005170	granulosa cell layer	granulosa cell layer	UBERON:0001306	cumulus oophorus	cumulus oophorus	1305	4.564144657258993
UBERON:0005170	granulosa cell layer	granulosa cell layer	UBERON:0001306	cumulus oophorus	cumulus oophorus	1304	4.564144657258993
UBERON:0005170	granulosa cell layer	granulosa cell layer	UBERON:0001306	cumulus oophorus	cumulus oophorus	1299	4.564144657258993
UBERON:0005170	granulosa cell layer	granulosa cell layer	UBERON:0001306	cumulus oophorus	cumulus oophorus	1303	4.564144657258993
UBERON:0005170	granulosa cell layer	granulosa cell layer	UBERON:0001306	cumulus oophorus	cumulus oophorus	1300	4.564144657258993
UBERON:0005170	granulosa cell layer	granulosa cell layer	UBERON:0001306	cumulus oophorus	cumulus oophorus	1293	4.564144657258993
UBERON:0005170	granulosa cell layer	granulosa cell layer	UBERON:0001306	cumulus oophorus	cumulus oophorus	1313	4.564144657258993
UBERON:0005170	granulosa cell layer	granulosa cell layer	UBERON:0001306	cumulus oophorus	cumulus oophorus	1292	4.564144657258993
UBERON:0005170	granulosa cell layer	granulosa cell layer	UBERON:0001306	cumulus oophorus	cumulus oophorus	1319	4.564144657258993
UBERON:0005170	granulosa cell layer	granulosa cell layer	UBERON:0001306	cumulus oophorus	cumulus oophorus	1323	4.564144657258993
UBERON:0005170	granulosa cell layer	granulosa cell layer	UBERON:0001306	cumulus oophorus	cumulus oophorus	1322	4.564144657258993
UBERON:0005170	granulosa cell layer	granulosa cell layer	UBERON:0001306	cumulus oophorus	cumulus oophorus	1285	4.564144657258993
UBERON:0005170	granulosa cell layer	granulosa cell layer	UBERON:0001306	cumulus oophorus	cumulus oophorus	1321	4.564144657258993
UBERON:0005170	granulosa cell layer	granulosa cell layer	UBERON:0001306	cumulus oophorus	cumulus oophorus	1286	4.564144657258993
UBERON:0005170	granulosa cell layer	granulosa cell layer	UBERON:0001306	cumulus oophorus	cumulus oophorus	1320	4.564144657258993
UBERON:0005170	granulosa cell layer	granulosa cell layer	UBERON:0001306	cumulus oophorus	cumulus oophorus	1287	4.564144657258993
UBERON:0005170	granulosa cell layer	granulosa cell layer	UBERON:0001306	cumulus oophorus	cumulus oophorus	1288	4.564144657258993
UBERON:0005170	granulosa cell layer	granulosa cell layer	UBERON:0001306	cumulus oophorus	cumulus oophorus	1314	4.564144657258993
UBERON:0005170	granulosa cell layer	granulosa cell layer	UBERON:0001306	cumulus oophorus	cumulus oophorus	1318	4.564144657258993
UBERON:0005170	granulosa cell layer	granulosa cell layer	UBERON:0001306	cumulus oophorus	cumulus oophorus	1289	4.564144657258993
UBERON:0005170	granulosa cell layer	granulosa cell layer	UBERON:0001306	cumulus oophorus	cumulus oophorus	1317	4.564144657258993
UBERON:0005170	granulosa cell layer	granulosa cell layer	UBERON:0001306	cumulus oophorus	cumulus oophorus	1290	4.564144657258993
UBERON:0005170	granulosa cell layer	granulosa cell layer	UBERON:0001306	cumulus oophorus	cumulus oophorus	1316	4.564144657258993
UBERON:0005170	granulosa cell layer	granulosa cell layer	UBERON:0001306	cumulus oophorus	cumulus oophorus	1291	4.564144657258993
UBERON:0005170	granulosa cell layer	granulosa cell layer	UBERON:0001306	cumulus oophorus	cumulus oophorus	1315	4.564144657258993
UBERON:0005170	granulosa cell layer	granulosa cell layer	UBERON:0001306	cumulus oophorus	cumulus oophorus	1359	4.564144657258993
UBERON:0005170	granulosa cell layer	granulosa cell layer	UBERON:0001306	cumulus oophorus	cumulus oophorus	1517	4.564144657258993
UBERON:0005170	granulosa cell layer	granulosa cell layer	UBERON:0001306	cumulus oophorus	cumulus oophorus	1387	4.564144657258993
UBERON:0005170	granulosa cell layer	granulosa cell layer	UBERON:0001306	cumulus oophorus	cumulus oophorus	1366	4.564144657258993
UBERON:0005170	granulosa cell layer	granulosa cell layer	UBERON:0001306	cumulus oophorus	cumulus oophorus	1377	4.564144657258993
UBERON:0005170	granulosa cell layer	granulosa cell layer	UBERON:0001306	cumulus oophorus	cumulus oophorus	1378	4.564144657258993
UBERON:0005170	granulosa cell layer	granulosa cell layer	UBERON:0001306	cumulus oophorus	cumulus oophorus	1390	4.564144657258993
UBERON:0005170	granulosa cell layer	granulosa cell layer	UBERON:0001306	cumulus oophorus	cumulus oophorus	1389	4.564144657258993
UBERON:0005170	granulosa cell layer	granulosa cell layer	UBERON:0001306	cumulus oophorus	cumulus oophorus	1388	4.564144657258993
UBERON:0005170	granulosa cell layer	granulosa cell layer	UBERON:0001306	cumulus oophorus	cumulus oophorus	1370	4.564144657258993
UBERON:0005170	granulosa cell layer	granulosa cell layer	UBERON:0001306	cumulus oophorus	cumulus oophorus	1365	4.564144657258993
UBERON:0005170	granulosa cell layer	granulosa cell layer	UBERON:0001306	cumulus oophorus	cumulus oophorus	1373	4.564144657258993
UBERON:0005170	granulosa cell layer	granulosa cell layer	UBERON:0001306	cumulus oophorus	cumulus oophorus	1367	4.564144657258993
UBERON:0005170	granulosa cell layer	granulosa cell layer	UBERON:0001306	cumulus oophorus	cumulus oophorus	1391	4.564144657258993
UBERON:0005170	granulosa cell layer	granulosa cell layer	UBERON:0001306	cumulus oophorus	cumulus oophorus	1386	4.564144657258993
UBERON:0005170	granulosa cell layer	granulosa cell layer	UBERON:0001306	cumulus oophorus	cumulus oophorus	1385	4.564144657258993
UBERON:0005170	granulosa cell layer	granulosa cell layer	UBERON:0001306	cumulus oophorus	cumulus oophorus	1384	4.564144657258993
UBERON:0005170	granulosa cell layer	granulosa cell layer	UBERON:0001306	cumulus oophorus	cumulus oophorus	1368	4.564144657258993
UBERON:0005170	granulosa cell layer	granulosa cell layer	UBERON:0001306	cumulus oophorus	cumulus oophorus	1379	4.564144657258993
UBERON:0005170	granulosa cell layer	granulosa cell layer	UBERON:0001306	cumulus oophorus	cumulus oophorus	1383	4.564144657258993
UBERON:0005170	granulosa cell layer	granulosa cell layer	UBERON:0001306	cumulus oophorus	cumulus oophorus	1382	4.564144657258993
UBERON:0005170	granulosa cell layer	granulosa cell layer	UBERON:0001306	cumulus oophorus	cumulus oophorus	1380	4.564144657258993
UBERON:0005170	granulosa cell layer	granulosa cell layer	UBERON:0001306	cumulus oophorus	cumulus oophorus	1381	4.564144657258993
UBERON:0005170	granulosa cell layer	granulosa cell layer	UBERON:0001306	cumulus oophorus	cumulus oophorus	1364	4.564144657258993
UBERON:0005170	granulosa cell layer	granulosa cell layer	UBERON:0001306	cumulus oophorus	cumulus oophorus	1369	4.564144657258993
UBERON:0005170	granulosa cell layer	granulosa cell layer	UBERON:0001306	cumulus oophorus	cumulus oophorus	1361	4.564144657258993
UBERON:0005170	granulosa cell layer	granulosa cell layer	UBERON:0001306	cumulus oophorus	cumulus oophorus	1397	4.564144657258993
UBERON:0005170	granulosa cell layer	granulosa cell layer	UBERON:0001306	cumulus oophorus	cumulus oophorus	1396	4.564144657258993
UBERON:0005170	granulosa cell layer	granulosa cell layer	UBERON:0001306	cumulus oophorus	cumulus oophorus	1395	4.564144657258993
UBERON:0005170	granulosa cell layer	granulosa cell layer	UBERON:0001306	cumulus oophorus	cumulus oophorus	1394	4.564144657258993
UBERON:0005170	granulosa cell layer	granulosa cell layer	UBERON:0001306	cumulus oophorus	cumulus oophorus	1398	4.564144657258993
UBERON:0005170	granulosa cell layer	granulosa cell layer	UBERON:0001306	cumulus oophorus	cumulus oophorus	1392	4.564144657258993
UBERON:0005170	granulosa cell layer	granulosa cell layer	UBERON:0001306	cumulus oophorus	cumulus oophorus	1374	4.564144657258993
UBERON:0005170	granulosa cell layer	granulosa cell layer	UBERON:0001306	cumulus oophorus	cumulus oophorus	1362	4.564144657258993
UBERON:0005170	granulosa cell layer	granulosa cell layer	UBERON:0001306	cumulus oophorus	cumulus oophorus	1371	4.564144657258993
UBERON:0005170	granulosa cell layer	granulosa cell layer	UBERON:0001306	cumulus oophorus	cumulus oophorus	1393	4.564144657258993
UBERON:0005170	granulosa cell layer	granulosa cell layer	UBERON:0001306	cumulus oophorus	cumulus oophorus	1375	4.564144657258993
UBERON:0005170	granulosa cell layer	granulosa cell layer	UBERON:0001306	cumulus oophorus	cumulus oophorus	1376	4.564144657258993
UBERON:0005170	granulosa cell layer	granulosa cell layer	UBERON:0001306	cumulus oophorus	cumulus oophorus	1363	4.564144657258993
UBERON:0005170	granulosa cell layer	granulosa cell layer	UBERON:0001306	cumulus oophorus	cumulus oophorus	1399	4.564144657258993
UBERON:0005170	granulosa cell layer	granulosa cell layer	UBERON:0001306	cumulus oophorus	cumulus oophorus	1400	4.564144657258993
UBERON:0005170	granulosa cell layer	granulosa cell layer	UBERON:0001306	cumulus oophorus	cumulus oophorus	1372	4.564144657258993
UBERON:0000155	theca cell layer	theca cell layer	UBERON:0003982	mature ovarian follicle	ovulatory antral follicle	1052	4.226395298828322
UBERON:0000155	theca cell layer	theca cell layer	UBERON:0003982	mature ovarian follicle	ovulatory antral follicle	1201	4.226395298828322
UBERON:0000155	theca cell layer	theca cell layer	UBERON:0003982	mature ovarian follicle	ovulatory antral follicle	1202	4.226395298828322
UBERON:0000155	theca cell layer	theca cell layer	UBERON:0003982	mature ovarian follicle	ovulatory antral follicle	1050	4.226395298828322
UBERON:0000155	theca cell layer	theca cell layer	UBERON:0003982	mature ovarian follicle	ovulatory antral follicle	1049	4.226395298828322
UBERON:0000155	theca cell layer	theca cell layer	UBERON:0003982	mature ovarian follicle	ovulatory antral follicle	1051	4.226395298828322
UBERON:0000155	theca cell layer	theca cell layer	UBERON:0003982	mature ovarian follicle	ovulatory antral follicle	1025	4.226395298828322
UBERON:0000155	theca cell layer	theca cell layer	UBERON:0003982	mature ovarian follicle	ovulatory antral follicle	1200	4.226395298828322
UBERON:0000155	theca cell layer	theca cell layer	UBERON:0003982	mature ovarian follicle	ovulatory antral follicle	1102	4.226395298828322
UBERON:0000155	theca cell layer	theca cell layer	UBERON:0003982	mature ovarian follicle	ovulatory antral follicle	1226	4.226395298828322
UBERON:0000155	theca cell layer	theca cell layer	UBERON:0003982	mature ovarian follicle	ovulatory antral follicle	1077	4.226395298828322
UBERON:0000155	theca cell layer	theca cell layer	UBERON:0003982	mature ovarian follicle	ovulatory antral follicle	1177	4.226395298828322
UBERON:0000155	theca cell layer	theca cell layer	UBERON:0003982	mature ovarian follicle	ovulatory antral follicle	1225	4.226395298828322
UBERON:0000155	theca cell layer	theca cell layer	UBERON:0003982	mature ovarian follicle	ovulatory antral follicle	1176	4.226395298828322
UBERON:0000155	theca cell layer	theca cell layer	UBERON:0003982	mature ovarian follicle	ovulatory antral follicle	1175	4.226395298828322
UBERON:0000155	theca cell layer	theca cell layer	UBERON:0003982	mature ovarian follicle	ovulatory antral follicle	1099	4.226395298828322
UBERON:0000155	theca cell layer	theca cell layer	UBERON:0003982	mature ovarian follicle	ovulatory antral follicle	1076	4.226395298828322
UBERON:0000155	theca cell layer	theca cell layer	UBERON:0003982	mature ovarian follicle	ovulatory antral follicle	1224	4.226395298828322
UBERON:0000155	theca cell layer	theca cell layer	UBERON:0003982	mature ovarian follicle	ovulatory antral follicle	1075	4.226395298828322
UBERON:0000155	theca cell layer	theca cell layer	UBERON:0003982	mature ovarian follicle	ovulatory antral follicle	1174	4.226395298828322
UBERON:0000155	theca cell layer	theca cell layer	UBERON:0003982	mature ovarian follicle	ovulatory antral follicle	1100	4.226395298828322
UBERON:0000155	theca cell layer	theca cell layer	UBERON:0003982	mature ovarian follicle	ovulatory antral follicle	1074	4.226395298828322
UBERON:0000155	theca cell layer	theca cell layer	UBERON:0003982	mature ovarian follicle	ovulatory antral follicle	1101	4.226395298828322
UBERON:0000155	theca cell layer	theca cell layer	UBERON:0003982	mature ovarian follicle	ovulatory antral follicle	1199	4.226395298828322
UBERON:0000155	theca cell layer	theca cell layer	UBERON:0003982	mature ovarian follicle	ovulatory antral follicle	719	4.226395298828322
UBERON:0000155	theca cell layer	theca cell layer	UBERON:0003982	mature ovarian follicle	ovulatory antral follicle	1227	4.226395298828322
UBERON:0000155	theca cell layer	theca cell layer	UBERON:0003982	mature ovarian follicle	ovulatory antral follicle	1124	4.226395298828322
UBERON:0000155	theca cell layer	theca cell layer	UBERON:0003982	mature ovarian follicle	ovulatory antral follicle	1277	4.226395298828322
UBERON:0000155	theca cell layer	theca cell layer	UBERON:0003982	mature ovarian follicle	ovulatory antral follicle	1026	4.226395298828322
UBERON:0000155	theca cell layer	theca cell layer	UBERON:0003982	mature ovarian follicle	ovulatory antral follicle	1275	4.226395298828322
UBERON:0000155	theca cell layer	theca cell layer	UBERON:0003982	mature ovarian follicle	ovulatory antral follicle	1274	4.226395298828322
UBERON:0000155	theca cell layer	theca cell layer	UBERON:0003982	mature ovarian follicle	ovulatory antral follicle	1150	4.226395298828322
UBERON:0000155	theca cell layer	theca cell layer	UBERON:0003982	mature ovarian follicle	ovulatory antral follicle	1249	4.226395298828322
UBERON:0000155	theca cell layer	theca cell layer	UBERON:0003982	mature ovarian follicle	ovulatory antral follicle	1126	4.226395298828322
UBERON:0000155	theca cell layer	theca cell layer	UBERON:0003982	mature ovarian follicle	ovulatory antral follicle	1151	4.226395298828322
UBERON:0000155	theca cell layer	theca cell layer	UBERON:0003982	mature ovarian follicle	ovulatory antral follicle	1152	4.226395298828322
UBERON:0000155	theca cell layer	theca cell layer	UBERON:0003982	mature ovarian follicle	ovulatory antral follicle	1276	4.226395298828322
UBERON:0000155	theca cell layer	theca cell layer	UBERON:0003982	mature ovarian follicle	ovulatory antral follicle	722	4.226395298828322
UBERON:0000155	theca cell layer	theca cell layer	UBERON:0003982	mature ovarian follicle	ovulatory antral follicle	1149	4.226395298828322
UBERON:0000155	theca cell layer	theca cell layer	UBERON:0003982	mature ovarian follicle	ovulatory antral follicle	1252	4.226395298828322
UBERON:0000155	theca cell layer	theca cell layer	UBERON:0003982	mature ovarian follicle	ovulatory antral follicle	720	4.226395298828322
UBERON:0000155	theca cell layer	theca cell layer	UBERON:0003982	mature ovarian follicle	ovulatory antral follicle	1250	4.226395298828322
UBERON:0000155	theca cell layer	theca cell layer	UBERON:0003982	mature ovarian follicle	ovulatory antral follicle	1125	4.226395298828322
UBERON:0000155	theca cell layer	theca cell layer	UBERON:0003982	mature ovarian follicle	ovulatory antral follicle	1024	4.226395298828322
UBERON:0000155	theca cell layer	theca cell layer	UBERON:0003982	mature ovarian follicle	ovulatory antral follicle	721	4.226395298828322
UBERON:0000155	theca cell layer	theca cell layer	UBERON:0003982	mature ovarian follicle	ovulatory antral follicle	1027	4.226395298828322
UBERON:0000155	theca cell layer	theca cell layer	UBERON:0003982	mature ovarian follicle	ovulatory antral follicle	1251	4.226395298828322
UBERON:0000155	theca cell layer	theca cell layer	UBERON:0003982	mature ovarian follicle	ovulatory antral follicle	1127	4.226395298828322
UBERON:0006960	ovary stroma	ovary stroma	UBERON:0013191	ovarian cortex	ovarian cortex	95	3.3636175791973955
UBERON:0006960	ovary stroma	ovary stroma	UBERON:0013191	ovarian cortex	ovarian cortex	231	3.3636175791973955
UBERON:0006960	ovary stroma	ovary stroma	UBERON:0013191	ovarian cortex	ovarian cortex	197	3.3636175791973955
UBERON:0006960	ovary stroma	ovary stroma	UBERON:0013191	ovarian cortex	ovarian cortex	196	3.3636175791973955
UBERON:0006960	ovary stroma	ovary stroma	UBERON:0013191	ovarian cortex	ovarian cortex	94	3.3636175791973955
UBERON:0006960	ovary stroma	ovary stroma	UBERON:0013191	ovarian cortex	ovarian cortex	195	3.3636175791973955
UBERON:0006960	ovary stroma	ovary stroma	UBERON:0013191	ovarian cortex	ovarian cortex	93	3.3636175791973955
UBERON:0006960	ovary stroma	ovary stroma	UBERON:0013191	ovarian cortex	ovarian cortex	92	3.3636175791973955
UBERON:0006960	ovary stroma	ovary stroma	UBERON:0013191	ovarian cortex	ovarian cortex	261	3.3636175791973955
UBERON:0006960	ovary stroma	ovary stroma	UBERON:0013191	ovarian cortex	ovarian cortex	91	3.3636175791973955
UBERON:0006960	ovary stroma	ovary stroma	UBERON:0013191	ovarian cortex	ovarian cortex	230	3.3636175791973955
UBERON:0006960	ovary stroma	ovary stroma	UBERON:0013191	ovarian cortex	ovarian cortex	229	3.3636175791973955
UBERON:0006960	ovary stroma	ovary stroma	UBERON:0013191	ovarian cortex	ovarian cortex	210	3.3636175791973955
UBERON:0006960	ovary stroma	ovary stroma	UBERON:0013191	ovarian cortex	ovarian cortex	194	3.3636175791973955
UBERON:0006960	ovary stroma	ovary stroma	UBERON:0013191	ovarian cortex	ovarian cortex	228	3.3636175791973955
UBERON:0006960	ovary stroma	ovary stroma	UBERON:0013191	ovarian cortex	ovarian cortex	212	3.3636175791973955
UBERON:0006960	ovary stroma	ovary stroma	UBERON:0013191	ovarian cortex	ovarian cortex	78	3.3636175791973955
UBERON:0006960	ovary stroma	ovary stroma	UBERON:0013191	ovarian cortex	ovarian cortex	77	3.3636175791973955
UBERON:0006960	ovary stroma	ovary stroma	UBERON:0013191	ovarian cortex	ovarian cortex	213	3.3636175791973955
UBERON:0006960	ovary stroma	ovary stroma	UBERON:0013191	ovarian cortex	ovarian cortex	76	3.3636175791973955
UBERON:0006960	ovary stroma	ovary stroma	UBERON:0013191	ovarian cortex	ovarian cortex	75	3.3636175791973955
UBERON:0006960	ovary stroma	ovary stroma	UBERON:0013191	ovarian cortex	ovarian cortex	214	3.3636175791973955
UBERON:0006960	ovary stroma	ovary stroma	UBERON:0013191	ovarian cortex	ovarian cortex	74	3.3636175791973955
UBERON:0006960	ovary stroma	ovary stroma	UBERON:0013191	ovarian cortex	ovarian cortex	227	3.3636175791973955
UBERON:0006960	ovary stroma	ovary stroma	UBERON:0013191	ovarian cortex	ovarian cortex	211	3.3636175791973955
UBERON:0006960	ovary stroma	ovary stroma	UBERON:0013191	ovarian cortex	ovarian cortex	245	3.3636175791973955
UBERON:0006960	ovary stroma	ovary stroma	UBERON:0013191	ovarian cortex	ovarian cortex	193	3.3636175791973955
UBERON:0006960	ovary stroma	ovary stroma	UBERON:0013191	ovarian cortex	ovarian cortex	143	3.3636175791973955
UBERON:0006960	ovary stroma	ovary stroma	UBERON:0013191	ovarian cortex	ovarian cortex	129	3.3636175791973955
UBERON:0006960	ovary stroma	ovary stroma	UBERON:0013191	ovarian cortex	ovarian cortex	163	3.3636175791973955
UBERON:0006960	ovary stroma	ovary stroma	UBERON:0013191	ovarian cortex	ovarian cortex	162	3.3636175791973955
UBERON:0006960	ovary stroma	ovary stroma	UBERON:0013191	ovarian cortex	ovarian cortex	265	3.3636175791973955
UBERON:0006960	ovary stroma	ovary stroma	UBERON:0013191	ovarian cortex	ovarian cortex	142	3.3636175791973955
UBERON:0006960	ovary stroma	ovary stroma	UBERON:0013191	ovarian cortex	ovarian cortex	264	3.3636175791973955
UBERON:0006960	ovary stroma	ovary stroma	UBERON:0013191	ovarian cortex	ovarian cortex	161	3.3636175791973955
UBERON:0006960	ovary stroma	ovary stroma	UBERON:0013191	ovarian cortex	ovarian cortex	108	3.3636175791973955
UBERON:0006960	ovary stroma	ovary stroma	UBERON:0013191	ovarian cortex	ovarian cortex	160	3.3636175791973955
UBERON:0006960	ovary stroma	ovary stroma	UBERON:0013191	ovarian cortex	ovarian cortex	263	3.3636175791973955
UBERON:0006960	ovary stroma	ovary stroma	UBERON:0013191	ovarian cortex	ovarian cortex	145	3.3636175791973955
UBERON:0006960	ovary stroma	ovary stroma	UBERON:0013191	ovarian cortex	ovarian cortex	146	3.3636175791973955
UBERON:0006960	ovary stroma	ovary stroma	UBERON:0013191	ovarian cortex	ovarian cortex	262	3.3636175791973955
UBERON:0006960	ovary stroma	ovary stroma	UBERON:0013191	ovarian cortex	ovarian cortex	159	3.3636175791973955
UBERON:0006960	ovary stroma	ovary stroma	UBERON:0013191	ovarian cortex	ovarian cortex	128	3.3636175791973955
UBERON:0006960	ovary stroma	ovary stroma	UBERON:0013191	ovarian cortex	ovarian cortex	248	3.3636175791973955
UBERON:0006960	ovary stroma	ovary stroma	UBERON:0013191	ovarian cortex	ovarian cortex	127	3.3636175791973955
UBERON:0006960	ovary stroma	ovary stroma	UBERON:0013191	ovarian cortex	ovarian cortex	126	3.3636175791973955
UBERON:0006960	ovary stroma	ovary stroma	UBERON:0013191	ovarian cortex	ovarian cortex	125	3.3636175791973955
UBERON:0006960	ovary stroma	ovary stroma	UBERON:0013191	ovarian cortex	ovarian cortex	176	3.3636175791973955
UBERON:0006960	ovary stroma	ovary stroma	UBERON:0013191	ovarian cortex	ovarian cortex	177	3.3636175791973955
UBERON:0006960	ovary stroma	ovary stroma	UBERON:0013191	ovarian cortex	ovarian cortex	247	3.3636175791973955
UBERON:0006960	ovary stroma	ovary stroma	UBERON:0013191	ovarian cortex	ovarian cortex	178	3.3636175791973955
UBERON:0006960	ovary stroma	ovary stroma	UBERON:0013191	ovarian cortex	ovarian cortex	179	3.3636175791973955
UBERON:0006960	ovary stroma	ovary stroma	UBERON:0013191	ovarian cortex	ovarian cortex	180	3.3636175791973955
UBERON:0006960	ovary stroma	ovary stroma	UBERON:0013191	ovarian cortex	ovarian cortex	112	3.3636175791973955
UBERON:0006960	ovary stroma	ovary stroma	UBERON:0013191	ovarian cortex	ovarian cortex	246	3.3636175791973955
UBERON:0006960	ovary stroma	ovary stroma	UBERON:0013191	ovarian cortex	ovarian cortex	111	3.3636175791973955
UBERON:0006960	ovary stroma	ovary stroma	UBERON:0013191	ovarian cortex	ovarian cortex	110	3.3636175791973955
UBERON:0006960	ovary stroma	ovary stroma	UBERON:0013191	ovarian cortex	ovarian cortex	109	3.3636175791973955
UBERON:0006960	ovary stroma	ovary stroma	UBERON:0013191	ovarian cortex	ovarian cortex	244	3.3636175791973955
UBERON:0006960	ovary stroma	ovary stroma	UBERON:0013191	ovarian cortex	ovarian cortex	144	3.3636175791973955
UBERON:0000450	corpus albicans	corpus albicans	UBERON:0013191	ovarian cortex	ovarian cortex	72	
UBERON:0000450	corpus albicans	corpus albicans	UBERON:0013191	ovarian cortex	ovarian cortex	89	
UBERON:0003315	mesenchyme of ovary	mesenchyme of ovary	UBERON:0006960	ovary stroma	ovarian interstitia	96	
UBERON:0000450	corpus albicans	corpus albicans	UBERON:0013191	ovarian cortex	ovarian cortex	106	
UBERON:0000450	corpus albicans	corpus albicans	UBERON:0013191	ovarian cortex	ovarian cortex	123	
UBERON:0000450	corpus albicans	corpus albicans	UBERON:0013191	ovarian cortex	ovarian cortex	140	
UBERON:0000450	corpus albicans	corpus albicans	UBERON:0013191	ovarian cortex	ovarian cortex	157	
UBERON:0000450	corpus albicans	corpus albicans	UBERON:0013191	ovarian cortex	ovarian cortex	174	
UBERON:0000450	corpus albicans	corpus albicans	UBERON:0013191	ovarian cortex	ovarian cortex	191	
UBERON:0000450	corpus albicans	corpus albicans	UBERON:0013191	ovarian cortex	ovarian cortex	208	
UBERON:0000450	corpus albicans	corpus albicans	UBERON:0013191	ovarian cortex	ovarian cortex	225	
UBERON:0000450	corpus albicans	corpus albicans	UBERON:0013191	ovarian cortex	ovarian cortex	242	
UBERON:0000450	corpus albicans	corpus albicans	UBERON:0013191	ovarian cortex	ovarian cortex	259	
CL:4033067	mural granulosa cell	mural granulosa cell	UBERON:2001571	postovulatory follicle	postovulatory follicle	272	
CL:0000654	primary oocyte	primary oocyte	UBERON:0001305	ovarian follicle	ovarian follicle	276	
CL:0000654	primary oocyte	primary oocyte	UBERON:0001305	ovarian follicle	ovarian follicle	278	
CL:0000503	theca cell	theca cell	UBERON:0002512	corpus luteum	corpus luteum	281	
CL:4033067	mural granulosa cell	mural granulosa cell	UBERON:2001571	postovulatory follicle	postovulatory follicle	285	
CL:0000654	primary oocyte	primary oocyte	UBERON:0001305	ovarian follicle	ovarian follicle	289	
CL:0000654	primary oocyte	primary oocyte	UBERON:0001305	ovarian follicle	ovarian follicle	291	
CL:0000503	theca cell	theca cell	UBERON:0002512	corpus luteum	corpus luteum	294	
UBERON:0003315	mesenchyme of ovary	mesenchyme of ovary	UBERON:0006960	ovary stroma	ovarian interstitia	295	
CL:4033067	mural granulosa cell	mural granulosa cell	UBERON:2001571	postovulatory follicle	postovulatory follicle	298	
CL:0000654	primary oocyte	primary oocyte	UBERON:0001305	ovarian follicle	ovarian follicle	302	
CL:0000654	primary oocyte	primary oocyte	UBERON:0001305	ovarian follicle	ovarian follicle	304	
CL:0000503	theca cell	theca cell	UBERON:0002512	corpus luteum	corpus luteum	307	
UBERON:0003315	mesenchyme of ovary	mesenchyme of ovary	UBERON:0006960	ovary stroma	ovarian interstitia	308	
CL:4033067	mural granulosa cell	mural granulosa cell	UBERON:2001571	postovulatory follicle	postovulatory follicle	311	
CL:0000654	primary oocyte	primary oocyte	UBERON:0001305	ovarian follicle	ovarian follicle	315	
CL:0000654	primary oocyte	primary oocyte	UBERON:0001305	ovarian follicle	ovarian follicle	317	
CL:0000503	theca cell	theca cell	UBERON:0002512	corpus luteum	corpus luteum	320	
UBERON:0003315	mesenchyme of ovary	mesenchyme of ovary	UBERON:0006960	ovary stroma	ovarian interstitia	321	
CL:4033067	mural granulosa cell	mural granulosa cell	UBERON:2001571	postovulatory follicle	postovulatory follicle	324	
CL:0000654	primary oocyte	primary oocyte	UBERON:0001305	ovarian follicle	ovarian follicle	328	
CL:0000654	primary oocyte	primary oocyte	UBERON:0001305	ovarian follicle	ovarian follicle	330	
CL:0000503	theca cell	theca cell	UBERON:0002512	corpus luteum	corpus luteum	333	
UBERON:0003315	mesenchyme of ovary	mesenchyme of ovary	UBERON:0006960	ovary stroma	ovarian interstitia	334	
CL:4033067	mural granulosa cell	mural granulosa cell	UBERON:2001571	postovulatory follicle	postovulatory follicle	337	
CL:0000654	primary oocyte	primary oocyte	UBERON:0001305	ovarian follicle	ovarian follicle	341	
CL:0000654	primary oocyte	primary oocyte	UBERON:0001305	ovarian follicle	ovarian follicle	343	
CL:0000503	theca cell	theca cell	UBERON:0002512	corpus luteum	corpus luteum	346	
UBERON:0003315	mesenchyme of ovary	mesenchyme of ovary	UBERON:0006960	ovary stroma	ovarian interstitia	347	
CL:4033067	mural granulosa cell	mural granulosa cell	UBERON:2001571	postovulatory follicle	postovulatory follicle	350	
CL:0000654	primary oocyte	primary oocyte	UBERON:0001305	ovarian follicle	ovarian follicle	354	
CL:0000654	primary oocyte	primary oocyte	UBERON:0001305	ovarian follicle	ovarian follicle	356	
CL:0000503	theca cell	theca cell	UBERON:0002512	corpus luteum	corpus luteum	359	
UBERON:0003315	mesenchyme of ovary	mesenchyme of ovary	UBERON:0006960	ovary stroma	ovarian interstitia	360	
CL:4033067	mural granulosa cell	mural granulosa cell	UBERON:2001571	postovulatory follicle	postovulatory follicle	363	
CL:0000654	primary oocyte	primary oocyte	UBERON:0001305	ovarian follicle	ovarian follicle	367	
CL:0000654	primary oocyte	primary oocyte	UBERON:0001305	ovarian follicle	ovarian follicle	369	
CL:0000503	theca cell	theca cell	UBERON:0002512	corpus luteum	corpus luteum	372	
UBERON:0003315	mesenchyme of ovary	mesenchyme of ovary	UBERON:0006960	ovary stroma	ovarian interstitia	373	
CL:4033067	mural granulosa cell	mural granulosa cell	UBERON:2001571	postovulatory follicle	postovulatory follicle	376	
CL:0000654	primary oocyte	primary oocyte	UBERON:0001305	ovarian follicle	ovarian follicle	380	
CL:0000654	primary oocyte	primary oocyte	UBERON:0001305	ovarian follicle	ovarian follicle	382	
CL:0000503	theca cell	theca cell	UBERON:0002512	corpus luteum	corpus luteum	385	
UBERON:0003315	mesenchyme of ovary	mesenchyme of ovary	UBERON:0006960	ovary stroma	ovarian interstitia	386	
CL:4033067	mural granulosa cell	mural granulosa cell	UBERON:2001571	postovulatory follicle	postovulatory follicle	389	
CL:0000654	primary oocyte	primary oocyte	UBERON:0001305	ovarian follicle	ovarian follicle	393	
CL:0000654	primary oocyte	primary oocyte	UBERON:0001305	ovarian follicle	ovarian follicle	395	
CL:0000503	theca cell	theca cell	UBERON:0002512	corpus luteum	corpus luteum	398	
UBERON:0003315	mesenchyme of ovary	mesenchyme of ovary	UBERON:0006960	ovary stroma	ovarian interstitia	399	
CL:4033067	mural granulosa cell	mural granulosa cell	UBERON:2001571	postovulatory follicle	postovulatory follicle	402	
CL:0000654	primary oocyte	primary oocyte	UBERON:0001305	ovarian follicle	ovarian follicle	406	
CL:0000654	primary oocyte	primary oocyte	UBERON:0001305	ovarian follicle	ovarian follicle	408	
CL:0000503	theca cell	theca cell	UBERON:0002512	corpus luteum	corpus luteum	411	
UBERON:0003315	mesenchyme of ovary	mesenchyme of ovary	UBERON:0006960	ovary stroma	ovarian interstitia	412	
CL:4033067	mural granulosa cell	mural granulosa cell	UBERON:2001571	postovulatory follicle	postovulatory follicle	415	
CL:0000654	primary oocyte	primary oocyte	UBERON:0001305	ovarian follicle	ovarian follicle	419	
CL:0000654	primary oocyte	primary oocyte	UBERON:0001305	ovarian follicle	ovarian follicle	421	
CL:0000503	theca cell	theca cell	UBERON:0002512	corpus luteum	corpus luteum	424	
UBERON:0003315	mesenchyme of ovary	mesenchyme of ovary	UBERON:0006960	ovary stroma	ovarian interstitia	425	
CL:0000654	primary oocyte	primary oocyte	UBERON:0003981	primordial ovarian follicle	primordial ovarian follicle	427	
CL:0000654	primary oocyte	primary oocyte	UBERON:0000035	primary ovarian follicle	primary ovarian follicle	432	
CL:0000654	primary oocyte	primary oocyte	UBERON:0000036	secondary ovarian follicle	secondary ovarian follicle	436	
CL:4033067	mural granulosa cell	mural granulosa cell	UBERON:0003982	mature ovarian follicle	ovulatory antral follicle	444	
CL:0000654	primary oocyte	primary oocyte	UBERON:0003981	primordial ovarian follicle	primordial ovarian follicle	446	
CL:0000654	primary oocyte	primary oocyte	UBERON:0000035	primary ovarian follicle	primary ovarian follicle	451	
CL:0000654	primary oocyte	primary oocyte	UBERON:0000036	secondary ovarian follicle	secondary ovarian follicle	455	
CL:4033067	mural granulosa cell	mural granulosa cell	UBERON:0003982	mature ovarian follicle	ovulatory antral follicle	463	
CL:0000654	primary oocyte	primary oocyte	UBERON:0003981	primordial ovarian follicle	primordial ovarian follicle	465	
CL:0000654	primary oocyte	primary oocyte	UBERON:0000035	primary ovarian follicle	primary ovarian follicle	470	
CL:0000654	primary oocyte	primary oocyte	UBERON:0000036	secondary ovarian follicle	secondary ovarian follicle	474	
CL:4033067	mural granulosa cell	mural granulosa cell	UBERON:0003982	mature ovarian follicle	ovulatory antral follicle	482	
CL:0000654	primary oocyte	primary oocyte	UBERON:0003981	primordial ovarian follicle	primordial ovarian follicle	484	
CL:0000654	primary oocyte	primary oocyte	UBERON:0000035	primary ovarian follicle	primary ovarian follicle	489	
CL:0000654	primary oocyte	primary oocyte	UBERON:0000036	secondary ovarian follicle	secondary ovarian follicle	493	
CL:4033067	mural granulosa cell	mural granulosa cell	UBERON:0003982	mature ovarian follicle	ovulatory antral follicle	501	
CL:0000654	primary oocyte	primary oocyte	UBERON:0003981	primordial ovarian follicle	primordial ovarian follicle	503	
CL:0000654	primary oocyte	primary oocyte	UBERON:0000035	primary ovarian follicle	primary ovarian follicle	508	
CL:0000654	primary oocyte	primary oocyte	UBERON:0000036	secondary ovarian follicle	secondary ovarian follicle	512	
CL:4033067	mural granulosa cell	mural granulosa cell	UBERON:0003982	mature ovarian follicle	ovulatory antral follicle	520	
CL:0000654	primary oocyte	primary oocyte	UBERON:0003981	primordial ovarian follicle	primordial ovarian follicle	522	
CL:0000654	primary oocyte	primary oocyte	UBERON:0000035	primary ovarian follicle	primary ovarian follicle	527	
CL:0000654	primary oocyte	primary oocyte	UBERON:0000036	secondary ovarian follicle	secondary ovarian follicle	531	
CL:4033067	mural granulosa cell	mural granulosa cell	UBERON:0003982	mature ovarian follicle	ovulatory antral follicle	539	
CL:0000654	primary oocyte	primary oocyte	UBERON:0003981	primordial ovarian follicle	primordial ovarian follicle	541	
CL:0000654	primary oocyte	primary oocyte	UBERON:0000035	primary ovarian follicle	primary ovarian follicle	546	
CL:0000654	primary oocyte	primary oocyte	UBERON:0000036	secondary ovarian follicle	secondary ovarian follicle	550	
CL:4033067	mural granulosa cell	mural granulosa cell	UBERON:0003982	mature ovarian follicle	ovulatory antral follicle	558	
CL:0000654	primary oocyte	primary oocyte	UBERON:0003981	primordial ovarian follicle	primordial ovarian follicle	560	
CL:0000654	primary oocyte	primary oocyte	UBERON:0000035	primary ovarian follicle	primary ovarian follicle	565	
CL:0000654	primary oocyte	primary oocyte	UBERON:0000036	secondary ovarian follicle	secondary ovarian follicle	569	
CL:4033067	mural granulosa cell	mural granulosa cell	UBERON:0003982	mature ovarian follicle	ovulatory antral follicle	577	
CL:0000654	primary oocyte	primary oocyte	UBERON:0003981	primordial ovarian follicle	primordial ovarian follicle	579	
CL:0000654	primary oocyte	primary oocyte	UBERON:0000035	primary ovarian follicle	primary ovarian follicle	584	
CL:0000654	primary oocyte	primary oocyte	UBERON:0000036	secondary ovarian follicle	secondary ovarian follicle	588	
CL:4033067	mural granulosa cell	mural granulosa cell	UBERON:0003982	mature ovarian follicle	ovulatory antral follicle	596	
CL:0000654	primary oocyte	primary oocyte	UBERON:0003981	primordial ovarian follicle	primordial ovarian follicle	598	
CL:0000654	primary oocyte	primary oocyte	UBERON:0000035	primary ovarian follicle	primary ovarian follicle	603	
CL:0000654	primary oocyte	primary oocyte	UBERON:0000036	secondary ovarian follicle	secondary ovarian follicle	607	
CL:4033067	mural granulosa cell	mural granulosa cell	UBERON:0003982	mature ovarian follicle	ovulatory antral follicle	615	
CL:0000654	primary oocyte	primary oocyte	UBERON:0003981	primordial ovarian follicle	primordial ovarian follicle	617	
CL:0000654	primary oocyte	primary oocyte	UBERON:0000035	primary ovarian follicle	primary ovarian follicle	622	
CL:0000654	primary oocyte	primary oocyte	UBERON:0000036	secondary ovarian follicle	secondary ovarian follicle	626	
CL:4033067	mural granulosa cell	mural granulosa cell	UBERON:0003982	mature ovarian follicle	ovulatory antral follicle	634	
CL:0000654	primary oocyte	primary oocyte	UBERON:0003981	primordial ovarian follicle	primordial ovarian follicle	636	
CL:0000654	primary oocyte	primary oocyte	UBERON:0000035	primary ovarian follicle	primary ovarian follicle	641	
CL:0000654	primary oocyte	primary oocyte	UBERON:0000036	secondary ovarian follicle	secondary ovarian follicle	645	
CL:4033067	mural granulosa cell	mural granulosa cell	UBERON:0003982	mature ovarian follicle	ovulatory antral follicle	653	
CL:0000654	primary oocyte	primary oocyte	UBERON:0003982	mature ovarian follicle	ovulatory antral follicle	662	
UBERON:0000086	zona pellucida	zona pellucida	UBERON:0003982	mature ovarian follicle	ovulatory antral follicle	663	
CL:0000654	primary oocyte	primary oocyte	UBERON:0003982	mature ovarian follicle	ovulatory antral follicle	689	
UBERON:0000086	zona pellucida	zona pellucida	UBERON:0003982	mature ovarian follicle	ovulatory antral follicle	690	
CL:0000654	primary oocyte	primary oocyte	UBERON:0003982	mature ovarian follicle	ovulatory antral follicle	716	
UBERON:0000086	zona pellucida	zona pellucida	UBERON:0003982	mature ovarian follicle	ovulatory antral follicle	717	
CL:0000654	primary oocyte	primary oocyte	UBERON:0003982	mature ovarian follicle	ovulatory antral follicle	743	
UBERON:0000086	zona pellucida	zona pellucida	UBERON:0003982	mature ovarian follicle	ovulatory antral follicle	744	
CL:0000654	primary oocyte	primary oocyte	UBERON:0003982	mature ovarian follicle	ovulatory antral follicle	770	
UBERON:0000086	zona pellucida	zona pellucida	UBERON:0003982	mature ovarian follicle	ovulatory antral follicle	771	
CL:0000654	primary oocyte	primary oocyte	UBERON:0003982	mature ovarian follicle	ovulatory antral follicle	797	
UBERON:0000086	zona pellucida	zona pellucida	UBERON:0003982	mature ovarian follicle	ovulatory antral follicle	798	
UBERON:0000039	follicular antrum	follicular antrum	UBERON:0003982	mature ovarian follicle	ovulatory antral follicle	799	
CL:0000654	primary oocyte	primary oocyte	UBERON:0003982	mature ovarian follicle	ovulatory antral follicle	824	
UBERON:0000086	zona pellucida	zona pellucida	UBERON:0003982	mature ovarian follicle	ovulatory antral follicle	825	
CL:0000654	primary oocyte	primary oocyte	UBERON:0003982	mature ovarian follicle	ovulatory antral follicle	851	
UBERON:0000086	zona pellucida	zona pellucida	UBERON:0003982	mature ovarian follicle	ovulatory antral follicle	852	
CL:0000654	primary oocyte	primary oocyte	UBERON:0003982	mature ovarian follicle	ovulatory antral follicle	878	
UBERON:0000086	zona pellucida	zona pellucida	UBERON:0003982	mature ovarian follicle	ovulatory antral follicle	879	
CL:0000654	primary oocyte	primary oocyte	UBERON:0003982	mature ovarian follicle	ovulatory antral follicle	905	
UBERON:0000086	zona pellucida	zona pellucida	UBERON:0003982	mature ovarian follicle	ovulatory antral follicle	906	
CL:0000654	primary oocyte	primary oocyte	UBERON:0003982	mature ovarian follicle	ovulatory antral follicle	932	
UBERON:0000086	zona pellucida	zona pellucida	UBERON:0003982	mature ovarian follicle	ovulatory antral follicle	933	
CL:0000654	primary oocyte	primary oocyte	UBERON:0003982	mature ovarian follicle	ovulatory antral follicle	959	
UBERON:0000086	zona pellucida	zona pellucida	UBERON:0003982	mature ovarian follicle	ovulatory antral follicle	960	
UBERON:0000039	follicular antrum	follicular antrum	UBERON:0003982	mature ovarian follicle	ovulatory antral follicle	1023	
UBERON:0000039	follicular antrum	follicular antrum	UBERON:0003982	mature ovarian follicle	ovulatory antral follicle	1048	
UBERON:0000039	follicular antrum	follicular antrum	UBERON:0003982	mature ovarian follicle	ovulatory antral follicle	1073	
UBERON:0000039	follicular antrum	follicular antrum	UBERON:0003982	mature ovarian follicle	ovulatory antral follicle	1098	
UBERON:0000039	follicular antrum	follicular antrum	UBERON:0003982	mature ovarian follicle	ovulatory antral follicle	1123	
UBERON:0000039	follicular antrum	follicular antrum	UBERON:0003982	mature ovarian follicle	ovulatory antral follicle	1148	
UBERON:0000039	follicular antrum	follicular antrum	UBERON:0003982	mature ovarian follicle	ovulatory antral follicle	1173	
UBERON:0000039	follicular antrum	follicular antrum	UBERON:0003982	mature ovarian follicle	ovulatory antral follicle	1198	
UBERON:0000039	follicular antrum	follicular antrum	UBERON:0003982	mature ovarian follicle	ovulatory antral follicle	1223	
UBERON:0000039	follicular antrum	follicular antrum	UBERON:0003982	mature ovarian follicle	ovulatory antral follicle	1248	
UBERON:0000039	follicular antrum	follicular antrum	UBERON:0003982	mature ovarian follicle	ovulatory antral follicle	1273	
CL:0000711	cumulus granulosa cell	cumulus granulosa cell	UBERON:0005170	granulosa cell layer	granulosa cell layer	1279	
CL:0000711	cumulus granulosa cell	cumulus granulosa cell	UBERON:0005170	granulosa cell layer	granulosa cell layer	1281	
CL:0000711	cumulus granulosa cell	cumulus granulosa cell	UBERON:0005170	granulosa cell layer	granulosa cell layer	1283	
CL:0000711	cumulus granulosa cell	cumulus granulosa cell	UBERON:0005170	granulosa cell layer	granulosa cell layer	1285	
CL:0000711	cumulus granulosa cell	cumulus granulosa cell	UBERON:0005170	granulosa cell layer	granulosa cell layer	1287	
CL:0000711	cumulus granulosa cell	cumulus granulosa cell	UBERON:0005170	granulosa cell layer	granulosa cell layer	1289	
CL:0000711	cumulus granulosa cell	cumulus granulosa cell	UBERON:0005170	granulosa cell layer	granulosa cell layer	1291	
CL:0000711	cumulus granulosa cell	cumulus granulosa cell	UBERON:0005170	granulosa cell layer	granulosa cell layer	1293	
CL:0000711	cumulus granulosa cell	cumulus granulosa cell	UBERON:0005170	granulosa cell layer	granulosa cell layer	1295	
CL:0000711	cumulus granulosa cell	cumulus granulosa cell	UBERON:0005170	granulosa cell layer	granulosa cell layer	1297	
CL:0000711	cumulus granulosa cell	cumulus granulosa cell	UBERON:0005170	granulosa cell layer	granulosa cell layer	1299	
CL:0000711	cumulus granulosa cell	cumulus granulosa cell	UBERON:0005170	granulosa cell layer	granulosa cell layer	1301	
CL:0000711	cumulus granulosa cell	cumulus granulosa cell	UBERON:0005170	granulosa cell layer	granulosa cell layer	1303	
CL:0000711	cumulus granulosa cell	cumulus granulosa cell	UBERON:0005170	granulosa cell layer	granulosa cell layer	1305	
CL:0000711	cumulus granulosa cell	cumulus granulosa cell	UBERON:0005170	granulosa cell layer	granulosa cell layer	1307	
CL:0000711	cumulus granulosa cell	cumulus granulosa cell	UBERON:0005170	granulosa cell layer	granulosa cell layer	1309	
CL:0000711	cumulus granulosa cell	cumulus granulosa cell	UBERON:0005170	granulosa cell layer	granulosa cell layer	1311	
CL:0000711	cumulus granulosa cell	cumulus granulosa cell	UBERON:0005170	granulosa cell layer	granulosa cell layer	1313	
CL:0000711	cumulus granulosa cell	cumulus granulosa cell	UBERON:0005170	granulosa cell layer	granulosa cell layer	1315	
CL:0000711	cumulus granulosa cell	cumulus granulosa cell	UBERON:0005170	granulosa cell layer	granulosa cell layer	1317	
CL:0000711	cumulus granulosa cell	cumulus granulosa cell	UBERON:0005170	granulosa cell layer	granulosa cell layer	1319	
CL:0000711	cumulus granulosa cell	cumulus granulosa cell	UBERON:0005170	granulosa cell layer	granulosa cell layer	1321	
CL:0000711	cumulus granulosa cell	cumulus granulosa cell	UBERON:0005170	granulosa cell layer	granulosa cell layer	1323	
CL:0000711	cumulus granulosa cell	cumulus granulosa cell	UBERON:0005170	granulosa cell layer	granulosa cell layer	1325	
CL:0000711	cumulus granulosa cell	cumulus granulosa cell	UBERON:0005170	granulosa cell layer	granulosa cell layer	1327	
CL:0000711	cumulus granulosa cell	cumulus granulosa cell	UBERON:0005170	granulosa cell layer	granulosa cell layer	1329	
CL:0000711	cumulus granulosa cell	cumulus granulosa cell	UBERON:0005170	granulosa cell layer	granulosa cell layer	1331	
CL:0000711	cumulus granulosa cell	cumulus granulosa cell	UBERON:0005170	granulosa cell layer	granulosa cell layer	1333	
CL:0000711	cumulus granulosa cell	cumulus granulosa cell	UBERON:0005170	granulosa cell layer	granulosa cell layer	1335	
CL:0000711	cumulus granulosa cell	cumulus granulosa cell	UBERON:0005170	granulosa cell layer	granulosa cell layer	1337	
CL:0000711	cumulus granulosa cell	cumulus granulosa cell	UBERON:0005170	granulosa cell layer	granulosa cell layer	1339	
CL:0000711	cumulus granulosa cell	cumulus granulosa cell	UBERON:0005170	granulosa cell layer	granulosa cell layer	1341	
CL:0000711	cumulus granulosa cell	cumulus granulosa cell	UBERON:0005170	granulosa cell layer	granulosa cell layer	1343	
CL:0000711	cumulus granulosa cell	cumulus granulosa cell	UBERON:0005170	granulosa cell layer	granulosa cell layer	1345	
CL:0000711	cumulus granulosa cell	cumulus granulosa cell	UBERON:0005170	granulosa cell layer	granulosa cell layer	1347	
CL:0000711	cumulus granulosa cell	cumulus granulosa cell	UBERON:0005170	granulosa cell layer	granulosa cell layer	1349	
CL:0000711	cumulus granulosa cell	cumulus granulosa cell	UBERON:0005170	granulosa cell layer	granulosa cell layer	1351	
CL:0000711	cumulus granulosa cell	cumulus granulosa cell	UBERON:0005170	granulosa cell layer	granulosa cell layer	1353	
CL:0000711	cumulus granulosa cell	cumulus granulosa cell	UBERON:0005170	granulosa cell layer	granulosa cell layer	1355	
CL:0000711	cumulus granulosa cell	cumulus granulosa cell	UBERON:0005170	granulosa cell layer	granulosa cell layer	1357	
CL:0000711	cumulus granulosa cell	cumulus granulosa cell	UBERON:0005170	granulosa cell layer	granulosa cell layer	1359	
CL:0000711	cumulus granulosa cell	cumulus granulosa cell	UBERON:0005170	granulosa cell layer	granulosa cell layer	1361	
CL:0000711	cumulus granulosa cell	cumulus granulosa cell	UBERON:0005170	granulosa cell layer	granulosa cell layer	1363	
CL:0000711	cumulus granulosa cell	cumulus granulosa cell	UBERON:0005170	granulosa cell layer	granulosa cell layer	1365	
CL:0000711	cumulus granulosa cell	cumulus granulosa cell	UBERON:0005170	granulosa cell layer	granulosa cell layer	1367	
CL:0000711	cumulus granulosa cell	cumulus granulosa cell	UBERON:0005170	granulosa cell layer	granulosa cell layer	1369	
CL:0000711	cumulus granulosa cell	cumulus granulosa cell	UBERON:0005170	granulosa cell layer	granulosa cell layer	1371	
CL:0000711	cumulus granulosa cell	cumulus granulosa cell	UBERON:0005170	granulosa cell layer	granulosa cell layer	1373	
CL:0000711	cumulus granulosa cell	cumulus granulosa cell	UBERON:0005170	granulosa cell layer	granulosa cell layer	1375	
CL:0000711	cumulus granulosa cell	cumulus granulosa cell	UBERON:0005170	granulosa cell layer	granulosa cell layer	1377	
CL:0000711	cumulus granulosa cell	cumulus granulosa cell	UBERON:0005170	granulosa cell layer	granulosa cell layer	1379	
CL:0000711	cumulus granulosa cell	cumulus granulosa cell	UBERON:0005170	granulosa cell layer	granulosa cell layer	1381	
CL:0000711	cumulus granulosa cell	cumulus granulosa cell	UBERON:0005170	granulosa cell layer	granulosa cell layer	1383	
CL:0000711	cumulus granulosa cell	cumulus granulosa cell	UBERON:0005170	granulosa cell layer	granulosa cell layer	1385	
CL:0000711	cumulus granulosa cell	cumulus granulosa cell	UBERON:0005170	granulosa cell layer	granulosa cell layer	1387	
CL:0000711	cumulus granulosa cell	cumulus granulosa cell	UBERON:0005170	granulosa cell layer	granulosa cell layer	1389	
CL:0000711	cumulus granulosa cell	cumulus granulosa cell	UBERON:0005170	granulosa cell layer	granulosa cell layer	1391	
CL:0000711	cumulus granulosa cell	cumulus granulosa cell	UBERON:0005170	granulosa cell layer	granulosa cell layer	1393	
CL:0000711	cumulus granulosa cell	cumulus granulosa cell	UBERON:0005170	granulosa cell layer	granulosa cell layer	1395	
CL:0000711	cumulus granulosa cell	cumulus granulosa cell	UBERON:0005170	granulosa cell layer	granulosa cell layer	1397	
CL:0000711	cumulus granulosa cell	cumulus granulosa cell	UBERON:0005170	granulosa cell layer	granulosa cell layer	1399	
CL:0000711	cumulus granulosa cell	cumulus granulosa cell	UBERON:0005170	granulosa cell layer	granulosa cell layer	1401	
CL:0000711	cumulus granulosa cell	cumulus granulosa cell	UBERON:0005170	granulosa cell layer	granulosa cell layer	1403	
CL:0000711	cumulus granulosa cell	cumulus granulosa cell	UBERON:0005170	granulosa cell layer	granulosa cell layer	1405	
CL:0000711	cumulus granulosa cell	cumulus granulosa cell	UBERON:0005170	granulosa cell layer	granulosa cell layer	1407	
CL:0000711	cumulus granulosa cell	cumulus granulosa cell	UBERON:0005170	granulosa cell layer	granulosa cell layer	1409	
CL:0000711	cumulus granulosa cell	cumulus granulosa cell	UBERON:0005170	granulosa cell layer	granulosa cell layer	1411	
CL:0000711	cumulus granulosa cell	cumulus granulosa cell	UBERON:0005170	granulosa cell layer	granulosa cell layer	1413	
CL:0000711	cumulus granulosa cell	cumulus granulosa cell	UBERON:0005170	granulosa cell layer	granulosa cell layer	1415	
CL:0000711	cumulus granulosa cell	cumulus granulosa cell	UBERON:0005170	granulosa cell layer	granulosa cell layer	1417	
CL:0000711	cumulus granulosa cell	cumulus granulosa cell	UBERON:0005170	granulosa cell layer	granulosa cell layer	1419	
CL:0000711	cumulus granulosa cell	cumulus granulosa cell	UBERON:0005170	granulosa cell layer	granulosa cell layer	1421	
CL:0000711	cumulus granulosa cell	cumulus granulosa cell	UBERON:0005170	granulosa cell layer	granulosa cell layer	1423	
CL:0000711	cumulus granulosa cell	cumulus granulosa cell	UBERON:0005170	granulosa cell layer	granulosa cell layer	1425	
CL:0000711	cumulus granulosa cell	cumulus granulosa cell	UBERON:0005170	granulosa cell layer	granulosa cell layer	1427	
CL:0000711	cumulus granulosa cell	cumulus granulosa cell	UBERON:0005170	granulosa cell layer	granulosa cell layer	1429	
CL:0000711	cumulus granulosa cell	cumulus granulosa cell	UBERON:0005170	granulosa cell layer	granulosa cell layer	1431	
CL:0000711	cumulus granulosa cell	cumulus granulosa cell	UBERON:0005170	granulosa cell layer	granulosa cell layer	1433	
CL:0000711	cumulus granulosa cell	cumulus granulosa cell	UBERON:0005170	granulosa cell layer	granulosa cell layer	1435	
CL:0000711	cumulus granulosa cell	cumulus granulosa cell	UBERON:0005170	granulosa cell layer	granulosa cell layer	1437	
CL:0000711	cumulus granulosa cell	cumulus granulosa cell	UBERON:0005170	granulosa cell layer	granulosa cell layer	1439	
CL:0000711	cumulus granulosa cell	cumulus granulosa cell	UBERON:0005170	granulosa cell layer	granulosa cell layer	1441	
CL:0000711	cumulus granulosa cell	cumulus granulosa cell	UBERON:0005170	granulosa cell layer	granulosa cell layer	1443	
CL:0000711	cumulus granulosa cell	cumulus granulosa cell	UBERON:0005170	granulosa cell layer	granulosa cell layer	1445	
CL:0000711	cumulus granulosa cell	cumulus granulosa cell	UBERON:0005170	granulosa cell layer	granulosa cell layer	1447	
CL:0000711	cumulus granulosa cell	cumulus granulosa cell	UBERON:0005170	granulosa cell layer	granulosa cell layer	1449	
CL:0000711	cumulus granulosa cell	cumulus granulosa cell	UBERON:0005170	granulosa cell layer	granulosa cell layer	1451	
CL:0000711	cumulus granulosa cell	cumulus granulosa cell	UBERON:0005170	granulosa cell layer	granulosa cell layer	1453	
CL:0000711	cumulus granulosa cell	cumulus granulosa cell	UBERON:0005170	granulosa cell layer	granulosa cell layer	1455	
CL:0000711	cumulus granulosa cell	cumulus granulosa cell	UBERON:0005170	granulosa cell layer	granulosa cell layer	1457	
CL:0000711	cumulus granulosa cell	cumulus granulosa cell	UBERON:0005170	granulosa cell layer	granulosa cell layer	1459	
CL:0000711	cumulus granulosa cell	cumulus granulosa cell	UBERON:0005170	granulosa cell layer	granulosa cell layer	1461	
CL:0000711	cumulus granulosa cell	cumulus granulosa cell	UBERON:0005170	granulosa cell layer	granulosa cell layer	1463	
CL:0000711	cumulus granulosa cell	cumulus granulosa cell	UBERON:0005170	granulosa cell layer	granulosa cell layer	1465	
CL:0000711	cumulus granulosa cell	cumulus granulosa cell	UBERON:0005170	granulosa cell layer	granulosa cell layer	1467	
CL:0000711	cumulus granulosa cell	cumulus granulosa cell	UBERON:0005170	granulosa cell layer	granulosa cell layer	1469	
CL:0000711	cumulus granulosa cell	cumulus granulosa cell	UBERON:0005170	granulosa cell layer	granulosa cell layer	1471	
CL:0000711	cumulus granulosa cell	cumulus granulosa cell	UBERON:0005170	granulosa cell layer	granulosa cell layer	1473	
CL:0000711	cumulus granulosa cell	cumulus granulosa cell	UBERON:0005170	granulosa cell layer	granulosa cell layer	1475	
CL:0000711	cumulus granulosa cell	cumulus granulosa cell	UBERON:0005170	granulosa cell layer	granulosa cell layer	1477	
CL:0000711	cumulus granulosa cell	cumulus granulosa cell	UBERON:0005170	granulosa cell layer	granulosa cell layer	1479	
CL:0000711	cumulus granulosa cell	cumulus granulosa cell	UBERON:0005170	granulosa cell layer	granulosa cell layer	1481	
CL:0000711	cumulus granulosa cell	cumulus granulosa cell	UBERON:0005170	granulosa cell layer	granulosa cell layer	1483	
CL:0000711	cumulus granulosa cell	cumulus granulosa cell	UBERON:0005170	granulosa cell layer	granulosa cell layer	1485	
CL:0000711	cumulus granulosa cell	cumulus granulosa cell	UBERON:0005170	granulosa cell layer	granulosa cell layer	1487	
CL:0000711	cumulus granulosa cell	cumulus granulosa cell	UBERON:0005170	granulosa cell layer	granulosa cell layer	1489	
CL:0000711	cumulus granulosa cell	cumulus granulosa cell	UBERON:0005170	granulosa cell layer	granulosa cell layer	1491	
CL:0000711	cumulus granulosa cell	cumulus granulosa cell	UBERON:0005170	granulosa cell layer	granulosa cell layer	1493	
CL:0000711	cumulus granulosa cell	cumulus granulosa cell	UBERON:0005170	granulosa cell layer	granulosa cell layer	1495	
CL:0000711	cumulus granulosa cell	cumulus granulosa cell	UBERON:0005170	granulosa cell layer	granulosa cell layer	1497	
CL:0000711	cumulus granulosa cell	cumulus granulosa cell	UBERON:0005170	granulosa cell layer	granulosa cell layer	1499	
CL:0000711	cumulus granulosa cell	cumulus granulosa cell	UBERON:0005170	granulosa cell layer	granulosa cell layer	1501	
CL:0000711	cumulus granulosa cell	cumulus granulosa cell	UBERON:0005170	granulosa cell layer	granulosa cell layer	1503	
CL:0000711	cumulus granulosa cell	cumulus granulosa cell	UBERON:0005170	granulosa cell layer	granulosa cell layer	1505	
CL:0000711	cumulus granulosa cell	cumulus granulosa cell	UBERON:0005170	granulosa cell layer	granulosa cell layer	1507	
CL:0000711	cumulus granulosa cell	cumulus granulosa cell	UBERON:0005170	granulosa cell layer	granulosa cell layer	1509	
CL:0000711	cumulus granulosa cell	cumulus granulosa cell	UBERON:0005170	granulosa cell layer	granulosa cell layer	1511	
CL:0000711	cumulus granulosa cell	cumulus granulosa cell	UBERON:0005170	granulosa cell layer	granulosa cell layer	1513	
CL:0000711	cumulus granulosa cell	cumulus granulosa cell	UBERON:0005170	granulosa cell layer	granulosa cell layer	1515	
CL:0000711	cumulus granulosa cell	cumulus granulosa cell	UBERON:0005170	granulosa cell layer	granulosa cell layer	1517	
